date,error,fee,fromCountry,fromTeamId,fromTeamName,id,mv,playerName,season,toCountry,toTeamId,toTeamName
"Jul 1, 2016",,Free transfer,Malta,10262.0,Birkirkara FC ,49664,50 Th. €,Matija Smrekar,16/17,,75.0,Unknown 
"Jan 28, 2016",,-,Malta,515.0,Unattached ,49664,50 Th. €,Matija Smrekar,15/16,,10262.0,Birkirkara FC 
"Mar 15, 2015",,-,Romania,8715.0,Pandurii T.-Jiu ,49664,50 Th. €,Matija Smrekar,14/15,,515.0,Unattached 
"Aug 31, 2014",,Free transfer,Slovenia,23253.0,NK Zavrc ,49664,200 Th. €,Matija Smrekar,14/15,Romania,8715.0,Pandurii T.-Jiu 
"Jan 14, 2014",,Free transfer,Slovenia,790.0,NK Maribor ,49664,200 Th. €,Matija Smrekar,13/14,Slovenia,23253.0,NK Zavrc 
"Jan 1, 2013",,-,Slovenia,515.0,Unattached ,49664,200 Th. €,Matija Smrekar,12/13,,790.0,NK Maribor 
"Jul 1, 2012",,-,Belgium,172.0,RSC Charleroi ,49664,200 Th. €,Matija Smrekar,12/13,,515.0,Unattached 
"Jul 1, 2011",,Free transfer,France,1081.0,CS Sedan ,49664,150 Th. €,Matija Smrekar,11/12,Belgium,172.0,RSC Charleroi 
"Jul 1, 2010",,100 Th. €,Croatia,599.0,NK Varazdin ,49664,800 Th. €,Matija Smrekar,10/11,France,1081.0,CS Sedan 
"Jul 1, 2007",,-,Croatia,14448.0,Varteks U19 ,49664,-,Matija Smrekar,07/08,Croatia,599.0,Varteks 
"Jul 1, 2015",,?,Slovenia,34512.0,NK Smarje ,237062,-,Ziga Vranicar,15/16,Austria,24918.0,Strass 
"Jan 1, 2015",,?,Austria,10979.0,Deutschlandsbg. ,237062,-,Ziga Vranicar,14/15,Slovenia,34512.0,NK Smarje 
"Jul 1, 2014",,?,Austria,42225.0,Steyeregg ,237062,75 Th. €,Ziga Vranicar,14/15,Austria,10979.0,Deutschlandsbg. 
"Jan 1, 2014",,Free transfer,Slovenia,34512.0,NK Smarje ,237062,75 Th. €,Ziga Vranicar,13/14,Austria,42225.0,Steyeregg 
"Jan 1, 2013",,Free transfer,Slovenia,11033.0,NK Aluminij ,237062,50 Th. €,Ziga Vranicar,12/13,Slovenia,34512.0,NK Smarje 
"Aug 1, 2012",,?,Slovenia,34512.0,NK Smarje ,237062,-,Ziga Vranicar,12/13,Slovenia,11033.0,NK Aluminij 
"Aug 31, 2015",,?,Slovenia,433.0,FC Koper ,216599,600 Th. €,Domen Crnigoj,15/16,Switzerland,2790.0,FC Lugano 
"Jul 1, 2012",,-,Slovenia,14965.0,FC Luka Koper U19 ,216599,-,Domen Crnigoj,12/13,Slovenia,433.0,FC Koper 
"Jul 1, 2015",,Free transfer,Slovenia,6248.0,NK Domzale ,261144,50 Th. €,Lan Tirc,15/16,,75.0,Unknown 
"Jul 1, 2013",,-,Slovenia,18030.0,NK Domzale U19 ,261144,-,Lan Tirc,13/14,Slovenia,6248.0,NK Domzale 
"Jan 21, 2013",,-,Slovenia,515.0,Unattached ,98844,75 Th. €,Nemanja Mitrovic,12/13,,4772.0,NK Olimpija 
"Jul 1, 2012",,-,Italy,14848.0,Bologna ,98844,75 Th. €,Nemanja Mitrovic,12/13,,515.0,Unattached 
"Aug 1, 2010",,2 Th. €,Italy,5380.0,Inter ,98844,50 Th. €,Nemanja Mitrovic,10/11,Italy,14848.0,Bologna 
"Jun 30, 2010",,End of loan,Italy,19114.0,Sassuolo ,98844,50 Th. €,Nemanja Mitrovic,09/10,Italy,5380.0,Inter 
"Jan 1, 2010",,Loan,Italy,5380.0,Inter ,98844,100 Th. €,Nemanja Mitrovic,09/10,Italy,19114.0,Sassuolo 
"Jul 1, 2009",,-,Italy,24432.0,Inter Youth ,98844,-,Nemanja Mitrovic,09/10,Italy,5380.0,Inter 
"Jan 1, 2009",,200 Th. €,Slovenia,14965.0,FC Luka Koper U19 ,98844,-,Nemanja Mitrovic,08/09,Italy,24432.0,Inter Youth 
"Jul 1, 2015",,Free transfer,Slovenia,21460.0,NK Radomlje ,163248,100 Th. €,Goran Vuk,15/16,Austria,36656.0,FC Poggersdorf 
"Jul 16, 2014",,?,Slovenia,6248.0,NK Domzale ,163248,150 Th. €,Goran Vuk,14/15,Slovenia,21460.0,NK Radomlje 
"Jul 1, 2012",,?,Slovenia,24939.0,NK Dob ,163248,200 Th. €,Goran Vuk,12/13,Slovenia,6248.0,NK Domzale 
"Jul 1, 2010",,?,Austria,35855.0,Rückersdorf ,163248,-,Goran Vuk,10/11,Slovenia,24939.0,NK Dob 
"Jul 1, 2008",,?,Slovenia,22369.0,NK Kamnik ,163248,-,Goran Vuk,08/09,Austria,35855.0,Rückersdorf 
,,,,,,183842,,,,,,
"Aug 14, 2014",,Free transfer,Slovenia,433.0,FC Koper ,60452,400 Th. €,Miroslav Covilo,14/15,Poland,5689.0,Cracovia Kraków 
"Jul 1, 2012",,?,Serbia,3140.0,Hajduk Kula ,60452,300 Th. €,Miroslav Covilo,12/13,Slovenia,433.0,FC Koper 
"Mar 1, 2012",,?,Serbia,15276.0,Spartak Sub. ,60452,300 Th. €,Miroslav Covilo,11/12,Serbia,3140.0,Hajduk Kula 
"Feb 1, 2012",,End of loan,Serbia,3140.0,Hajduk Kula ,60452,300 Th. €,Miroslav Covilo,11/12,Serbia,15276.0,Spartak Sub. 
"Jul 1, 2011",,Loan,Serbia,15276.0,Spartak Sub. ,60452,300 Th. €,Miroslav Covilo,11/12,Serbia,3140.0,Hajduk Kula 
"Jan 1, 2011",,Free transfer,Serbia,11044.0,Indjija ,60452,250 Th. €,Miroslav Covilo,10/11,Serbia,15276.0,Spartak Sub. 
"Jul 1, 2010",,?,Serbia,2388.0,FK Novi Sad ,60452,75 Th. €,Miroslav Covilo,10/11,Serbia,11044.0,Indjija 
"Aug 6, 2014",,?,Slovenia,17391.0,Gorica U19 ,183849,-,Bine Kavcic,14/15,Slovenia,17572.0,NK Tolmin 
,,,,,,112682,,,,,,
"Jul 1, 2013",,?,Slovenia,30050.0,ND Mura 05 U19 ,262699,-,Amadej Marosa,13/14,Slovenia,20118.0,Beltinci 
"Jan 1, 2015",,?,Brazil,75.0,Unknown ,214574,150 Th. €,Tom,14/15,,32532.0,Conquista-BA 
"Jul 1, 2013",,Free transfer,Slovenia,433.0,FC Koper ,214574,150 Th. €,Tom,13/14,,75.0,Unknown 
"Jul 19, 2012",,Free transfer,Italy,1627.0,Catania ,214574,75 Th. €,Tom,12/13,Slovenia,433.0,FC Koper 
"Jan 1, 2012",,?,Brazil,15925.0,Uberaba ,214574,-,Tom,11/12,Italy,1627.0,Catania 
"Jan 1, 2012",,Free transfer,Brazil,14390.0,Brusque ,214574,-,Tom,11/12,Brazil,15925.0,Uberaba 
"Jan 27, 2015",,Free transfer,Greece,169.0,Panionios ,132144,100 Th. €,Charis Kostakis,14/15,Greece,35476.0,AOT Alimos 
"Aug 30, 2013",,Free transfer,Slovenia,6248.0,NK Domzale ,132144,150 Th. €,Charis Kostakis,13/14,Greece,169.0,Panionios 
"Jan 9, 2013",,Free transfer,Greece,2671.0,PAS Giannina ,132144,200 Th. €,Charis Kostakis,12/13,Slovenia,6248.0,NK Domzale 
"Jul 1, 2012",,Free transfer,Greece,47.0,Iraklis ,132144,200 Th. €,Charis Kostakis,12/13,Greece,2671.0,PAS Giannina 
"Jan 1, 2012",,Free transfer,Czech Republic,5546.0,Mladá Boleslav ,132144,200 Th. €,Charis Kostakis,11/12,Greece,47.0,Iraklis 
"Jul 1, 2011",,-,Czech Republic,515.0,Unattached ,132144,200 Th. €,Charis Kostakis,11/12,,5546.0,Mladá Boleslav 
"Jan 1, 2011",,-,Greece,2670.0,Ethn. Piräus ,132144,200 Th. €,Charis Kostakis,10/11,,515.0,Unattached 
"Jul 1, 2009",,Free transfer,Netherlands,14954.0,SC Telstar U19 ,132144,-,Charis Kostakis,09/10,Greece,2670.0,Ethn. Piräus 
"Jul 1, 2007",,Free transfer,Netherlands,21969.0,AVV Zeeburgia ,132144,-,Charis Kostakis,07/08,Netherlands,14954.0,SC Telstar U19 
"Jul 1, 2006",,Free transfer,Netherlands,32791.0,Ajax Youth ,132144,-,Charis Kostakis,06/07,Netherlands,21969.0,AVV Zeeburgia 
"Sep 3, 2013",,Free transfer,Serbia,8819.0,Javor Ivanjica ,85049,150 Th. €,Nikola Ivanovic,13/14,Greece,33537.0,PFO Panopoulos 
"Feb 8, 2013",,Free transfer,Slovenia,710.0,NK Celje  ,85049,100 Th. €,Nikola Ivanovic,12/13,Serbia,8819.0,Javor Ivanjica 
"Aug 1, 2012",,?,Serbia,6621.0,FK Cukaricki ,85049,-,Nikola Ivanovic,12/13,Slovenia,710.0,NK Celje  
"Feb 1, 2012",,?,Serbia,75.0,Unknown ,85049,-,Nikola Ivanovic,11/12,,6621.0,FK Cukaricki 
"Jan 1, 2011",,?,Serbia,4645.0,Radnicki 1923 ,85049,-,Nikola Ivanovic,10/11,,75.0,Unknown 
"Jan 1, 2009",,?,Serbia,6622.0,Mladost Lucani ,85049,-,Nikola Ivanovic,08/09,Serbia,4645.0,Radnicki 1923 
"Jul 1, 2007",,?,Serbia,2209.0,Borac Cacak ,85049,-,Nikola Ivanovic,07/08,Serbia,6622.0,Mladost Lucani 
"Dec 18, 2015",,-,Vietnam,10756.0,Bec. Binh Duong ,46650,75 Th. €,Marko Simic,15/16,,515.0,Unattached 
"May 29, 2015",,Free transfer,Italy,21331.0,Pordenone  ,46650,75 Th. €,Marko Simic,14/15,Vietnam,10756.0,Bec. Binh Duong 
"Mar 27, 2015",,-,Italy,515.0,Unattached ,46650,200 Th. €,Marko Simic,14/15,,21331.0,Pordenone  
"Jan 1, 2015",,-,Croatia,918.0,Inter Zapresic ,46650,200 Th. €,Marko Simic,14/15,,515.0,Unattached 
"Oct 7, 2013",,-,Croatia,515.0,Unattached ,46650,200 Th. €,Marko Simic,13/14,,918.0,Inter Zapresic 
"Jul 1, 2013",,-,Slovenia,4059.0,Mura 05 ,46650,200 Th. €,Marko Simic,13/14,,515.0,Unattached 
"Mar 12, 2013",,-,Slovenia,515.0,Unattached ,46650,200 Th. €,Marko Simic,12/13,,4059.0,Mura 05 
"Dec 13, 2012",,-,Poland,716.0,GKS Belchatow ,46650,200 Th. €,Marko Simic,12/13,,515.0,Unattached 
"Nov 7, 2012",,-,Poland,515.0,Unattached ,46650,200 Th. €,Marko Simic,12/13,,716.0,GKS Belchatow 
"Jun 1, 2012",,-,Hungary,279.0,Ferencváros ,46650,200 Th. €,Marko Simic,11/12,,515.0,Unattached 
"Mar 1, 2012",,-,Hungary,515.0,Unattached ,46650,200 Th. €,Marko Simic,11/12,,279.0,Ferencváros 
"Jan 1, 2012",,-,Hungary,5378.0,Vasas SC ,46650,200 Th. €,Marko Simic,11/12,,515.0,Unattached 
"Jul 1, 2011",,?,Croatia,11194.0,NK Lokomotiva ,46650,200 Th. €,Marko Simic,11/12,Hungary,5378.0,Vasas SC 
"Jun 30, 2011",,End of loan,Croatia,25029.0,NK Sesvete ,46650,200 Th. €,Marko Simic,10/11,Croatia,11194.0,NK Lokomotiva 
"Feb 1, 2011",,Loan,Croatia,11194.0,NK Lokomotiva ,46650,200 Th. €,Marko Simic,10/11,Croatia,25029.0,NK Sesvete 
"Jul 1, 2009",,?,Russia,3719.0,Khimki ,46650,200 Th. €,Marko Simic,09/10,Croatia,11194.0,NK Lokomotiva 
"Dec 1, 2008",,End of loan,Latvia,9828.0,Daugavpils ,46650,200 Th. €,Marko Simic,08/09,Russia,3719.0,Khimki 
"Jan 1, 2008",,Loan,Russia,3719.0,Khimki ,46650,200 Th. €,Marko Simic,07/08,Latvia,9828.0,Daugavpils 
"Jul 1, 2007",,?,Croatia,14446.0,NK Zagreb U19 ,46650,-,Marko Simic,07/08,Russia,3719.0,Khimki 
"Feb 22, 2016",,?,Croatia,12109.0,NK Lucko ,259133,75 Th. €,Dorijan Ozvald,15/16,Croatia,23097.0,NK Zelina 
"Aug 7, 2015",,Free transfer,Luxembourg,9283.0,E. Ettelbrück ,259133,75 Th. €,Dorijan Ozvald,15/16,Croatia,12109.0,NK Lucko 
"Jan 29, 2015",,Free transfer,Croatia,11195.0,NK Zagorec ,259133,50 Th. €,Dorijan Ozvald,14/15,Luxembourg,9283.0,E. Ettelbrück 
"Aug 16, 2013",,?,Slovenia,11033.0,NK Aluminij ,259133,50 Th. €,Dorijan Ozvald,13/14,Croatia,11195.0,NK Zagorec 
"Jan 31, 2013",,?,Slovenia,11966.0,Ivancna Gorica ,259133,-,Dorijan Ozvald,12/13,Slovenia,11033.0,NK Aluminij 
"Jan 1, 2011",,Free transfer,Croatia,37634.0,NK Mraclin ,259133,-,Dorijan Ozvald,10/11,Slovenia,11966.0,Ivancna Gorica 
"Jul 1, 2012",,?,Slovenia,11033.0,NK Aluminij ,180805,75 Th. €,Zan Majer,12/13,Slovenia,6248.0,NK Domzale 
"Jan 1, 2016",,-,United States,33414.0,Arizona United ,33359,50 Th. €,Romeo Filipovic,15/16,,515.0,Unattached 
"Jul 30, 2015",,Free transfer,United States,31068.0,OC Blues FC ,33359,50 Th. €,Romeo Filipovic,15/16,United States,33414.0,Arizona United 
"Apr 1, 2015",,Free transfer,Poland,26564.0,Grudziadz ,33359,50 Th. €,Romeo Filipovic,14/15,United States,31068.0,OC Blues FC 
"Sep 26, 2014",,Free transfer,Croatia,9074.0,NK Imotski ,33359,200 Th. €,Romeo Filipovic,14/15,Poland,26564.0,Grudziadz 
"Aug 27, 2013",,-,Croatia,515.0,Unattached ,33359,200 Th. €,Romeo Filipovic,13/14,,9074.0,NK Imotski 
"Jan 1, 2013",,-,Slovenia,433.0,FC Koper ,33359,200 Th. €,Romeo Filipovic,12/13,,515.0,Unattached 
"Aug 1, 2012",,?,Switzerland,5495.0,Mendrisio ,33359,200 Th. €,Romeo Filipovic,12/13,Slovenia,433.0,FC Koper 
"Jan 1, 2012",,Free transfer,Bosnia-Herzegovina,5405.0,Sloboda Tuzla ,33359,50 Th. €,Romeo Filipovic,11/12,Switzerland,5495.0,Mendrisio 
"Aug 1, 2011",,Free transfer,Croatia,10314.0,Karlovac 1919 ,33359,50 Th. €,Romeo Filipovic,11/12,Bosnia-Herzegovina,5405.0,Sloboda Tuzla 
"Jan 1, 2011",,Free transfer,Indonesia,26642.0,Bontang FC ,33359,100 Th. €,Romeo Filipovic,10/11,Croatia,10314.0,Karlovac 1919 
"Jan 1, 2010",,Free transfer,Scotland,1192.0,Ayr United ,33359,100 Th. €,Romeo Filipovic,09/10,Indonesia,26642.0,Bontang FC 
"Oct 1, 2009",,Free transfer,Romania,1007.0,Uni. Craiova ,33359,100 Th. €,Romeo Filipovic,09/10,Scotland,1192.0,Ayr United 
"Jul 1, 2008",,Free transfer,Bosnia-Herzegovina,2573.0,Zeljeznicar ,33359,100 Th. €,Romeo Filipovic,08/09,Romania,1007.0,Uni. Craiova 
"Jan 1, 2008",,Free transfer,Jordan,22722.0,Al-Ahli ,33359,-,Romeo Filipovic,07/08,Bosnia-Herzegovina,2573.0,Zeljeznicar 
"Jul 1, 2007",,Free transfer,Austria,414.0,SV Spittal ,33359,-,Romeo Filipovic,07/08,Jordan,22722.0,Al-Ahli 
"Jan 1, 2007",,Free transfer,Romania,1007.0,Uni. Craiova ,33359,-,Romeo Filipovic,06/07,Austria,414.0,SV Spittal 
"Jul 1, 2006",,Free transfer,Germany,4840.0,VfB Homberg ,33359,-,Romeo Filipovic,06/07,Romania,1007.0,Uni. Craiova 
"Jul 1, 2005",,Free transfer,Germany,2758.0,Duisburg U19 ,33359,-,Romeo Filipovic,05/06,Germany,4840.0,VfB Homberg 
"Jan 1, 2016",,?,Slovenia,17572.0,NK Tolmin ,182371,50 Th. €,Alessio Codromaz,15/16,Italy,46664.0,Cjarlins Muzane 
"Aug 5, 2015",,?,Slovenia,5862.0,ND Gorica ,182371,50 Th. €,Alessio Codromaz,15/16,Slovenia,17572.0,NK Tolmin 
"Jun 30, 2015",,End of loan,Slovenia,17572.0,NK Tolmin ,182371,50 Th. €,Alessio Codromaz,14/15,Slovenia,5862.0,ND Gorica 
"Aug 31, 2014",,Loan,Slovenia,5862.0,ND Gorica ,182371,75 Th. €,Alessio Codromaz,14/15,Slovenia,17572.0,NK Tolmin 
"Jul 1, 2013",,-,Slovenia,17391.0,Gorica U19 ,182371,50 Th. €,Alessio Codromaz,13/14,Slovenia,5862.0,ND Gorica 
"Aug 28, 2012",,?,Italy,14925.0,Vicenza ,182371,50 Th. €,Alessio Codromaz,12/13,Slovenia,17391.0,Gorica U19 
"Jul 1, 2011",,-,Italy,29471.0,Vicenza Jugend ,182371,-,Alessio Codromaz,11/12,Italy,14925.0,Vicenza 
"Jul 3, 2015",,Free transfer,Bosnia-Herzegovina,25613.0,NK Podgrmec  ,121974,125 Th. €,Dragoslav Stakic,15/16,Bosnia-Herzegovina,36515.0,NK Metalleghe  
"Jan 28, 2015",,?,Bosnia-Herzegovina,24197.0,Rudar Prijedor ,121974,150 Th. €,Dragoslav Stakic,14/15,Bosnia-Herzegovina,25613.0,NK Podgrmec  
"Jul 1, 2013",,Free transfer,Slovenia,789.0,Rudar Velenje ,121974,200 Th. €,Dragoslav Stakic,13/14,Bosnia-Herzegovina,24197.0,Rudar Prijedor 
"Jul 1, 2012",,Free transfer,Bosnia-Herzegovina,3900.0,B. Banja Luka ,121974,350 Th. €,Dragoslav Stakic,12/13,Slovenia,789.0,Rudar Velenje 
"Feb 1, 2011",,Free transfer,Bosnia-Herzegovina,24197.0,Rudar Prijedor ,121974,100 Th. €,Dragoslav Stakic,10/11,Bosnia-Herzegovina,3900.0,B. Banja Luka 
"Dec 3, 2015",,?,Italy,10348.0,Gallipoli ,88695,150 Th. €,Jean Mbida,15/16,Italy,4093.0,Taranto 
"Dec 11, 2014",,?,Italy,22338.0,Terracina ,88695,150 Th. €,Jean Mbida,14/15,Italy,10348.0,Gallipoli 
"Jul 1, 2014",,?,Italy,41906.0,Thermal Abano ,88695,150 Th. €,Jean Mbida,14/15,Italy,22338.0,Terracina 
"Jan 4, 2014",,90 Th. €,Italy,1627.0,Catania ,88695,150 Th. €,Jean Mbida,13/14,Italy,41906.0,Thermal Abano 
"Jun 30, 2013",,End of loan,Slovenia,5862.0,ND Gorica ,88695,150 Th. €,Jean Mbida,12/13,Italy,1627.0,Catania 
"Aug 6, 2012",,Loan,Italy,1627.0,Catania ,88695,50 Th. €,Jean Mbida,12/13,Slovenia,5862.0,ND Gorica 
"Aug 2, 2012",,Free transfer,Italy,2655.0,Vicenza ,88695,50 Th. €,Jean Mbida,12/13,Italy,1627.0,Catania 
"Jun 30, 2012",,End of loan,Italy,9528.0,AC Montichiari ,88695,50 Th. €,Jean Mbida,11/12,Italy,2655.0,Vicenza 
"Jan 1, 2012",,Loan,Italy,2655.0,Vicenza ,88695,75 Th. €,Jean Mbida,11/12,Italy,9528.0,AC Montichiari 
"Jun 30, 2011",,End of loan,Italy,13562.0,Savona ,88695,50 Th. €,Jean Mbida,10/11,Italy,2655.0,Vicenza 
"Aug 1, 2010",,Loan,Italy,2655.0,Vicenza ,88695,50 Th. €,Jean Mbida,10/11,Italy,13562.0,Savona 
"Jun 1, 2010",,?,Italy,5380.0,Inter ,88695,50 Th. €,Jean Mbida,09/10,Italy,2655.0,Vicenza 
"Dec 31, 2009",,End of loan,Italy,1047.0,Como ,88695,-,Jean Mbida,09/10,Italy,5380.0,Inter 
"Jul 1, 2009",,Loan,Italy,5380.0,Inter ,88695,-,Jean Mbida,09/10,Italy,1047.0,Como 
"Jul 1, 2008",,?,Italy,14925.0,Vicenza ,88695,-,Jean Mbida,08/09,Italy,5380.0,Inter 
"Aug 30, 2013",,-,Croatia,515.0,Unattached ,49787,50 Th. €,Marko Juric,13/14,,32708.0,NK Funtana 
"Jan 1, 2013",,-,Slovenia,4059.0,Mura 05 ,49787,50 Th. €,Marko Juric,12/13,,515.0,Unattached 
"Aug 31, 2012",,?,Croatia,32708.0,NK Funtana ,49787,50 Th. €,Marko Juric,12/13,Slovenia,4059.0,Mura 05 
"Aug 26, 2011",,?,Croatia,8332.0,Jadran Porec ,49787,50 Th. €,Marko Juric,11/12,Croatia,32708.0,NK Funtana 
"Mar 25, 2011",,?,Slovenia,12908.0,NK Krka ,49787,50 Th. €,Marko Juric,10/11,Croatia,8332.0,Jadran Porec 
"Jul 1, 2010",,?,Bosnia-Herzegovina,22786.0,HNK Capljina ,49787,50 Th. €,Marko Juric,10/11,Slovenia,12908.0,NK Krka 
"Jan 1, 2010",,Free transfer,Bosnia-Herzegovina,5405.0,Sloboda Tuzla ,49787,50 Th. €,Marko Juric,09/10,Bosnia-Herzegovina,22786.0,HNK Capljina 
"Jan 1, 2009",,?,Croatia,20893.0,NK Vrsar ,49787,-,Marko Juric,08/09,Bosnia-Herzegovina,5405.0,Sloboda Tuzla 
"Jan 1, 2008",,?,Croatia,11038.0,NK Zminj ,49787,-,Marko Juric,07/08,Croatia,20893.0,NK Vrsar 
"Jan 24, 2016",,Free transfer,Norway,2761.0,FK Haugesund ,49790,100 Th. €,Nikola Komazec,15/16,Georgia,11344.0,Dinamo Batumi 
"Jul 31, 2015",,End of loan,Thailand,25446.0,Pattaya Utd ,49790,300 Th. €,Nikola Komazec,15/16,Norway,2761.0,FK Haugesund 
"Jan 28, 2015",,Loan,Norway,2761.0,FK Haugesund ,49790,300 Th. €,Nikola Komazec,14/15,Thailand,25446.0,Pattaya Utd 
"Jul 30, 2014",,?,"Korea, South",2582.0,Busan ,49790,350 Th. €,Nikola Komazec,14/15,Norway,2761.0,FK Haugesund 
"Jan 17, 2014",,Free transfer,Bosnia-Herzegovina,282.0,FK Sarajevo ,49790,350 Th. €,Nikola Komazec,13/14,"Korea, South",2582.0,Busan 
"Jul 23, 2013",,?,Thailand,34853.0,Suphanburi FC ,49790,350 Th. €,Nikola Komazec,13/14,Bosnia-Herzegovina,282.0,FK Sarajevo 
"Feb 10, 2013",,?,Slovenia,790.0,NK Maribor ,49790,350 Th. €,Nikola Komazec,12/13,Thailand,34853.0,Suphanburi FC 
"Jul 1, 2012",,Free transfer,Romania,9465.0,Petr. Ploiesti ,49790,350 Th. €,Nikola Komazec,12/13,Slovenia,790.0,NK Maribor 
"Jul 1, 2011",,?,Serbia,3140.0,Hajduk Kula ,49790,350 Th. €,Nikola Komazec,11/12,Romania,9465.0,Petr. Ploiesti 
"Jul 1, 2013",,?,Slovenia,4059.0,Mura 05 ,233608,50 Th. €,Denis Barbic,13/14,Austria,32175.0,USV Mettersdorf 
"Jul 17, 2015",,-,Hungary,279.0,Ferencváros ,24721,400 Th. €,Stanley Aborah,15/16,England,1045.0,Notts County 
"Feb 20, 2013",,Free transfer,Slovenia,4059.0,Mura 05 ,24721,400 Th. €,Stanley Aborah,12/13,Hungary,279.0,Ferencváros 
"Aug 31, 2012",,Free transfer,Netherlands,499.0,Vitesse ,24721,500 Th. €,Stanley Aborah,12/13,Slovenia,4059.0,Mura 05 
"Sep 1, 2011",,-,Belgium,8427.0,Royal Cappellen FC ,24721,275 Th. €,Stanley Aborah,11/12,Netherlands,499.0,Vitesse 
"Jan 1, 2011",,-,Belgium,515.0,Unattached ,24721,275 Th. €,Stanley Aborah,10/11,,8427.0,Royal Cappellen FC 
"Oct 1, 2010",,-,England,2814.0,Gillingham FC ,24721,275 Th. €,Stanley Aborah,10/11,,515.0,Unattached 
"Aug 1, 2010",,Free transfer,Slovakia,7918.0,AS Trencin ,24721,275 Th. €,Stanley Aborah,10/11,England,2814.0,Gillingham FC 
"Jan 1, 2010",,Free transfer,Netherlands,404.0,FC Den Bosch ,24721,275 Th. €,Stanley Aborah,09/10,Slovakia,7918.0,AS Trencin 
"Jul 1, 2007",,Free transfer,Belgium,9010.0,FCV Dender EH ,24721,200 Th. €,Stanley Aborah,07/08,Netherlands,404.0,FC Den Bosch 
"Aug 1, 2006",,Free transfer,Netherlands,610.0,AFC Ajax ,24721,200 Th. €,Stanley Aborah,06/07,Belgium,9010.0,FCV Dender EH 
"Jul 1, 2006",,-,Netherlands,404.0,FC Den Bosch ,24721,200 Th. €,Stanley Aborah,06/07,Netherlands,610.0,AFC Ajax 
"Jan 1, 2006",,?,Netherlands,610.0,AFC Ajax ,24721,200 Th. €,Stanley Aborah,05/06,Netherlands,404.0,FC Den Bosch 
"Jul 1, 2004",,-,Netherlands,2824.0,Ajax U19 ,24721,-,Stanley Aborah,04/05,Netherlands,610.0,AFC Ajax 
"Jan 1, 2016",,"3,30 Mill. €",Slovenia,4772.0,NK Olimpija ,179860,"1,00 Mill. €",Andraz Sporar,15/16,Switzerland,26.0,FC Basel 
"Jul 1, 2012",,?,Slovenia,11006.0,NK Interblock ,179860,250 Th. €,Andraz Sporar,12/13,Slovenia,4772.0,NK Olimpija 
"Jul 1, 2011",,-,Slovenia,19416.0,Interblock U19 ,179860,-,Andraz Sporar,11/12,Slovenia,11006.0,NK Interblock 
"Jan 1, 2013",,-,Slovenia,4772.0,NK Olimpija ,61079,-,Iñigo Sarasola,12/13,,123.0,End of career 
"Jul 1, 2012",,Free transfer,Spain,11608.0,SD Beasain ,61079,-,Iñigo Sarasola,12/13,Slovenia,4772.0,NK Olimpija 
"Jul 1, 2011",,Free transfer,Spain,681.0,Real Sociedad ,61079,-,Iñigo Sarasola,11/12,Spain,11608.0,SD Beasain 
"Jun 30, 2011",,End of loan,Spain,12405.0,Real Unión ,61079,-,Iñigo Sarasola,10/11,Spain,681.0,Real Sociedad 
"Jul 1, 2010",,Loan,Spain,681.0,Real Sociedad ,61079,200 Th. €,Iñigo Sarasola,10/11,Spain,12405.0,Real Unión 
"Jul 1, 2009",,-,Spain,9899.0,Real Sociedad B ,61079,-,Iñigo Sarasola,09/10,Spain,681.0,Real Sociedad 
"Jul 15, 2015",,?,Austria,33955.0,USV Hof ,271515,-,Marcel Vindis,15/16,Austria,22642.0,Jagerberg 
"Jan 1, 2015",,?,Slovenia,32345.0,NK Podvinci ,271515,-,Marcel Vindis,14/15,Austria,33955.0,USV Hof 
"Aug 1, 2014",,?,Austria,5192.0,FC Gratkorn ,271515,-,Marcel Vindis,14/15,Slovenia,32345.0,NK Podvinci 
"Jan 1, 2014",,?,Slovenia,11033.0,NK Aluminij ,271515,50 Th. €,Marcel Vindis,13/14,Austria,5192.0,FC Gratkorn 
"Dec 31, 2013",,End of loan,Slovenia,3566.0,NK Smartno 1928 ,271515,50 Th. €,Marcel Vindis,13/14,Slovenia,11033.0,NK Aluminij 
"Aug 9, 2013",,Loan,Slovenia,11033.0,NK Aluminij ,271515,-,Marcel Vindis,13/14,Slovenia,3566.0,NK Smartno 1928 
"Jan 1, 2016",,-,Italy,515.0,Unattached ,61596,75 Th. €,Daniel Bradaschia,15/16,,4271.0,Triestina 
"Jul 1, 2015",,-,Italy,4541.0,UC AlbinoLeffe ,61596,75 Th. €,Daniel Bradaschia,15/16,,515.0,Unattached 
"Jan 23, 2015",,?,Italy,13517.0,US Darfo Boario SSD ,61596,75 Th. €,Daniel Bradaschia,14/15,Italy,4541.0,UC AlbinoLeffe 
"Dec 1, 2014",,-,Slovenia,433.0,FC Koper ,61596,75 Th. €,Daniel Bradaschia,14/15,,515.0,Unattached 
"Dec 25, 2014",,-,Italy,515.0,Unattached ,61596,75 Th. €,Daniel Bradaschia,14/15,,13517.0,US Darfo Boario SSD 
"Jul 1, 2014",,?,Italy,13517.0,US Darfo Boario SSD ,61596,300 Th. €,Daniel Bradaschia,14/15,Slovenia,433.0,FC Koper 
"Feb 3, 2014",,-,Italy,515.0,Unattached ,61596,300 Th. €,Daniel Bradaschia,13/14,,13517.0,US Darfo Boario SSD 
"Jul 1, 2013",,-,Slovenia,433.0,FC Koper ,61596,300 Th. €,Daniel Bradaschia,13/14,,515.0,Unattached 
"Oct 25, 2012",,gratuito,Italy,4093.0,Taranto ,61596,250 Th. €,Daniel Bradaschia,12/13,Slovenia,433.0,FC Koper 
"Jan 1, 2012",,?,Italy,4103.0,Lumezzane ,61596,275 Th. €,Daniel Bradaschia,11/12,Italy,4093.0,Taranto 
"Jul 1, 2009",,170 Th. €,Italy,10959.0,Udinese U19 ,61596,100 Th. €,Daniel Bradaschia,09/10,Italy,4103.0,Lumezzane 
"Jul 1, 2008",,300 Th. €,Italy,14847.0,Treviso ,61596,-,Daniel Bradaschia,08/09,Italy,10959.0,Udinese U19 
"Jul 1, 2014",,?,Austria,23967.0,Heiligenkreuz ,31393,-,Sandro Bloudek,14/15,Austria,32175.0,USV Mettersdorf 
"Jan 31, 2014",,Free transfer,Slovenia,11033.0,NK Aluminij ,31393,100 Th. €,Sandro Bloudek,13/14,Austria,23967.0,Heiligenkreuz 
"Jan 24, 2013",,Free transfer,Bosnia-Herzegovina,1242.0,Siroki Brijeg ,31393,100 Th. €,Sandro Bloudek,12/13,Slovenia,11033.0,NK Aluminij 
"Jul 1, 2012",,Free transfer,Netherlands,385.0,Fortuna Sittard ,31393,100 Th. €,Sandro Bloudek,12/13,Bosnia-Herzegovina,1242.0,Siroki Brijeg 
"Mar 1, 2012",,-,Netherlands,515.0,Unattached ,31393,300 Th. €,Sandro Bloudek,11/12,,385.0,Fortuna Sittard 
"Jul 1, 2011",,-,Belgium,2727.0,OH Leuven ,31393,300 Th. €,Sandro Bloudek,11/12,,515.0,Unattached 
"Aug 1, 2010",,Free transfer,Croatia,223.0,HNK Sibenik ,31393,300 Th. €,Sandro Bloudek,10/11,Belgium,2727.0,OH Leuven 
"Aug 1, 2009",,Free transfer,Croatia,599.0,Varteks ,31393,350 Th. €,Sandro Bloudek,09/10,Croatia,223.0,HNK Sibenik 
"Jul 1, 2009",,Free transfer,Italy,5.0,AC Milan ,31393,350 Th. €,Sandro Bloudek,09/10,Croatia,599.0,Varteks 
"Jun 30, 2009",,End of loan,Croatia,599.0,Varteks ,31393,350 Th. €,Sandro Bloudek,08/09,Italy,5.0,AC Milan 
"Aug 1, 2008",,Loan,Italy,5.0,AC Milan ,31393,300 Th. €,Sandro Bloudek,08/09,Croatia,599.0,Varteks 
"Jun 30, 2008",,End of loan,Switzerland,510.0,FC Chiasso ,31393,300 Th. €,Sandro Bloudek,07/08,Italy,5.0,AC Milan 
"Feb 1, 2008",,Loan,Italy,5.0,AC Milan ,31393,750 Th. €,Sandro Bloudek,07/08,Switzerland,510.0,FC Chiasso 
"Dec 31, 2007",,End of loan,Italy,5514.0,Lecco ,31393,750 Th. €,Sandro Bloudek,07/08,Italy,5.0,AC Milan 
"Jul 1, 2007",,Loan,Italy,5.0,AC Milan ,31393,-,Sandro Bloudek,07/08,Italy,5514.0,Lecco 
"Jun 30, 2007",,End of loan,Italy,2239.0,Cremonese ,31393,-,Sandro Bloudek,06/07,Italy,5.0,AC Milan 
"Jan 1, 2007",,Loan,Italy,5.0,AC Milan ,31393,-,Sandro Bloudek,06/07,Italy,2239.0,Cremonese 
"Dec 1, 2006",,End of loan,Italy,1307.0,Pistoiese ,31393,-,Sandro Bloudek,06/07,Italy,5.0,AC Milan 
"Jul 1, 2006",,Loan,Italy,5.0,AC Milan ,31393,-,Sandro Bloudek,06/07,Italy,1307.0,Pistoiese 
"Jul 1, 2004",,Free transfer,Slovenia,18031.0,NK Maribor U19 ,31393,-,Sandro Bloudek,04/05,Italy,5.0,AC Milan 
"Feb 27, 2016",,?,Thailand,25446.0,Pattaya Utd ,92322,450 Th. €,Milan Bubalo,15/16,Thailand,6726.0,BEC Tero Sasana 
"Jul 1, 2014",,?,Thailand,21283.0,Muangthong Utd ,92322,450 Th. €,Milan Bubalo,14/15,Thailand,25446.0,Pattaya Utd 
"Jan 2, 2014",,?,"Korea, South",16696.0,Gyeongnam FC ,92322,450 Th. €,Milan Bubalo,13/14,Thailand,21283.0,Muangthong Utd 
"Mar 13, 2013",,?,Serbia,3140.0,Hajduk Kula ,92322,450 Th. €,Milan Bubalo,12/13,"Korea, South",16696.0,Gyeongnam FC 
"Jan 1, 2013",,Free transfer,Slovenia,433.0,FC Koper ,92322,450 Th. €,Milan Bubalo,12/13,Serbia,3140.0,Hajduk Kula 
"Jul 1, 2012",,?,Serbia,3140.0,Hajduk Kula ,92322,450 Th. €,Milan Bubalo,12/13,Slovenia,433.0,FC Koper 
"Jul 1, 2011",,?,Serbia,11044.0,Indjija ,92322,450 Th. €,Milan Bubalo,11/12,Serbia,3140.0,Hajduk Kula 
"Jul 1, 2008",,Free transfer,Spain,1050.0,Villarreal CF ,92322,-,Milan Bubalo,08/09,Serbia,11044.0,Indjija 
"Jul 16, 2014",,?,Slovenia,5862.0,ND Gorica ,198821,75 Th. €,Robi Jakovljevic,14/15,Slovenia,21460.0,NK Radomlje 
"Jul 1, 2012",,-,Slovenia,17391.0,Gorica U19 ,198821,-,Robi Jakovljevic,12/13,Slovenia,5862.0,ND Gorica 
"Jun 30, 2016",,End of loan,Slovenia,17136.0,NK Krsko ,183836,300 Th. €,Dino Hotic,15/16,Slovenia,790.0,NK Maribor 
"Jan 11, 2016",,Loan,Slovenia,790.0,NK Maribor ,183836,250 Th. €,Dino Hotic,15/16,Slovenia,17136.0,NK Krsko 
"Jun 30, 2014",,End of loan,Slovenia,27325.0,Verzej ,183836,100 Th. €,Dino Hotic,13/14,Slovenia,790.0,NK Maribor 
"Jul 20, 2013",,Loan,Slovenia,790.0,NK Maribor ,183836,-,Dino Hotic,13/14,Slovenia,27325.0,Verzej 
"Jul 1, 2013",,-,Slovenia,18031.0,NK Maribor U19 ,183836,-,Dino Hotic,13/14,Slovenia,790.0,NK Maribor 
"Jul 1, 2011",,?,Slovenia,30051.0,NK Bravo Ljubljana U19 ,183836,-,Dino Hotic,11/12,Slovenia,18031.0,NK Maribor U19 
"Jul 13, 2012",,Free transfer,Croatia,223.0,HNK Sibenik ,110267,850 Th. €,Zeni Husmani,12/13,Slovenia,6248.0,NK Domzale 
"Jan 1, 2009",,-,Croatia,14481.0,HNK Sibenik U19 ,110267,-,Zeni Husmani,08/09,Croatia,223.0,HNK Sibenik 
"Jul 1, 2007",,-,Croatia,36346.0,HNK Sibenik U17 ,110267,-,Zeni Husmani,07/08,Croatia,14481.0,HNK Sibenik U19 
"Jul 1, 2005",,?,Croatia,21173.0,NK Dinara Knin ,110267,-,Zeni Husmani,05/06,Croatia,36346.0,HNK Sibenik U17 
"Jul 1, 2012",,Free transfer,Slovenia,3566.0,NK Smartno 1928 ,85622,50 Th. €,Senad Jahic,12/13,Slovenia,789.0,Rudar Velenje 
"Jan 1, 2010",,Free transfer,Slovenia,19107.0,NK MU Sentjur ,85622,50 Th. €,Senad Jahic,09/10,Slovenia,3566.0,NK Smartno 1928 
"Aug 1, 2009",,Free transfer,Slovenia,789.0,Rudar Velenje ,85622,50 Th. €,Senad Jahic,09/10,Slovenia,19107.0,NK MU Sentjur 
"Jun 30, 2009",,End of loan,Slovenia,3566.0,NK Smartno 1928 ,85622,50 Th. €,Senad Jahic,08/09,Slovenia,789.0,Rudar Velenje 
"Feb 1, 2009",,Loan,Slovenia,789.0,Rudar Velenje ,85622,50 Th. €,Senad Jahic,08/09,Slovenia,3566.0,NK Smartno 1928 
"Dec 31, 2008",,End of loan,Slovenia,17136.0,NK Krsko ,85622,50 Th. €,Senad Jahic,08/09,Slovenia,789.0,Rudar Velenje 
"Jul 1, 2008",,Loan,Slovenia,789.0,Rudar Velenje ,85622,-,Senad Jahic,08/09,Slovenia,17136.0,NK Krsko 
"Jul 1, 2015",,Free transfer,Austria,18140.0,ATSV Wolfsberg ,216777,-,Josip Mlinaric,15/16,,75.0,Unknown 
"Jan 1, 2015",,Free transfer,Croatia,25634.0,NK Dugo Selo ,216777,50 Th. €,Josip Mlinaric,14/15,Austria,18140.0,ATSV Wolfsberg 
"Sep 5, 2014",,Free transfer,Croatia,485.0,Hrv Dragovoljac ,216777,50 Th. €,Josip Mlinaric,14/15,Croatia,25634.0,NK Dugo Selo 
"Jul 25, 2014",,Free transfer,Croatia,22562.0,NK Kurilovec ,216777,50 Th. €,Josip Mlinaric,14/15,Croatia,485.0,Hrv Dragovoljac 
"Aug 17, 2013",,Free transfer,Croatia,24575.0,HNK Gorica ,216777,50 Th. €,Josip Mlinaric,13/14,Croatia,22562.0,NK Kurilovec 
"Aug 6, 2013",,?,Slovenia,4059.0,Mura 05 ,216777,50 Th. €,Josip Mlinaric,13/14,Croatia,24575.0,HNK Gorica 
"Feb 23, 2013",,Free transfer,Croatia,918.0,Inter Zapresic ,216777,-,Josip Mlinaric,12/13,Slovenia,4059.0,Mura 05 
"Jan 1, 2013",,End of loan,Croatia,22562.0,NK Kurilovec ,216777,-,Josip Mlinaric,12/13,Croatia,918.0,Inter Zapresic 
"Sep 7, 2012",,Loan,Croatia,918.0,Inter Zapresic ,216777,-,Josip Mlinaric,12/13,Croatia,22562.0,NK Kurilovec 
"Jul 13, 2012",,Free transfer,Croatia,24575.0,HNK Gorica ,216777,-,Josip Mlinaric,12/13,Croatia,918.0,Inter Zapresic 
"Feb 17, 2012",,?,Bosnia-Herzegovina,6808.0,Zrinjski Mostar ,216777,-,Josip Mlinaric,11/12,Croatia,24575.0,HNK Gorica 
"Jul 1, 2011",,Free transfer,Croatia,14446.0,NK Zagreb U19 ,216777,-,Josip Mlinaric,11/12,Bosnia-Herzegovina,6808.0,Zrinjski Mostar 
"Jul 1, 2012",,?,Slovenia,11006.0,NK Interblock ,165579,-,Blaz Vrhovec,12/13,Slovenia,710.0,NK Celje  
"Jul 1, 2011",,-,Slovenia,19416.0,Interblock U19 ,165579,-,Blaz Vrhovec,11/12,Slovenia,11006.0,NK Interblock 
"Feb 12, 2016",,?,Czech Republic,5225.0,Zbrojovka Brno ,248307,150 Th. €,Bostjan Frelih,15/16,Croatia,918.0,Inter Zapresic 
"Jul 1, 2015",,?,Slovenia,17136.0,NK Krsko ,248307,50 Th. €,Bostjan Frelih,15/16,Czech Republic,5225.0,Zbrojovka Brno 
"Aug 9, 2014",,?,Slovenia,5862.0,ND Gorica ,248307,50 Th. €,Bostjan Frelih,14/15,Slovenia,17136.0,NK Krsko 
"Jun 30, 2014",,End of loan,Slovenia,21411.0,Adria Miren ,248307,50 Th. €,Bostjan Frelih,13/14,Slovenia,5862.0,ND Gorica 
"Feb 12, 2014",,Loan,Slovenia,5862.0,ND Gorica ,248307,50 Th. €,Bostjan Frelih,13/14,Slovenia,21411.0,Adria Miren 
"Jan 1, 2013",,-,Slovenia,17391.0,Gorica U19 ,248307,-,Bostjan Frelih,12/13,Slovenia,5862.0,ND Gorica 
"Jul 1, 2013",,?,Slovenia,433.0,FC Koper ,45270,100 Th. €,Jean-Philippe Mendy,13/14,Slovenia,790.0,NK Maribor 
"Jan 30, 2013",,-,Slovenia,515.0,Unattached ,45270,75 Th. €,Jean-Philippe Mendy,12/13,,433.0,FC Koper 
"Jul 1, 2012",,-,Italy,2722.0,SPAL ,45270,75 Th. €,Jean-Philippe Mendy,12/13,,515.0,Unattached 
"Mar 1, 2011",,-,Italy,515.0,Unattached ,45270,150 Th. €,Jean-Philippe Mendy,10/11,,2722.0,SPAL 
"Jan 1, 2011",,-,Romania,15947.0,Dinamo II ,45270,150 Th. €,Jean-Philippe Mendy,10/11,,515.0,Unattached 
"Aug 1, 2008",,-,Romania,312.0,Dinamo Bukarest ,45270,150 Th. €,Jean-Philippe Mendy,08/09,Romania,15947.0,Dinamo II 
"Jun 30, 2008",,End of loan,Romania,9465.0,Petr. Ploiesti ,45270,150 Th. €,Jean-Philippe Mendy,07/08,Romania,312.0,Dinamo Bukarest 
"Aug 1, 2007",,Loan,Romania,312.0,Dinamo Bukarest ,45270,-,Jean-Philippe Mendy,07/08,Romania,9465.0,Petr. Ploiesti 
"Jul 1, 2006",,Free transfer,Switzerland,4536.0,CS Chênois ,45270,-,Jean-Philippe Mendy,06/07,Romania,312.0,Dinamo Bukarest 
"Jul 1, 2015",,Free transfer,Germany,1216.0,FC Ismaning ,94446,-,Dardan Idrizi,15/16,Germany,4191.0,FC Pipinsried 
"Jan 31, 2014",,Free transfer,Germany,5382.0,FC UnterfÃ¶hring ,94446,-,Dardan Idrizi,13/14,Germany,1216.0,FC Ismaning 
"Oct 1, 2013",,-,Germany,515.0,Unattached ,94446,50 Th. â‚¬,Dardan Idrizi,13/14,,5382.0,FC UnterfÃ¶hring 
"Feb 25, 2013",,-,Czech Republic,8532.0,Pribram U21 ,94446,-,Dardan Idrizi,12/13,,515.0,Unattached 
"Jul 1, 2012",,Free transfer,Germany,67.0,Unterhaching II ,94446,-,Dardan Idrizi,12/13,Czech Republic,8532.0,Pribram U21 
"Jul 1, 2011",,-,Germany,8207.0,U'haching U19 ,94446,-,Dardan Idrizi,11/12,Germany,67.0,Unterhaching II 
"Jul 1, 2010",,Free transfer,Germany,23078.0,Holst. Kiel U18 ,94446,-,Dardan Idrizi,10/11,Germany,8207.0,U'haching U19 
"Jul 1, 2009",,-,Germany,21067.0,Holst. Kiel U17 ,94446,-,Dardan Idrizi,09/10,Germany,23078.0,Holst. Kiel U18 
"Jul 1, 2008",,Free transfer,Germany,21059.0,E. Cottbus U17 ,94446,-,Dardan Idrizi,08/09,Germany,21067.0,Holst. Kiel U17 
"Jan 1, 2008",,Free transfer,Germany,33047.0,VfB LÃ¼beck U17 ,94446,-,Dardan Idrizi,07/08,Germany,21059.0,E. Cottbus U17 
"Jul 17, 2014",,?,Slovenia,17836.0,NK Triglav ,183850,150 Th. €,Tilen Klemencic,14/15,Slovenia,710.0,NK Celje  
"Oct 1, 2012",,-,Slovenia,28846.0,NK Triglav U19 ,183850,-,Tilen Klemencic,12/13,Slovenia,17836.0,NK Triglav 
"Jul 1, 2015",,Free transfer,Slovenia,789.0,Rudar Velenje ,46341,150 Th. €,Nemanja Stjepanovic,15/16,Bosnia-Herzegovina,5405.0,Sloboda Tuzla 
"Jul 1, 2012",,Free transfer,Bosnia-Herzegovina,9860.0,Kozara Gradiska ,46341,200 Th. €,Nemanja Stjepanovic,12/13,Slovenia,789.0,Rudar Velenje 
"Aug 1, 2011",,Free transfer,Bosnia-Herzegovina,6808.0,Zrinjski Mostar ,46341,275 Th. €,Nemanja Stjepanovic,11/12,Bosnia-Herzegovina,9860.0,Kozara Gradiska 
"Jul 1, 2010",,Free transfer,Bosnia-Herzegovina,12151.0,FK Laktasi ,46341,125 Th. €,Nemanja Stjepanovic,10/11,Bosnia-Herzegovina,6808.0,Zrinjski Mostar 
"Feb 1, 2010",,Free transfer,Bosnia-Herzegovina,6803.0,Modrica Maxima ,46341,75 Th. €,Nemanja Stjepanovic,09/10,Bosnia-Herzegovina,12151.0,FK Laktasi 
"Jul 1, 2009",,Free transfer,Bosnia-Herzegovina,12151.0,FK Laktasi ,46341,-,Nemanja Stjepanovic,09/10,Bosnia-Herzegovina,6803.0,Modrica Maxima 
"Jul 1, 2008",,?,Bosnia-Herzegovina,6803.0,Modrica Maxima ,46341,-,Nemanja Stjepanovic,08/09,Bosnia-Herzegovina,12151.0,FK Laktasi 
"Jul 1, 2015",,?,Slovenia,11033.0,NK Aluminij ,204562,75 Th. €,Nejc Pecovnik,15/16,Austria,32496.0,St. Peter/S. 
"Jul 1, 2011",,?,Slovenia,18031.0,NK Maribor U19 ,204562,-,Nejc Pecovnik,11/12,Slovenia,11033.0,NK Aluminij 
"Jul 1, 2015",,Free transfer,Bosnia-Herzegovina,6807.0,Slavija S. ,104217,100 Th. €,Emir Hodzurda,15/16,Bosnia-Herzegovina,2573.0,Zeljeznicar 
"Feb 14, 2014",,-,Bosnia-Herzegovina,515.0,Unattached ,104217,75 Th. €,Emir Hodzurda,13/14,,6807.0,Slavija S. 
"Jul 1, 2013",,-,Slovenia,11033.0,NK Aluminij ,104217,75 Th. €,Emir Hodzurda,13/14,,515.0,Unattached 
"Jan 1, 2013",,?,Bosnia-Herzegovina,21971.0,NK Visoko ,104217,-,Emir Hodzurda,12/13,Slovenia,11033.0,NK Aluminij 
"Jan 1, 2012",,?,Bosnia-Herzegovina,25181.0,NK Famos ,104217,-,Emir Hodzurda,11/12,Bosnia-Herzegovina,21971.0,NK Visoko 
"Sep 1, 2010",,?,Romania,4959.0,Otelul Galati ,104217,75 Th. €,Emir Hodzurda,10/11,Bosnia-Herzegovina,25181.0,NK Famos 
"Jan 1, 2009",,?,Bosnia-Herzegovina,11252.0,Zeljeznicar U19 ,104217,-,Emir Hodzurda,08/09,Romania,4959.0,Otelul Galati 
"Jul 1, 2015",,?,Austria,548.0,SV Wörgl ,88869,-,Alen Pasagic,15/16,Austria,33651.0,SV Radfeld 
"Jan 31, 2015",,?,Austria,4438.0,SK Jenbach ,88869,-,Alen Pasagic,14/15,Austria,548.0,SV Wörgl 
"Jul 1, 2013",,Free transfer,Slovenia,789.0,Rudar Velenje ,88869,75 Th. €,Alen Pasagic,13/14,Austria,4438.0,SK Jenbach 
"Jul 1, 2012",,Free transfer,Slovenia,9320.0,Bela Krajina ,88869,75 Th. €,Alen Pasagic,12/13,Slovenia,789.0,Rudar Velenje 
"Jul 1, 2010",,Free transfer,Slovenia,11966.0,Ivancna Gorica ,88869,-,Alen Pasagic,10/11,Slovenia,9320.0,Bela Krajina 
"Jan 1, 2009",,?,Slovenia,9320.0,Bela Krajina ,88869,-,Alen Pasagic,08/09,Slovenia,11966.0,Ivancna Gorica 
"Jul 1, 2014",,?,Slovenia,6248.0,NK Domzale ,245034,250 Th. €,Jon Gorenc-Stankovic,14/15,Germany,17.0,B. Dortmund II 
"Jul 1, 2013",,-,Slovenia,18030.0,NK Domzale U19 ,245034,-,Jon Gorenc-Stankovic,13/14,Slovenia,6248.0,NK Domzale 
"Jun 30, 2014",,End of loan,Slovenia,3566.0,NK Smartno 1928 ,187182,50 Th. €,Klemen Bolha,13/14,Slovenia,789.0,Rudar Velenje 
"Jan 1, 2011",,Loan,Slovenia,20200.0,NK Rudar U19 ,187182,-,Klemen Bolha,10/11,Slovenia,3566.0,NK Smartno 1928 
"Jul 20, 2015",,300 Th. €,Slovenia,710.0,NK Celje  ,149807,250 Th. €,Gregor Bajde,15/16,Slovenia,790.0,NK Maribor 
"Jul 1, 2012",,?,Slovenia,11006.0,NK Interblock ,149807,-,Gregor Bajde,12/13,Slovenia,710.0,NK Celje  
"Jul 1, 2011",,Free transfer,Slovenia,26985.0,NK Bravo ,149807,-,Gregor Bajde,11/12,Slovenia,11006.0,NK Interblock 
"Jul 1, 2015",,Free transfer,Slovenia,710.0,NK Celje  ,149808,50 Th. €,Mateo Barukcic,15/16,Slovenia,12908.0,NK Krka 
"Jun 30, 2015",,End of loan,Slovenia,11966.0,Ivancna Gorica ,149808,50 Th. €,Mateo Barukcic,14/15,Slovenia,710.0,NK Celje  
"Feb 27, 2015",,Loan,Slovenia,710.0,NK Celje  ,149808,50 Th. €,Mateo Barukcic,14/15,Slovenia,11966.0,Ivancna Gorica 
"Jul 1, 2012",,?,Slovenia,11006.0,NK Interblock ,149808,-,Mateo Barukcic,12/13,Slovenia,710.0,NK Celje  
"Jun 30, 2012",,End of loan,Slovenia,17136.0,NK Krsko ,149808,-,Mateo Barukcic,12/13,Slovenia,710.0,NK Celje  
"Jul 1, 2011",,?,Slovenia,30051.0,NK Bravo Ljubljana U19 ,149808,-,Mateo Barukcic,11/12,Slovenia,11006.0,NK Interblock 
"Jul 1, 2014",,?,Slovenia,3812.0,Drava Ptuj ,252721,50 Th. €,Luka Kiric,14/15,Austria,12404.0,SV Wildon 
"Aug 14, 2013",,?,Slovenia,11033.0,NK Aluminij ,252721,50 Th. €,Luka Kiric,13/14,Slovenia,3812.0,Drava Ptuj 
"Nov 28, 2012",,-,Slovenia,32379.0,NK Aluminij U19 ,252721,-,Luka Kiric,12/13,Slovenia,11033.0,NK Aluminij 
"Jul 1, 2011",,?,Slovenia,19399.0,Drava Ptuj U19 ,252721,-,Luka Kiric,11/12,Slovenia,32379.0,NK Aluminij U19 
"Aug 8, 2014",,400 Th. €,Slovenia,26985.0,NK Bravo ,149829,400 Th. €,Miha Zajc,14/15,Slovenia,4772.0,NK Olimpija 
"Jun 30, 2014",,End of loan,Slovenia,710.0,NK Celje  ,149829,400 Th. €,Miha Zajc,13/14,Slovenia,26985.0,NK Bravo 
"Jan 31, 2013",,Loan,Slovenia,26985.0,NK Bravo ,149829,-,Miha Zajc,12/13,Slovenia,710.0,NK Celje  
"Dec 31, 2012",,End of loan,Slovenia,4772.0,NK Olimpija ,149829,-,Miha Zajc,12/13,Slovenia,26985.0,NK Bravo 
"Jul 1, 2012",,Loan,Slovenia,19416.0,Interblock U19 ,149829,-,Miha Zajc,12/13,Slovenia,4772.0,NK Olimpija 
"Jan 1, 2015",,Free transfer,Slovakia,75.0,Unknown ,161607,250 Th. €,Stefan Cebara,14/15,,12005.0,Zlate Moravce 
"Jul 30, 2013",,Free transfer,Slovenia,710.0,NK Celje  ,161607,250 Th. €,Stefan Cebara,13/14,,75.0,Unknown 
"Sep 1, 2012",,-,Slovenia,515.0,Unattached ,161607,50 Th. €,Stefan Cebara,12/13,,710.0,NK Celje  
"Aug 1, 2011",,-,Hungary,24028.0,Zalaegerszeg II ,161607,50 Th. €,Stefan Cebara,11/12,,515.0,Unattached 
"Aug 1, 2010",,Free transfer,Serbia,19710.0,Rad U19 ,161607,-,Stefan Cebara,10/11,Hungary,24028.0,Zalaegerszeg II 
"Feb 2, 2015",,?,Austria,75.0,Unknown ,197452,25 Th. €,Nedim Duric,14/15,,20447.0,Edelweiß 
"Jul 1, 2014",,?,Bosnia-Herzegovina,9492.0,J. Bihac ,197452,25 Th. €,Nedim Duric,14/15,,75.0,Unknown 
"Feb 26, 2014",,Free transfer,Bosnia-Herzegovina,11215.0,Olimp. Sarajevo ,197452,25 Th. €,Nedim Duric,13/14,Bosnia-Herzegovina,9492.0,J. Bihac 
"Jul 1, 2013",,Free transfer,Slovenia,5862.0,ND Gorica ,197452,50 Th. €,Nedim Duric,13/14,Bosnia-Herzegovina,11215.0,Olimp. Sarajevo 
"Aug 1, 2012",,?,Slovenia,14965.0,FC Luka Koper U19 ,197452,-,Nedim Duric,12/13,Slovenia,5862.0,ND Gorica 
"Aug 1, 2011",,?,Bosnia-Herzegovina,11022.0,FK Krajina Cazin ,197452,-,Nedim Duric,11/12,Slovenia,14965.0,FC Luka Koper U19 
"Jan 1, 2011",,-,Bosnia-Herzegovina,39311.0,FK Krajina U19 ,197452,-,Nedim Duric,10/11,Bosnia-Herzegovina,11022.0,FK Krajina Cazin 
"Jan 26, 2016",,?,Slovenia,21412.0,NK Brda ,235356,50 Th. €,Sandi Bremec,15/16,Slovenia,21448.0,NK Bilje 
"Aug 14, 2013",,Free transfer,Slovenia,5862.0,ND Gorica ,235356,50 Th. €,Sandi Bremec,13/14,Slovenia,21412.0,NK Brda 
"Jul 1, 2012",,-,Slovenia,17391.0,Gorica U19 ,235356,-,Sandi Bremec,12/13,Slovenia,5862.0,ND Gorica 
"Feb 24, 2015",,?,Slovenia,5862.0,ND Gorica ,235358,50 Th. €,Taulant Kadrija,14/15,Bosnia-Herzegovina,11040.0,Radnik Bijelj. 
"Dec 31, 2013",,End of loan,Slovenia,21412.0,NK Brda ,235358,50 Th. €,Taulant Kadrija,13/14,Slovenia,5862.0,ND Gorica 
"Sep 4, 2013",,Loan,Slovenia,5862.0,ND Gorica ,235358,100 Th. €,Taulant Kadrija,13/14,Slovenia,21412.0,NK Brda 
"Jul 1, 2012",,-,Slovenia,17391.0,Gorica U19 ,235358,-,Taulant Kadrija,12/13,Slovenia,5862.0,ND Gorica 
"Jul 1, 2014",,-,Italy,38479.0,Real Vicenza ,235359,50 Th. €,Alen Pavic,14/15,,515.0,Unattached 
"Sep 3, 2013",,?,Slovenia,5862.0,ND Gorica ,235359,50 Th. €,Alen Pavic,13/14,Italy,38479.0,Real Vicenza 
"Jan 31, 2016",,Free transfer,Bulgaria,24078.0,PFC Montana ,235360,200 Th. €,Matej Poplatnik,15/16,Slovenia,17836.0,NK Triglav 
"Jul 1, 2015",,?,Slovenia,17836.0,NK Triglav ,235360,200 Th. €,Matej Poplatnik,15/16,Bulgaria,24078.0,PFC Montana 
"Dec 17, 2013",,-,Slovenia,515.0,Unattached ,235360,250 Th. €,Matej Poplatnik,13/14,,17836.0,NK Triglav 
"Jul 1, 2013",,-,Slovenia,17836.0,NK Triglav ,235360,250 Th. €,Matej Poplatnik,13/14,,515.0,Unattached 
"Jul 1, 2015",,Free transfer,Austria,4405.0,FC Alpe Adria ,235362,-,Aleksander Topic,15/16,Austria,25764.0,Liebenfels 
"Jul 1, 2014",,Free transfer,Slovenia,11966.0,Ivancna Gorica ,235362,50 Th. €,Aleksander Topic,14/15,Austria,4405.0,FC Alpe Adria 
"Jan 31, 2014",,?,Slovenia,4772.0,NK Olimpija ,235362,50 Th. €,Aleksander Topic,13/14,Slovenia,11966.0,Ivancna Gorica 
"Dec 31, 2013",,End of loan,Slovenia,9320.0,Bela Krajina ,235362,50 Th. €,Aleksander Topic,13/14,Slovenia,4772.0,NK Olimpija 
"Jul 1, 2013",,Loan,Slovenia,4772.0,NK Olimpija ,235362,50 Th. €,Aleksander Topic,13/14,Slovenia,9320.0,Bela Krajina 
"Oct 1, 2012",,-,Slovenia,24864.0,Olimpija  U19 ,235362,-,Aleksander Topic,12/13,Slovenia,4772.0,NK Olimpija 
"Aug 1, 2012",,?,Slovenia,28846.0,NK Triglav U19 ,235362,-,Aleksander Topic,12/13,Slovenia,24864.0,Olimpija  U19 
"Aug 9, 2013",,Free transfer,Slovenia,6248.0,NK Domzale ,217956,50 Th. €,Vjekoslav Andric,13/14,Slovenia,21460.0,NK Radomlje 
"Jun 30, 2013",,End of loan,Slovenia,22369.0,NK Kamnik ,217956,50 Th. €,Vjekoslav Andric,12/13,Slovenia,6248.0,NK Domzale 
"Aug 1, 2012",,Loan,Slovenia,6248.0,NK Domzale ,217956,-,Vjekoslav Andric,12/13,Slovenia,22369.0,NK Kamnik 
"Jun 30, 2012",,End of loan,Slovenia,9320.0,Bela Krajina ,217956,-,Vjekoslav Andric,11/12,Slovenia,6248.0,NK Domzale 
"Jan 1, 2012",,Loan,Slovenia,18030.0,NK Domzale U19 ,217956,-,Vjekoslav Andric,11/12,Slovenia,9320.0,Bela Krajina 
"Sep 4, 2012",,?,Italy,1390.0,Cagliari Calcio ,5994,100 Th. €,Vlado Smit,12/13,Slovenia,17836.0,NK Triglav 
"Aug 20, 2012",,-,Italy,515.0,Unattached ,5994,100 Th. €,Vlado Smit,12/13,,1390.0,Cagliari Calcio 
"Feb 1, 2012",,-,Italy,2722.0,SPAL ,5994,100 Th. €,Vlado Smit,11/12,,515.0,Unattached 
"Feb 1, 2010",,?,Italy,10348.0,Gallipoli ,5994,400 Th. €,Vlado Smit,09/10,Italy,2722.0,SPAL 
"Aug 1, 2009",,Free transfer,Italy,2251.0,Treviso ,5994,300 Th. €,Vlado Smit,09/10,Italy,10348.0,Gallipoli 
"Jul 1, 2007",,?,Italy,1025.0,Bologna ,5994,110 Th. €,Vlado Smit,07/08,Italy,2251.0,Treviso 
"Jun 30, 2005",,End of loan,Italy,2921.0,Pescara ,5994,110 Th. €,Vlado Smit,04/05,Italy,1025.0,Bologna 
"Aug 1, 2004",,Loan,Italy,1025.0,Bologna ,5994,-,Vlado Smit,04/05,Italy,2921.0,Pescara 
"Jun 30, 2004",,End of loan,Italy,800.0,Atalanta ,5994,-,Vlado Smit,03/04,Italy,1025.0,Bologna 
"Jul 1, 2003",,Loan,Italy,1025.0,Bologna ,5994,-,Vlado Smit,03/04,Italy,800.0,Atalanta 
"Jan 1, 2002",,?,Serbia,636.0,Zeleznik Belgrad ,5994,-,Vlado Smit,01/02,Italy,1025.0,Bologna 
"Jul 1, 2001",,?,Serbia,4658.0,Milicionar Belgrad ,5994,-,Vlado Smit,01/02,Serbia,636.0,Zeleznik Belgrad 
"Jul 1, 2000",,-,Serbia,12604.0,Own Youth ,5994,-,Vlado Smit,00/01,,4658.0,Milicionar Belgrad 
"Jun 30, 2014",,End of loan,Slovenia,27325.0,Verzej ,229229,100 Th. €,Ranko Moravac,13/14,Slovenia,45368.0,NK Maribor B 
"Jul 20, 2013",,Loan,Slovenia,790.0,NK Maribor ,229229,50 Th. €,Ranko Moravac,13/14,Slovenia,27325.0,Verzej 
"Jan 25, 2013",,-,Slovenia,18031.0,NK Maribor U19 ,229229,-,Ranko Moravac,12/13,Slovenia,790.0,NK Maribor 
"Jun 30, 2016",,End of loan,Slovenia,2565.0,NK Dravograd ,238456,75 Th. €,Nejc Plesec,15/16,Slovenia,789.0,Rudar Velenje 
"Aug 31, 2015",,Loan,Slovenia,789.0,Rudar Velenje ,238456,75 Th. €,Nejc Plesec,15/16,Slovenia,2565.0,NK Dravograd 
"Jan 21, 2014",,?,Slovenia,710.0,NK Celje  ,238456,100 Th. €,Nejc Plesec,13/14,Slovenia,789.0,Rudar Velenje 
"Jul 1, 2012",,?,Slovenia,2565.0,NK Dravograd ,238456,-,Nejc Plesec,12/13,Slovenia,710.0,NK Celje  
"Jan 1, 2016",,Free transfer,Macedonia,36470.0,Gostivar ,221061,-,Lutfi Bilali,15/16,Macedonia,535.0,Sileks 
"Jul 1, 2015",,Free transfer,Macedonia,534.0,Pelister Bitola ,221061,75 Th. €,Lutfi Bilali,15/16,Macedonia,36470.0,Gostivar 
"Jan 27, 2015",,Free transfer,Macedonia,18506.0,Metalurg Skopje ,221061,75 Th. €,Lutfi Bilali,14/15,Macedonia,534.0,Pelister Bitola 
"Aug 29, 2014",,Free transfer,Macedonia,36470.0,Gostivar ,221061,75 Th. €,Lutfi Bilali,14/15,Macedonia,18506.0,Metalurg Skopje 
"Jul 1, 2013",,Free transfer,Slovenia,710.0,NK Celje  ,221061,75 Th. €,Lutfi Bilali,13/14,Macedonia,36470.0,Gostivar 
"Jul 1, 2012",,?,Slovenia,11006.0,NK Interblock ,221061,-,Lutfi Bilali,12/13,Slovenia,710.0,NK Celje  
"Jan 1, 2012",,?,Macedonia,36470.0,Gostivar ,221061,-,Lutfi Bilali,11/12,Slovenia,11006.0,NK Interblock 
"Jan 1, 2015",,-,Sweden,6139.0,Atvidabergs FF ,31110,350 Th. €,Emmanuel Boakye,14/15,,515.0,Unattached 
"Aug 10, 2014",,-,Sweden,515.0,Unattached ,31110,350 Th. €,Emmanuel Boakye,14/15,,6139.0,Atvidabergs FF 
"Jan 1, 2013",,-,Slovenia,4059.0,Mura 05 ,31110,350 Th. €,Emmanuel Boakye,12/13,,515.0,Unattached 
"Sep 19, 2012",,-,Slovenia,515.0,Unattached ,31110,650 Th. €,Emmanuel Boakye,12/13,,4059.0,Mura 05 
"Jan 1, 2011",,-,Netherlands,468.0,Sparta R. ,31110,650 Th. €,Emmanuel Boakye,10/11,,515.0,Unattached 
"Jul 1, 2009",,Free transfer,Netherlands,1304.0,Heracles Almelo ,31110,850 Th. €,Emmanuel Boakye,09/10,Netherlands,468.0,Sparta R. 
"Aug 1, 2007",,Free transfer,Netherlands,610.0,AFC Ajax ,31110,350 Th. €,Emmanuel Boakye,07/08,Netherlands,1304.0,Heracles Almelo 
"Jun 30, 2007",,End of loan,Netherlands,1304.0,Heracles Almelo ,31110,350 Th. €,Emmanuel Boakye,06/07,Netherlands,610.0,AFC Ajax 
"Jul 1, 2006",,Loan,Netherlands,610.0,AFC Ajax ,31110,50 Th. €,Emmanuel Boakye,06/07,Netherlands,1304.0,Heracles Almelo 
"Jul 1, 2005",,-,Netherlands,2824.0,Ajax U19 ,31110,-,Emmanuel Boakye,05/06,Netherlands,610.0,AFC Ajax 
"Jul 1, 1997",,Free transfer,Netherlands,32797.0,Utrecht Youth ,31110,-,Emmanuel Boakye,97/98,Netherlands,32791.0,Ajax Youth 
,,,,,,113041,,,,,,
"Aug 7, 2015",,700 Th. €,Slovenia,790.0,NK Maribor ,169362,800 Th. €,Luka Zahovic,15/16,Netherlands,306.0,SC Heerenveen 
"Jun 30, 2014",,End of loan,Slovenia,27325.0,Verzej ,169362,100 Th. €,Luka Zahovic,13/14,Slovenia,790.0,NK Maribor 
"Jul 20, 2013",,Loan,Slovenia,790.0,NK Maribor ,169362,-,Luka Zahovic,13/14,Slovenia,27325.0,Verzej 
"Jul 1, 2013",,-,Slovenia,18031.0,NK Maribor U19 ,169362,-,Luka Zahovic,13/14,Slovenia,790.0,NK Maribor 
"Jul 1, 2007",,Free transfer,Portugal,45618.0,Benfica Youth ,169362,-,Luka Zahovic,07/08,Slovenia,18031.0,NK Maribor U19 
"Aug 5, 2015",,?,Slovenia,49844.0,SD Starse ,113043,25 Th. €,Denis Zajc,15/16,Slovenia,32075.0,SD Cirkulane 
"Jul 1, 2013",,Free transfer,Slovenia,11033.0,NK Aluminij ,113043,50 Th. €,Denis Zajc,13/14,Slovenia,49844.0,SD Starse 
"Dec 31, 2010",,End of loan,Slovenia,21450.0,NK Stojnci ,113043,50 Th. €,Denis Zajc,10/11,Slovenia,11033.0,NK Aluminij 
"Jul 1, 2010",,Loan,Slovenia,11033.0,NK Aluminij ,113043,50 Th. €,Denis Zajc,10/11,Slovenia,21450.0,NK Stojnci 
"Aug 20, 2015",,?,Croatia,485.0,Hrv Dragovoljac ,53486,150 Th. €,Jurica Jelec,15/16,Slovenia,34497.0,NK Brezice 1919 
"Feb 13, 2015",,?,Croatia,20908.0,NK Bistra ,53486,150 Th. €,Jurica Jelec,14/15,Croatia,485.0,Hrv Dragovoljac 
"Jul 31, 2014",,Free transfer,Croatia,23097.0,NK Zelina ,53486,150 Th. €,Jurica Jelec,14/15,Croatia,20908.0,NK Bistra 
"Oct 14, 2013",,-,Croatia,515.0,Unattached ,53486,150 Th. €,Jurica Jelec,13/14,,23097.0,NK Zelina 
"Apr 10, 2013",,-,Slovenia,11033.0,NK Aluminij ,53486,150 Th. €,Jurica Jelec,12/13,,515.0,Unattached 
"Aug 1, 2012",,Free transfer,Bosnia-Herzegovina,6804.0,Travnik ,53486,25 Th. €,Jurica Jelec,12/13,Slovenia,11033.0,NK Aluminij 
"Feb 1, 2012",,?,Croatia,11023.0,NK Vrapce ,53486,-,Jurica Jelec,11/12,Bosnia-Herzegovina,6804.0,Travnik 
"Sep 1, 2011",,Free transfer,Croatia,12109.0,NK Lucko ,53486,-,Jurica Jelec,11/12,Croatia,11023.0,NK Vrapce 
"Jul 1, 2009",,Free transfer,Croatia,11023.0,NK Vrapce ,53486,-,Jurica Jelec,09/10,Croatia,12109.0,NK Lucko 
"Sep 1, 2008",,Free transfer,Bosnia-Herzegovina,6804.0,Travnik ,53486,-,Jurica Jelec,08/09,Croatia,11023.0,NK Vrapce 
"Jul 1, 2008",,?,Croatia,11023.0,NK Vrapce ,53486,-,Jurica Jelec,08/09,Bosnia-Herzegovina,6804.0,Travnik 
"Jul 1, 2007",,?,Croatia,552.0,Segesta Sisak ,53486,-,Jurica Jelec,07/08,Croatia,11023.0,NK Vrapce 
"Aug 19, 2015",,?,Slovenia,21448.0,NK Bilje ,94616,50 Th. €,Klemen Jerkic,15/16,Slovenia,4507.0,NK Primorje 
"Jan 31, 2015",,?,Slovenia,20656.0,Tabor Sezana ,94616,50 Th. €,Klemen Jerkic,14/15,Slovenia,21448.0,NK Bilje 
"Aug 19, 2014",,?,Slovenia,20656.0,Tabor Sezana ,94616,50 Th. €,Klemen Jerkic,14/15,Slovenia,21411.0,Adria Miren 
"Feb 4, 2014",,-,Slovenia,515.0,Unattached ,94616,50 Th. €,Klemen Jerkic,13/14,,20656.0,Tabor Sezana 
"Jul 1, 2013",,-,Slovenia,5862.0,ND Gorica ,94616,50 Th. €,Klemen Jerkic,13/14,,515.0,Unattached 
"Jan 7, 2013",,?,Slovenia,21411.0,Adria Miren ,94616,50 Th. €,Klemen Jerkic,12/13,Slovenia,5862.0,ND Gorica 
"Jan 1, 2009",,Free transfer,Slovenia,4507.0,NK Primorje ,94616,50 Th. €,Klemen Jerkic,08/09,Slovenia,21411.0,Adria Miren 
"Oct 1, 2008",,-,Slovenia,15908.0,NK Primorje U19 ,94616,-,Klemen Jerkic,08/09,Slovenia,4507.0,NK Primorje 
"Jul 1, 2012",,?,Slovenia,22423.0,Simer Sampion ,186788,75 Th. €,Rok Baskera,12/13,Slovenia,4772.0,NK Olimpija 
"Jun 30, 2012",,End of loan,Italy,8517.0,FC Genoa ,186788,75 Th. €,Rok Baskera,11/12,Slovenia,22423.0,Simer Sampion 
"Jul 1, 2011",,Loan,Slovenia,22423.0,Simer Sampion ,186788,-,Rok Baskera,11/12,Italy,8517.0,FC Genoa 
"Jul 1, 2015",,Free transfer,Italy,9528.0,AC Montichiari ,217510,-,Marko Rojc,15/16,Slovenia,17572.0,NK Tolmin 
"Jan 1, 2015",,-,Italy,515.0,Unattached ,217510,-,Marko Rojc,14/15,,9528.0,AC Montichiari 
"Jul 1, 2014",,-,Austria,28760.0,A. Klagenfurt ,217510,-,Marko Rojc,14/15,,515.0,Unattached 
"Jul 10, 2013",,Free transfer,Slovenia,5862.0,ND Gorica ,217510,50 Th. €,Marko Rojc,13/14,Austria,28760.0,A. Klagenfurt 
"Jul 1, 2012",,-,Slovenia,17391.0,Gorica U19 ,217510,-,Marko Rojc,12/13,Slovenia,5862.0,ND Gorica 
"Sep 3, 2015",,-,Italy,515.0,Unattached ,28075,300 Th. €,Andrea Migliorini,15/16,,46196.0,Mestre 
"Jul 1, 2015",,-,Italy,21331.0,Pordenone  ,28075,300 Th. €,Andrea Migliorini,15/16,,515.0,Unattached 
"Dec 11, 2014",,-,Italy,515.0,Unattached ,28075,250 Th. €,Andrea Migliorini,14/15,,21331.0,Pordenone  
"Jul 1, 2014",,-,Italy,37463.0,Delta Rovigo ,28075,250 Th. €,Andrea Migliorini,14/15,,515.0,Unattached 
"Jan 1, 2014",,gratuito,Australia,25580.0,Melbourne Heart ,28075,250 Th. €,Andrea Migliorini,13/14,Italy,37463.0,D. Porto Tolle 
"Sep 23, 2013",,-,Australia,515.0,Unattached ,28075,250 Th. €,Andrea Migliorini,13/14,,25580.0,Melbourne Heart 
"Jul 1, 2013",,-,Slovenia,433.0,FC Koper ,28075,250 Th. €,Andrea Migliorini,13/14,,515.0,Unattached 
"Jan 14, 2013",,Free transfer,Italy,607.0,Unione Venezia ,28075,150 Th. €,Andrea Migliorini,12/13,Slovenia,433.0,FC Koper 
"Aug 2, 2012",,Free transfer,Italy,2722.0,SPAL ,28075,150 Th. €,Andrea Migliorini,12/13,Italy,607.0,Unione Venezia 
"Jul 1, 2010",,?,Italy,1210.0,AS Livorno ,28075,125 Th. €,Andrea Migliorini,10/11,Italy,2722.0,SPAL 
"Jun 30, 2010",,End of loan,Italy,2722.0,SPAL ,28075,125 Th. €,Andrea Migliorini,09/10,Italy,1210.0,AS Livorno 
"Jul 1, 2009",,Loan,Italy,1210.0,AS Livorno ,28075,50 Th. €,Andrea Migliorini,09/10,Italy,2722.0,SPAL 
"Jun 30, 2009",,End of loan,Italy,4146.0,Pro Patria ,28075,50 Th. €,Andrea Migliorini,08/09,Italy,1210.0,AS Livorno 
"Jan 1, 2009",,Loan,Italy,1210.0,AS Livorno ,28075,50 Th. €,Andrea Migliorini,08/09,Italy,4146.0,Pro Patria 
"Jul 1, 2008",,500 Th. €,Italy,10959.0,Udinese U19 ,28075,50 Th. €,Andrea Migliorini,08/09,Italy,1210.0,AS Livorno 
"Jul 11, 2015",,Free transfer,Spain,10907.0,Zamora CF ,186800,-,Dejan Kurbus,15/16,Spain,13240.0,Sestao River  
"Aug 27, 2014",,Free transfer,Slovenia,27325.0,Verzej ,186800,150 Th. €,Dejan Kurbus,14/15,Spain,10907.0,Zamora CF 
"Aug 6, 2014",,?,Slovenia,23253.0,NK Zavrc ,186800,150 Th. €,Dejan Kurbus,14/15,Slovenia,27325.0,Verzej 
"Jul 1, 2013",,Free transfer,Slovenia,4059.0,Mura 05 ,186800,75 Th. €,Dejan Kurbus,13/14,Slovenia,23253.0,NK Zavrc 
"Aug 1, 2012",,?,Slovenia,18031.0,NK Maribor U19 ,186800,-,Dejan Kurbus,12/13,Slovenia,4059.0,Mura 05 
"Jan 17, 2016",,Free transfer,Austria,2394.0,SV Kapfenberg ,103859,225 Th. €,Christian Bubalovic,15/16,Malta,10262.0,Birkirkara FC 
"Jul 1, 2014",,Free transfer,Slovenia,789.0,Rudar Velenje ,103859,250 Th. €,Christian Bubalovic,14/15,Austria,2394.0,SV Kapfenberg 
"Jul 1, 2012",,Free transfer,Germany,847.0,E. Cottbus II ,103859,100 Th. €,Christian Bubalovic,12/13,Slovenia,789.0,Rudar Velenje 
"Jul 1, 2010",,-,Germany,2492.0,E. Cottbus U19 ,103859,-,Christian Bubalovic,10/11,Germany,847.0,E. Cottbus II 
"Jul 1, 2008",,Free transfer,Austria,9699.0,AKA Admira U18 ,103859,-,Christian Bubalovic,08/09,Germany,2492.0,E. Cottbus U19 
"Aug 8, 2007",,Free transfer,Austria,20252.0,Simmering Jgd. ,103859,-,Christian Bubalovic,07/08,Austria,9699.0,AKA Admira U18 
"Sep 8, 2006",,Free transfer,Austria,20134.0,Rapid Jugend ,103859,-,Christian Bubalovic,06/07,Austria,20252.0,Simmering Jgd. 
"Jul 1, 2013",,Free transfer,Slovenia,4059.0,Mura 05 ,251554,50 Th. €,Jaka Safer,13/14,Slovenia,29687.0,NK Tromejnik 
"Jul 1, 2012",,-,Slovenia,30050.0,ND Mura 05 U19 ,251554,-,Jaka Safer,12/13,Slovenia,4059.0,Mura 05 
"Jul 1, 2014",,?,Croatia,25029.0,NK Sesvete ,42445,50 Th. €,Matija Kobetic,14/15,Macedonia,77.0,Vardar 
"Feb 28, 2014",,-,Croatia,515.0,Unattached ,42445,50 Th. €,Matija Kobetic,13/14,,25029.0,NK Sesvete 
"Jul 1, 2013",,-,Slovenia,4772.0,NK Olimpija ,42445,50 Th. €,Matija Kobetic,13/14,,515.0,Unattached 
"Aug 1, 2012",,?,Croatia,552.0,Segesta Sisak ,42445,50 Th. €,Matija Kobetic,12/13,Slovenia,4772.0,NK Olimpija 
"Sep 1, 2011",,Free transfer,Croatia,12109.0,NK Lucko ,42445,-,Matija Kobetic,11/12,Croatia,552.0,Segesta Sisak 
"Jul 1, 2010",,?,Croatia,11278.0,NK Vinogradar ,42445,-,Matija Kobetic,10/11,Croatia,12109.0,NK Lucko 
"Jan 1, 2010",,Free transfer,Croatia,552.0,Segesta Sisak ,42445,-,Matija Kobetic,09/10,Croatia,11278.0,NK Vinogradar 
"Jul 1, 2009",,Free transfer,Croatia,11053.0,NK Radnik ,42445,-,Matija Kobetic,09/10,Croatia,552.0,Segesta Sisak 
"Jul 1, 2008",,Free transfer,Croatia,14768.0,NK Polet Busevec ,42445,-,Matija Kobetic,08/09,Croatia,11053.0,NK Radnik 
"Jan 1, 2008",,Free transfer,Croatia,999.0,NK Istra 1961  ,42445,-,Matija Kobetic,07/08,Croatia,14768.0,NK Polet Busevec 
"Sep 1, 2007",,Free transfer,Hungary,11107.0,FC Fehérvár ,42445,-,Matija Kobetic,07/08,Croatia,999.0,NK Istra 1961  
"Jul 1, 2007",,Free transfer,Croatia,485.0,Hrv Dragovoljac ,42445,-,Matija Kobetic,07/08,Hungary,11107.0,FC Fehérvár 
"Jul 15, 2015",,-,Slovenia,11033.0,NK Aluminij ,100302,100 Th. €,Aljaz Medved,15/16,Austria,23967.0,Heiligenkreuz 
,,,,,,100304,,,,,,
"Aug 19, 2015",,Free transfer,Slovenia,11033.0,NK Aluminij ,235473,50 Th. €,Blaz Cesar,15/16,Slovenia,50484.0,Partizan Fram 
"Dec 31, 2013",,End of loan,Slovenia,21449.0,NK Malecnik ,235473,25 Th. €,Blaz Cesar,13/14,Slovenia,11033.0,NK Aluminij 
"Jul 1, 2013",,Loan,Slovenia,11033.0,NK Aluminij ,235473,50 Th. €,Blaz Cesar,13/14,Slovenia,21449.0,NK Malecnik 
"Jul 1, 2012",,-,Slovenia,32379.0,NK Aluminij U19 ,235473,-,Blaz Cesar,12/13,Slovenia,11033.0,NK Aluminij 
"Jul 1, 2014",,Free transfer,Netherlands,1434.0,Telstar ,57300,150 Th. €,Diangi Matusiwa,14/15,,75.0,Unknown 
"Jan 1, 2013",,Free transfer,Slovenia,4059.0,Mura 05 ,57300,150 Th. €,Diangi Matusiwa,12/13,Netherlands,1434.0,Telstar 
"Aug 31, 2012",,Free transfer,Belgium,3315.0,Tienen ,57300,150 Th. €,Diangi Matusiwa,12/13,Slovenia,4059.0,Mura 05 
"Feb 1, 2011",,-,Belgium,515.0,Unattached ,57300,275 Th. €,Diangi Matusiwa,10/11,,3315.0,Tienen 
"Nov 1, 2010",,-,Cyprus,8554.0,APOP Kinyras ,57300,275 Th. €,Diangi Matusiwa,10/11,,515.0,Unattached 
"Jul 1, 2010",,Free transfer,Netherlands,404.0,FC Den Bosch ,57300,275 Th. €,Diangi Matusiwa,10/11,Cyprus,8554.0,APOP Kinyras 
"Jul 1, 2008",,Free transfer,Netherlands,723.0,FC Omniworld ,57300,200 Th. €,Diangi Matusiwa,08/09,Netherlands,404.0,FC Den Bosch 
"Jul 1, 2007",,Free transfer,Netherlands,7527.0,SV Argon ,57300,-,Diangi Matusiwa,07/08,Netherlands,723.0,FC Omniworld 
"Jul 1, 2005",,Free transfer,Netherlands,8823.0,RKC U21 ,57300,-,Diangi Matusiwa,05/06,Netherlands,7527.0,SV Argon 
"Aug 6, 2014",,?,Serbia,11044.0,Indjija ,126933,100 Th. €,Branislav Conka,14/15,Serbia,4645.0,Radnicki 1923 
"Aug 9, 2013",,?,Serbia,75.0,Unknown ,126933,100 Th. €,Branislav Conka,13/14,,11044.0,Indjija 
"Jan 1, 2013",,Free transfer,Slovenia,789.0,Rudar Velenje ,126933,100 Th. €,Branislav Conka,12/13,,75.0,Unknown 
"Jul 1, 2012",,-,Slovenia,515.0,Unattached ,126933,125 Th. €,Branislav Conka,12/13,,789.0,Rudar Velenje 
"Jan 1, 2012",,-,Serbia,8819.0,Javor Ivanjica ,126933,125 Th. €,Branislav Conka,11/12,,515.0,Unattached 
"Jul 1, 2011",,?,Serbia,75.0,Unknown ,126933,-,Branislav Conka,11/12,,8819.0,Javor Ivanjica 
"Jul 1, 2010",,Free transfer,Serbia,6619.0,Banat Zrenjanin ,126933,-,Branislav Conka,10/11,,75.0,Unknown 
"Aug 19, 2014",,?,Slovenia,22423.0,Simer Sampion ,204247,50 Th. €,Zan Horvat,14/15,Slovenia,11033.0,NK Aluminij 
"Aug 7, 2013",,Free transfer,Slovenia,710.0,NK Celje  ,204247,75 Th. €,Zan Horvat,13/14,Slovenia,22423.0,Simer Sampion 
"Aug 1, 2012",,Loan,Slovenia,710.0,NK Celje  ,204247,-,Zan Horvat,12/13,Slovenia,22423.0,Simer Sampion 
"Jul 1, 2012",,?,Slovenia,22423.0,Simer Sampion ,204247,-,Zan Horvat,12/13,Slovenia,710.0,NK Celje  
"Jun 30, 2012",,End of loan,Slovenia,22423.0,Simer Sampion ,204247,-,Zan Horvat,12/13,Slovenia,710.0,NK Celje  
"Jul 28, 2013",,?,Croatia,420.0,RNK Split ,197088,150 Th. €,Lovro Sindik,13/14,Germany,90.0,Babelsberg 03 
"Jun 30, 2013",,End of loan,Croatia,12105.0,Junak Sinj ,197088,150 Th. €,Lovro Sindik,12/13,Croatia,420.0,RNK Split 
"Feb 8, 2013",,Loan,Croatia,420.0,RNK Split ,197088,150 Th. €,Lovro Sindik,12/13,Croatia,12105.0,Junak Sinj 
"Dec 31, 2012",,End of loan,Slovenia,789.0,Rudar Velenje ,197088,150 Th. €,Lovro Sindik,12/13,Croatia,420.0,RNK Split 
"Jul 18, 2012",,Loan,Croatia,420.0,RNK Split ,197088,150 Th. €,Lovro Sindik,12/13,Slovenia,789.0,Rudar Velenje 
"Jan 1, 2012",,Free transfer,Croatia,12105.0,Junak Sinj ,197088,-,Lovro Sindik,11/12,Croatia,420.0,RNK Split 
"Jul 1, 2011",,Free transfer,Croatia,26160.0,RNK Split U19 ,197088,-,Lovro Sindik,11/12,Croatia,12105.0,Junak Sinj 
"Jul 1, 2015",,?,Slovenia,6248.0,NK Domzale ,167931,100 Th. €,Aleks Pihler,15/16,Slovenia,23253.0,NK Zavrc 
"Jun 30, 2015",,End of loan,Slovenia,17836.0,NK Triglav ,167931,100 Th. €,Aleks Pihler,14/15,Slovenia,6248.0,NK Domzale 
"Aug 9, 2014",,Loan,Slovenia,6248.0,NK Domzale ,167931,100 Th. €,Aleks Pihler,14/15,Slovenia,17836.0,NK Triglav 
"Jul 1, 2012",,?,Slovenia,18031.0,NK Maribor U19 ,167931,-,Aleks Pihler,12/13,Slovenia,6248.0,NK Domzale 
"Jan 1, 2013",,Free transfer,Slovenia,24776.0,NK Carda ,263150,-,Tomi Sipos,12/13,Slovenia,4059.0,Mura 05 
"Jan 1, 2014",,-,Slovenia,32379.0,NK Aluminij U19 ,270077,-,Matic Vrbanec,13/14,Slovenia,11033.0,NK Aluminij 
"Jul 1, 2014",,?,Slovenia,710.0,NK Celje  ,204272,150 Th. €,Tadej Zagar-Knez,14/15,Austria,4429.0,SAK Klagenfurt 
"Jul 1, 2013",,?,Slovenia,11033.0,NK Aluminij ,204272,150 Th. €,Tadej Zagar-Knez,13/14,Slovenia,710.0,NK Celje  
"Jul 1, 2012",,?,Slovenia,22423.0,Simer Sampion ,204272,-,Tadej Zagar-Knez,12/13,Slovenia,11033.0,NK Aluminij 
"Jun 30, 2016",,End of loan,Slovenia,27325.0,Verzej ,198129,-,Bian Paul Sauperl,15/16,Slovenia,45368.0,NK Maribor B 
"Jan 30, 2016",,Loan,Slovenia,45368.0,NK Maribor B ,198129,-,Bian Paul Sauperl,15/16,Slovenia,27325.0,Verzej 
"Jul 1, 2014",,-,Slovenia,18031.0,NK Maribor U19 ,198129,-,Bian Paul Sauperl,14/15,Slovenia,45368.0,NK Maribor B 
"Aug 31, 2016",,Loan,Slovenia,4772.0,NK Olimpija ,231923,50 Th. €,Aljaz Ivacic,15/16,Slovenia,21460.0,NK Radomlje 
"Jun 30, 2015",,End of loan,Slovenia,21460.0,NK Radomlje ,231923,75 Th. €,Aljaz Ivacic,14/15,Slovenia,4772.0,NK Olimpija 
"Jun 30, 2015",,End of loan,Slovenia,21460.0,NK Radomlje ,231923,75 Th. €,Aljaz Ivacic,15/16,Slovenia,4772.0,NK Olimpija 
"Jan 21, 2015",,Loan,Slovenia,4772.0,NK Olimpija ,231923,50 Th. €,Aljaz Ivacic,14/15,Slovenia,21460.0,NK Radomlje 
"Jun 30, 2014",,End of loan,Slovenia,9320.0,Bela Krajina ,231923,50 Th. €,Aljaz Ivacic,13/14,Slovenia,4772.0,NK Olimpija 
"Jul 1, 2013",,Loan,Slovenia,4772.0,NK Olimpija ,231923,50 Th. €,Aljaz Ivacic,13/14,Slovenia,9320.0,Bela Krajina 
"Jan 1, 2012",,?,Slovenia,18030.0,NK Domzale U19 ,231923,-,Aljaz Ivacic,11/12,Slovenia,4772.0,NK Olimpija 
"Jan 27, 2016",,?,Serbia,4657.0,FK Macva Sabac ,201719,200 Th. €,Aleksandar Srdic,15/16,Serbia,11043.0,Dinamo Vranje 
"Feb 16, 2015",,?,Romania,31304.0,Sageata Navodar ,201719,200 Th. €,Aleksandar Srdic,14/15,Serbia,4657.0,FK Macva Sabac 
"Aug 12, 2014",,?,Greece,32755.0,PAE Serres ,201719,150 Th. €,Aleksandar Srdic,14/15,Romania,31304.0,Sageata Navodar 
"Aug 31, 2013",,Free transfer,Slovenia,710.0,NK Celje  ,201719,150 Th. €,Aleksandar Srdic,13/14,Greece,32755.0,Ethn. Gazoros 
"Jan 31, 2013",,Free transfer,Serbia,22420.0,Padinska Skela ,201719,-,Aleksandar Srdic,12/13,Slovenia,710.0,NK Celje  
"Jul 1, 2012",,?,Serbia,8975.0,BASK Belgrad ,201719,-,Aleksandar Srdic,12/13,Serbia,22420.0,Padinska Skela 
"Feb 25, 2016",,Free transfer,Croatia,6087.0,Medjimurje ,89593,150 Th. €,Mario Sacer,15/16,Slovenia,49843.0,Velika Polana  
"Jan 23, 2015",,?,Croatia,12794.0,NK Podravina Ludbreg ,89593,150 Th. €,Mario Sacer,14/15,Croatia,6087.0,Medjimurje 
"Aug 11, 2014",,Free transfer,Albania,4040.0,FK Partizani ,89593,150 Th. €,Mario Sacer,14/15,Croatia,12794.0,NK Podravina Ludbreg 
"Jan 28, 2014",,?,Croatia,999.0,NK Istra 1961  ,89593,150 Th. €,Mario Sacer,13/14,Albania,4040.0,FK Partizani 
"Jul 8, 2013",,Free transfer,Slovenia,4059.0,Mura 05 ,89593,200 Th. €,Mario Sacer,13/14,Croatia,999.0,NK Istra 1961  
"Oct 18, 2012",,-,Slovenia,515.0,Unattached ,89593,400 Th. €,Mario Sacer,12/13,,4059.0,Mura 05 
"Aug 31, 2012",,-,Croatia,447.0,Hajduk Split ,89593,400 Th. €,Mario Sacer,12/13,,515.0,Unattached 
"Jun 30, 2012",,End of loan,Croatia,599.0,NK Varazdin ,89593,400 Th. €,Mario Sacer,11/12,Croatia,447.0,Hajduk Split 
"Jul 1, 2011",,Loan,Croatia,447.0,Hajduk Split ,89593,300 Th. €,Mario Sacer,11/12,Croatia,599.0,NK Varazdin 
"Dec 31, 2010",,End of loan,Croatia,599.0,NK Varazdin ,89593,200 Th. €,Mario Sacer,10/11,Croatia,447.0,Hajduk Split 
"Jan 1, 2010",,Loan,Croatia,447.0,Hajduk Split ,89593,25 Th. €,Mario Sacer,09/10,Croatia,599.0,Varteks 
"Jul 1, 2009",,131 Th. €,Croatia,599.0,Varteks ,89593,-,Mario Sacer,09/10,Croatia,447.0,Hajduk Split 
"Jan 1, 2009",,-,Croatia,14448.0,Varteks U19 ,89593,-,Mario Sacer,08/09,Croatia,599.0,Varteks 
"Jan 1, 2013",,-,Slovenia,24864.0,Olimpija  U19 ,248315,-,Nik Kapun,12/13,Slovenia,4772.0,NK Olimpija 
"Jul 1, 2014",,-,Slovenia,30050.0,ND Mura 05 U19 ,269820,-,Kevin Poredos,14/15,Slovenia,4059.0,Mura 05 
"Jul 1, 2013",,-,Slovenia,28846.0,NK Triglav U19 ,250365,-,Igor Bukara,13/14,Slovenia,17836.0,NK Triglav 
,'NoneType' object has no attribute 'find_all',,,,,100304,,,,,,
,'NoneType' object has no attribute 'find_all',,,,,113041,,,,,,
"Jun 30, 2014",,End of loan,Slovenia,5862,ND Gorica ,125810,75 Th. €,Jan Dornik,13/14,Slovenia,21411,Adria Miren 
"Aug 21, 2013",,Loan,Slovenia,5862,ND Gorica ,125810,75 Th. €,Jan Dornik,13/14,Slovenia,21411,Adria Miren 
"Jul 1, 2012",,-,Slovenia,17391,Gorica U19 ,125810,-,Jan Dornik,12/13,Slovenia,5862,ND Gorica 
,'NoneType' object has no attribute 'find_all',,,,,183842,,,,,,
,'NoneType' object has no attribute 'find_all',,,,,112682,,,,,,
