name,day of death,Complete name,Contract option,Contract there until,Date of last contract extension,Outfitter,Shoe model,Shoe size,facebook,instagram,on loan from,on loan from club id,twitter,website,Age,Contract until,Country of birth,Current club,Current club id,Date of birth,Detailed position,Display name,Foot,Height,In the team since,Intl caps/goals,Name in home country,National team id,Nationality,Place of birth,Player's agent,Player's agent id,Position,birthDate,id
,,,,,,Under Armour,,,,https://instagram.com/jermainejunior/#,,,https://twitter.com/Jermainejunior,https://www.jermaine-jones.de/,34.0,31.12.2016,Germany,Colorado Rapids,1247.0,"Nov 3, 1981",Main position:Defensive Midfield Side position: Attacking Midfield Centre Back,Jermaine Jones,both,"1,84 m","Mar 5, 2016",58/3,,3505.0,United States   Germany,Frankfurt am Main,WMG,440.0,Midfield - Defensive Midfield,"Nov 3, 1981 (34)",1321.0
,,,,,,,,,,,,,,,36.0,-,Denmark,End of career,123.0,"Feb 28, 1980",Main position:Defensive Midfield Side position: Central Midfield Right-Back,Christian Poulsen,right,"1,81 m","Jun 30, 2015",92/6,Christian Bjørnshøj Poulsen,3436.0,Denmark,Asnæs,Joern Bonnesen,1031.0,Midfield - Defensive Midfield,"Feb 28, 1980 (36)",1443.0
,,,one further year,,,Nike,,,https://www.facebook.com/Rafvdvaart,,,,https://twitter.com/rafvdvaart,,33.0,30.06.2017,Netherlands,Real Betis Balompié,150.0,"Feb 11, 1983",Main position:Attacking Midfield Side position: Central Midfield,Rafael van der Vaart,left,"1,76 m","Jul 1, 2015",109/25,Rafael Ferdinand van der Vaart,3379.0,Netherlands,Heemskerk,Robert Geerlings,425.0,Midfield - Attacking Midfield,"Feb 11, 1983 (33)",4192.0
,,,club option 1 year,,"Feb 18, 2015",,,,,,,,,,35.0,30.06.2016,France,SC Bastia,595.0,"Aug 11, 1980",Main position:Centre Back,Sébastien Squillaci,right,"1,85 m","Jul 16, 2013",21/0,,3377.0,France,Toulon,Alain Migliaccio,196.0,Defence - Centre Back,"Aug 11, 1980 (35)",5293.0
,,,,,,,,,,,,,,,32.0,30.06.2017,Cameroon,Antalyaspor,589.0,"May 29, 1983",Main position:Defensive Midfield Side position: Central Midfield Left Midfield,Jean II Makoun,right,"1,73 m","Aug 27, 2015",68/5,,3434.0,Cameroon   France,Yaoundé,Smart Sports Management,2757.0,Midfield - Defensive Midfield,"May 29, 1983 (32)",5648.0
,,,,,,,,,,,,,,,36.0,30.06.2016,CSSR,Tom Tomsk,3691.0,"May 25, 1979",Main position:Centre Back Side position: Right-Back,Martin Jiranek,right,"1,90 m","Sep 1, 2013",31/0,Martin Jiránek,3445.0,Czech Republic,Prag,"SPORT INVEST International, a. s.",11.0,Defence - Centre Back,"May 25, 1979 (36)",6065.0
,,,,,,,,,,,,,,,32.0,30.06.2018,Romania,Steaua Bucharest,301.0,"Nov 9, 1983",Main position:Centre Back Side position: Right-Back Defensive Midfield,Gabriel Tamas,right,"1,88 m","Feb 3, 2016",65/3,Gabriel Sebastian Tamaş,3447.0,Romania,Braşov,CFA,2837.0,Defence - Centre Back,"Nov 9, 1983 (32)",6893.0
,,,,,,,,,,,,,,,34.0,-,Spain,End of career,123.0,"Aug 3, 1981",Main position:Centre Back,Pablo Ibáñez,right,"1,92 m","Jul 1, 2013",24/0,Pablo Ibáñez Tébar,3375.0,Spain,Madrigueras,,,Defence - Centre Back,"Aug 3, 1981 (34)",8116.0
,,,,30.06.2016,,Nike,,,,,Stoke City,512.0,https://twitter.com/OdemwingieP,,34.0,31.05.2016,UDSSR,Bristol City,698.0,"Jul 15, 1981",Main position:Right Wing Side position: Centre Forward Left Wing,Peter Odemwingie,right,"1,81 m","Mar 11, 2016",62/11,Peter Osaze Odemwingie,3444.0,Nigeria   Russia,Tashkent,11 Africa Stars Football Management,2356.0,Striker - Right Wing,"Jul 15, 1981 (34)",12516.0
,,,,,,,,,https://www.facebook.com/yayatoure,,,,https://twitter.com/Toure_yaya42,https://www.yayatoure.net,33.0,30.06.2017,Cote d'Ivoire,Manchester City,281.0,"May 13, 1983",Main position:Central Midfield Side position: Defensive Midfield Attacking Midfield,Yaya Touré,right,"1,88 m","Jul 2, 2010",97/19,Gnégnéri Yaya Touré,3591.0,Cote d'Ivoire,Sekoura Bouaké,Not clarified,946.0,Midfield - Central Midfield,"May 13, 1983 (33)",13091.0
,,,,,,Nike,,,,,,,,,33.0,30.06.2016,Portugal,Fenerbahce SK,36.0,"Mar 17, 1983",Main position:Central Midfield Side position: Defensive Midfield Attacking Midfield,Raul Meireles,both,"1,79 m","Sep 3, 2012",76/10,Raul José Trindade Meireles,3300.0,Portugal,Porto,Dea football investment,3525.0,Midfield - Central Midfield,"Mar 17, 1983 (33)",13168.0
,,,,,,,,,,,,,,,33.0,30.06.2016,England,Ipswich Town,677.0,"Sep 28, 1982",Main position:Left Wing Side position: Centre Forward Right Wing,Luke Varney,right,"1,81 m","Dec 18, 2015",,Luke Ivan Varney,,England,Leicester,Crown Football Ltd,3590.0,Striker - Left Wing,"Sep 28, 1982 (33)",14177.0
,,,,,"Mar 11, 2016",,,,,,,,,,33.0,30.06.2017,Wales,Nottingham Forest,703.0,"Feb 18, 1983",Main position:Defensive Midfield Side position: Central Midfield,David Vaughan,left,"1,71 m","Jul 1, 2014",41/1,David Owen Vaughan,3864.0,Wales,Abergele,Base Soccer Agency Ltd,674.0,Midfield - Defensive Midfield,"Feb 18, 1983 (33)",14178.0
,,,,,,,,,,,,,,,33.0,31.12.2017,Paraguay,Club Libertad Asunción,9875.0,"Jul 30, 1982",Main position:Centre Back,Antolín Alcaraz,right,"1,87 m","Feb 18, 2016",24/2,Antolín Alcaraz Viveros,3581.0,Paraguay   Italy,San Roque Gonzélez de Santa Cruz,Barry Thomas,2141.0,Defence - Centre Back,"Jul 30, 1982 (33)",14259.0
,,,,,,,,,,,,,,,35.0,-,Jugoslawien (SFR),End of career,123.0,"Apr 18, 1981",Main position:Left Wing Side position: Centre Forward Left Midfield,Milan Jovanovic,left,"1,83 m","Jul 1, 2013",44/11,Милан Јовановић,3438.0,Serbia,Bajina Basta,Friends & Football International LLC,1893.0,Striker - Left Wing,"Apr 18, 1981 (35)",14933.0
,,,both parties 1 year,,,,,,,,,,,,37.0,30.06.2016,Jugoslawien (SFR),Deportivo de La Coruña,897.0,"Jan 8, 1979",Main position:Keeper,Stipe Pletikosa,right,"1,93 m","Jan 1, 2016",114/0,,3556.0,Croatia,Split,Relatives,1207.0,Goalkeeper,"Jan 8, 1979 (37)",14937.0
,,,,,"Feb 1, 2015",,,,,,,,,,32.0,31.12.2017,UDSSR,Krylya Sovetov Samara,2696.0,"Jun 14, 1983",Main position:Centre Forward,Sergey Kornilenko,left,"1,86 m","Aug 1, 2011",73/17,Корниленко Сергей Александрович,3450.0,Belarus,Vitebsk,,,Striker - Centre Forward,"Jun 14, 1983 (32)",15881.0
,,,,30.06.2018,,,,,,,Middlesbrough FC,641.0,,,30.0,31.05.2016,England,Sheffield United,350.0,"Jan 31, 1986",Main position:Right-Back Side position: Centre Back Left-Back,Alex Baptiste,right,"1,80 m","Mar 1, 2016",,Alexander Aaron John Baptiste,,England,Sutton-in-Ashfield,,,Defence - Right-Back,"Jan 31, 1986 (30)",16660.0
,,,,,,,,,,,,,,,31.0,30.06.2016,Chile,CSD Colo Colo,2433.0,"Jun 1, 1984",Main position:Left-Back Side position: Left Wing Left Midfield,Jean Beausejour,left,"1,79 m","Jul 1, 2014",75/6,Jean André Emanuel Beausejour Coliqueo,3700.0,Chile   Haiti,Santiago de Chile,No agent,96.0,Defence - Left-Back,"Jun 1, 1984 (31)",18871.0
,,,,,,,,,,,,,,,29.0,30.06.2016,France,OGC Nice,417.0,"Mar 7, 1987",Main position:Attacking Midfield Side position: Left Wing Right Wing,Hatem Ben Arfa,left,"1,79 m","Jul 1, 2015",15/2,حاتم بن عرفة,3377.0,France   Tunisia,Clamart,Mondial Sport,2106.0,Midfield - Attacking Midfield,"Mar 7, 1987 (29)",18900.0
,,,,,"Jul 11, 2014",,,,,,,,,,32.0,30.06.2016,France,Crystal Palace,873.0,"Jan 10, 1984",Main position:Centre Forward Side position: Secondary Striker,Marouane Chamakh,right,"1,88 m","Aug 12, 2013",62/17,مروان الشماخ‎,3575.0,Morocco   France,Tonneins,Mondial Promotion,926.0,Striker - Centre Forward,"Jan 10, 1984 (32)",19085.0
,,,,,"Jan 29, 2016",,,,https://www.facebook.com/moussadembeleweb/,,,,https://twitter.com/mousadembele,,28.0,30.06.2019,Belgium,Tottenham Hotspur,148.0,"Jul 16, 1987",Main position:Central Midfield Side position: Attacking Midfield Right Midfield,Mousa Dembélé,left,"1,85 m","Aug 29, 2012",61/5,Mousa Sidi Yaya Dembélé,3382.0,Belgium   Mali,Antwerpen,Not clarified,946.0,Midfield - Central Midfield,"Jul 16, 1987 (28)",19368.0
,,,,,,,,,,,,,,,35.0,-,Jugoslawien (SFR),Unattached,515.0,"Sep 25, 1980",Main position:Centre Forward,Nikola Zigic,right,"2,02 m","Jul 1, 2015",43/16,Никола Жигић,3438.0,Serbia,Bačka Topola,Milan Calasan,751.0,Striker - Centre Forward,"Sep 25, 1980 (35)",19729.0
,,,,,,,,,,,,,,,30.0,-,Morocco,Unattached,515.0,"Aug 21, 1985",Main position:Left-Back Side position: Centre Back Defensive Midfield,Salaheddine Sbaï,left,"1,78 m","Dec 16, 2013",2/0,,3575.0,Morocco   Belgium,Sidi Kacem,Mondial Promotion,926.0,Defence - Left-Back,"Aug 21, 1985 (30)",22352.0
Anders Lindegaard,,,,30.06.2017,,,,,,,West Bromwich Albion,984.0,https://twitter.com/ALindegaard,,32.0,31.05.2016,Denmark,Preston North End,466.0,"Apr 13, 1984",Main position:Keeper,Anders Lindegaard,right,"1,93 m","Jan 23, 2016",5/0,Anders Rosenkrantz Lindegaard,3436.0,Denmark,Dyrup,people in sport,1978.0,Goalkeeper,"Apr 13, 1984 (32)",22491.0
Dekel Keinan,,,,,,,,,,,,,,,31.0,-,Israel,Maccabi Haifa,1064.0,"Sep 15, 1984",Main position:Centre Back,Dekel Keinan,left,"1,85 m","Sep 18, 2012",27/0,דֶקֶל קֵינַן,5547.0,Israel,Rosh HaNikra,Top Sport Services,231.0,Defence - Centre Back,"Sep 15, 1984 (31)",24476.0
,,,relegation clause,,,,,,,,,,,,31.0,30.06.2018,Netherlands,NAC Breda,132.0,"Jun 18, 1984",Main position:Central Midfield Side position: Right Midfield Right-Back,Ronnie Stam,right,"1,79 m","Jul 26, 2015",0/0,Ron Theodorus Stam,3379.0,Netherlands,Breda,Gurrieri Calcio Management,1603.0,Midfield - Central Midfield,"Jun 18, 1984 (31)",24877.0
,,,,,"Dec 18, 2015",Nike,"Tiempo Legend VI FG - Radiant Reveal since Apr 1, 2016",,https://www.facebook.com/pages/J%C3%A9r%C3%B4me-Boateng-Official/149547611758847,https://instagram.com/jeromeboateng,,,https://twitter.com/JB17Official,https://jboateng.com/,27.0,30.06.2021,Germany,Bayern Munich,27.0,"Sep 3, 1988",Main position:Centre Back Side position: Right-Back Defensive Midfield,Jérôme Boateng,right,"1,92 m","Jul 14, 2011",57/0,Jérôme Agyenim Boateng,3262.0,Germany,Berlin,SAM SPORTS,3313.0,Defence - Centre Back,"Sep 3, 1988 (27)",26485.0
,,,one further year,,,,,,,,,,,,30.0,30.06.2017,Ghana,Shanghai SIPG,27190.0,"Nov 22, 1985",Main position:Centre Forward,Asamoah Gyan,right,"1,80 m","Jul 8, 2015",95/48,,3441.0,Ghana,Accra,SPORTFRONT GmbH,2365.0,Striker - Centre Forward,"Nov 22, 1985 (30)",26802.0
Marcos Angeleri,,,,,,Nike,,,,,,,,,33.0,30.06.2018,Argentina,Club Atlético San Lorenzo de Almagro,1775.0,"Apr 7, 1983",Main position:Centre Back Side position: Right-Back,Marcos Angeleri,right,"1,82 m","Jan 30, 2016",4/0,Marcos Alberto Angeleri,3437.0,Argentina   Italy,Treinta de Agosto,M.S.C. Management,1259.0,Defence - Centre Back,"Apr 7, 1983 (33)",27448.0
,,,,,,adidas,,,https://www.facebook.com/edindzeko?fref=ts,,,,https://twitter.com/EdDzeko,https://www.edindzeko.ba/,30.0,30.06.2020,Jugoslawien (SFR),AS Roma,12.0,"Mar 17, 1986",Main position:Centre Forward,Edin Dzeko,both,"1,92 m","Jul 1, 2016",78/46,Edin Džeko,3446.0,Bosnia-Herzegovina,Sarajevo,Irfan Redžepagić,2855.0,Striker - Centre Forward,"Mar 17, 1986 (30)",28396.0
,,,one further year,,"Jun 20, 2015",,,,,,,,https://twitter.com/Charlie26Adam,,30.0,30.06.2017,Scotland,Stoke City,512.0,"Dec 10, 1985",Main position:Central Midfield Side position: Attacking Midfield Left Midfield,Charlie Adam,left,"1,85 m","Aug 31, 2012",26/0,Charles Graham Adam,3380.0,Scotland,Dundee,,,Midfield - Central Midfield,"Dec 10, 1985 (30)",28990.0
,,,,,,,,,,,,,,,28.0,31.12.2019,United States,Toronto FC,11141.0,"Jul 31, 1987",Main position:Central Midfield Side position: Defensive Midfield Attacking Midfield,Michael Bradley,right,"1,89 m","Jan 9, 2014",113/15,Michael Sheehan Bradley,3505.0,United States,"Princeton, New Jersey",Football Company Srl,2007.0,Midfield - Central Midfield,"Jul 31, 1987 (28)",30593.0
,,,,,,,,,,,,,,,28.0,30.06.2019,Belgium,Eskisehirspor,825.0,"Nov 5, 1987",Main position:Keeper,Ruud Boffin,right,"1,96 m","Jul 1, 2012",,Ruud Jorge Boffin,,Belgium,Sint-Truiden,Soccer and more,496.0,Goalkeeper,"Nov 5, 1987 (28)",31336.0
,,,,,,,,,,,,,https://twitter.com/carlossalcido7,,36.0,-,Mexico,Deportivo Guadalajara,6711.0,"Apr 2, 1980",Main position:Defensive Midfield Side position: Left-Back Centre Back,Carlos Salcido,right,"1,70 m","Jul 1, 2014",120/10,Carlos Arnoldo Salcido Flores,6303.0,Mexico,Ocotlán,James Grant Sports Management,641.0,Midfield - Defensive Midfield,"Apr 2, 1980 (36)",31434.0
Ján Mucha,,,,,,,,,,,,,,,33.0,30.06.2019,CSSR,Slovan Bratislava,540.0,"Dec 5, 1982",Main position:Keeper,Ján Mucha,right,"1,89 m","Jul 1, 2015",45/0,,3503.0,Slovakia,Belá nad Cirochou,Jozef Tokos,307.0,Goalkeeper,"Dec 5, 1982 (33)",33195.0
,,,,,"Oct 28, 2015",,,,,,,,,,28.0,30.06.2018,Ireland,Bradford City,1027.0,"Dec 13, 1987",Main position:Secondary Striker Side position: Left Wing Right Wing,Billy Clarke,left,"1,70 m","Jul 1, 2014",11/2,William Charles Clarke,21103.0,Ireland,Cork,,,Striker - Secondary Striker,"Dec 13, 1987 (28)",33248.0
,,,,,,,,,,,,,,,29.0,30.06.2017,Cote d'Ivoire,Newcastle United,762.0,"Jun 21, 1986",Main position:Defensive Midfield Side position: Central Midfield,Cheik Tioté,right,"1,80 m","Aug 26, 2010",55/1,Cheik Ismael Tioté,3591.0,Cote d'Ivoire,Yamoussoukro,Distinct Agency,3659.0,Midfield - Defensive Midfield,"Jun 21, 1986 (29)",33478.0
,,,,,"Aug 12, 2014",adidas,,,https://www.facebook.com/davidsilvaoficial,,,,https://twitter.com/21LVA,https://www.davidjimenezsilva.com/,30.0,30.06.2019,Spain,Manchester City,281.0,"Jan 8, 1986",Main position:Attacking Midfield Side position: Right Wing Left Wing,David Silva,left,"1,70 m","Jul 14, 2010",96/23,David Josué Jiménez Silva,3375.0,Spain,Arguineguín,IFM,2741.0,Midfield - Attacking Midfield,"Jan 8, 1986 (30)",35518.0
,,,one further year,,,,,,,,,,,,29.0,30.06.2016,Nigeria,MSV Duisburg,52.0,"Mar 25, 1987",Main position:Secondary Striker Side position: Left Wing Centre Forward,Victor Obinna,left,"1,78 m","Sep 9, 2015",46/11,Victor Nsofor Obinna,3444.0,Nigeria,Jos,GSM Karrieremanagement&Strategie,3650.0,Striker - Secondary Striker,"Mar 25, 1987 (29)",35852.0
Somen Tchoyi,,,,,,,,,,,,,,,33.0,-,Cameroon,Unattached,515.0,"Mar 29, 1983",Main position:Attacking Midfield Side position: Right Wing Left Wing,Somen Tchoyi,both,"1,90 m","Jan 4, 2016",15/2,Somen Alfred Tchoyi,3434.0,Cameroon,Douala,Kick Unit Austria,2203.0,Midfield - Attacking Midfield,"Mar 29, 1983 (33)",37058.0
,,,,,,,,,,,,,,,31.0,30.06.2016,Benin,West Bromwich Albion,984.0,"Jun 1, 1984",Main position:Secondary Striker Side position: Right Wing Left Wing,Stéphane Sessègnon,right,"1,68 m","Sep 2, 2013",60/15,,3955.0,Benin,Allahe,EUROPE SPORTS GROUP,1635.0,Striker - Secondary Striker,"Jun 1, 1984 (31)",37157.0
Winston Reid,,,,,"Mar 5, 2015",,,,,,,,https://twitter.com/WinstonReid2,,27.0,30.06.2021,New Zealand,West Ham United,379.0,"Jul 3, 1988",Main position:Centre Back,Winston Reid,right,"1,90 m","Aug 5, 2010",19/1,Winston Wiremu Reid,9171.0,New Zealand   Denmark,Auckland,Boutique Transfers and Management ApS,300.0,Defence - Centre Back,"Jul 3, 1988 (27)",37526.0
Cristian Riveros,,,,,,,,,,,,,,,33.0,31.12.2017,Paraguay,Olimpia Asunción,629.0,"Oct 16, 1982",Main position:Defensive Midfield Side position: Central Midfield,Cristian Riveros,right,"1,79 m","Jan 10, 2015",90/15,Cristian Miguel Riveros Núñez,3581.0,Paraguay,Juan Augusto Saldívar,EUROPE SPORTS GROUP,1635.0,Midfield - Defensive Midfield,"Oct 16, 1982 (33)",37713.0
,,,,,,,,,,,,,,,34.0,-,England,Ashton Town AFC,40481.0,"Oct 3, 1981",Main position:Right-Back,Danny Coid,right,"1,80 m","Jan 1, 2015",,Daniel John Coid,,England,Liverpool,WMG Management (SFX Sports),193.0,Defence - Right-Back,"Oct 3, 1981 (34)",37898.0
,,,,,,,,,,,,,,,32.0,30.06.2017,England,Preston North End,466.0,"Dec 9, 1983",Main position:Centre Forward,Jermaine Beckford,right,"1,88 m","Jul 1, 2015",6/1,Jermaine Paul Alexander Beckford,3671.0,Jamaica   England,London,,,Striker - Centre Forward,"Dec 9, 1983 (32)",38874.0
,,,,,,,,,,,,,https://twitter.com/dembabafoot,https://www.demba-ba.eu,30.0,30.06.2018,France,Shanghai Greenland Shenhua,3183.0,"May 25, 1985",Main position:Centre Forward Side position: Left Wing Right Wing,Demba Ba,right,"1,89 m","Jul 1, 2015",22/4,,3499.0,Senegal   France,Sèvres,Foot & Ball,458.0,Striker - Centre Forward,"May 25, 1985 (30)",40205.0
,,,,,,adidas,"X15 Bold Orange since Oct 2, 2015","8,5",,,,,,,30.0,-,Chile,Club Universidad de Chile,1037.0,"Aug 29, 1985",Main position:Centre Back Side position: Right-Back,Gonzalo Jara,right,"1,78 m","Jan 18, 2016",87/3,Gonzalo Alejandro Jara Reyes,3700.0,Chile,Santiago de Chile,Alan Silbermann,424.0,Defence - Centre Back,"Aug 29, 1985 (30)",40429.0
Mauro Boselli,,,,,"Sep 18, 2014",,,,,,,,,,30.0,30.06.2017,Argentina,Club León FC,4941.0,"May 22, 1985",Main position:Centre Forward,Mauro Boselli,right,"1,85 m","Jul 1, 2013",4/1,Mauro Boselli,3437.0,Argentina   Mexico,Buenos Aires,Jose Rafael Iribarren,2460.0,Striker - Centre Forward,"May 22, 1985 (30)",40822.0
,,,,,,,,,,,,,,,27.0,31.12.2016,France,Lilleström SK,353.0,"Aug 25, 1988",Main position:Central Midfield Side position: Defensive Midfield,Malaury Martin,right,"1,80 m","Aug 1, 2015",1/0,,9323.0,France,Nizza,Generation Football Management,1836.0,Midfield - Central Midfield,"Aug 25, 1988 (27)",40875.0
James McArthur,,,,,"Jul 7, 2015",,,,,,,,https://twitter.com/jamesmcarthur16,,28.0,30.06.2018,Scotland,Crystal Palace,873.0,"Oct 7, 1987",Main position:Central Midfield Side position: Defensive Midfield,James McArthur,right,"1,78 m","Sep 1, 2014",23/1,,3380.0,Scotland,Glasgow,Willie McKay,242.0,Midfield - Central Midfield,"Oct 7, 1987 (28)",41416.0
,,,,,,,,,,,,,,,27,30.06.2017,France,FC Viitorul,29831,"Jun 12, 1988",Main position:Centre Back Side position: Defensive Midfield Central Midfield,Hérold Goulon,right,"1,95 m","Jan 27, 2016",3/0,Darryl Hérold Goulon,9323,France,Paris,Rispect Sports Agency,2907,Defence - Centre Back,"Jun 12, 1988 (27)",41978.0
,,,,,,,,,,,,,,,27.0,-,England,Unattached,515.0,"Jun 15, 1988",Main position:Left Wing Side position: Centre Forward Left Midfield,Ishmel Demontagnac,left,"1,78 m","Jan 31, 2014",1/0,Ishmel Abendigo Demontagnac,21340.0,England,London,,,Midfield - Left Wing,"Jun 15, 1988 (27)",42188.0
,,,,,,,,,,,,,,,27.0,30.06.2017,Ireland,Brentford FC,1148.0,"Nov 11, 1988",Main position:Central Midfield Side position: Left Midfield Right Midfield,Alan Judge,right,"1,69 m","Jul 1, 2014",1/0,Alan Christopher Judge,3509.0,Ireland,Dublin,,,Midfield - Central Midfield,"Nov 11, 1988 (27)",42249.0
Ludovic Sylvestre,,,,,,,,,,,,,,,32.0,30.06.2016,France,Caykur Rizespor,126.0,"Feb 5, 1984",Main position:Central Midfield Side position: Defensive Midfield Attacking Midfield,Ludovic Sylvestre,right,"1,82 m","Jul 1, 2013",,,,France   Guadeloupe,Le Blanc-Mesnil,,,Midfield - Central Midfield,"Feb 5, 1984 (32)",43248.0
,,,,,,adidas,"X 15.1 White Synthetik since Apr 1, 2016",,https://www.facebook.com/Luis-Suarez-167866666571743/?ref=ts&fref=ts,https://www.instagram.com/luissuarez9/,,,https://twitter.com/luissuarez9,https://www.luissuarez9.com,29.0,30.06.2019,Uruguay,FC Barcelona,131.0,"Jan 24, 1987",Main position:Centre Forward Side position: Right Wing Left Wing,Luis Suárez,right,"1,82 m","Jul 11, 2014",84/45,Luis Alberto Suárez Díaz,3449.0,Uruguay,Salto,Pere Guardiola,2777.0,Striker - Centre Forward,"Jan 24, 1987 (29)",44352.0
,,,,,,adidas,,,,,,,,,29.0,30.06.2016,Spain,Aarhus GF,678.0,"Feb 25, 1987",Main position:Centre Back Side position: Right-Back,Adrián López,right,"1,84 m","Jul 9, 2015",,Adrián López Rodríguez,,Spain,As Pontes,Eugenio Botas Asesoria Deportiva,3093.0,Defence - Centre Back,"Feb 25, 1987 (29)",44966.0
,,,,,,,,,,,,,,,35.0,-,England,End of career,123.0,"Apr 24, 1981",Main position:Central Midfield Side position: Defensive Midfield Right Midfield,Keith Southern,right,"1,78 m","Jul 1, 2015",,Keith William Southern,,England,Gateshead,,,Midfield - Central Midfield,"Apr 24, 1981 (35)",44986.0
,,,,30.06.2018,,Puma,,,https://www.facebook.com/MarioOfficialBalotelli/frefts,https://instagram.com/mb459,Liverpool FC,31.0,https://twitter.com/FinallyMario,,25.0,30.06.2016,Italy,AC Milan,5.0,"Aug 12, 1990",Main position:Centre Forward Side position: Left Wing Right Wing,Mario Balotelli,right,"1,89 m","Aug 27, 2015",33/13,Mario Barwuah Balotelli,3376.0,Italy   Ghana,Palermo,Mino Raiola,282.0,Striker - Centre Forward,"Aug 12, 1990 (25)",45146.0
Leigh Griffiths,,,,,"Dec 18, 2015",,,,,,,,,,25.0,30.06.2021,Scotland,Celtic FC,371.0,"Aug 20, 1990",Main position:Centre Forward Side position: Right Wing Secondary Striker,Leigh Griffiths,left,"1,80 m","Jan 31, 2014",7/0,,3380.0,Scotland,Edinburgh,ISC International,2351.0,Striker - Centre Forward,"Aug 20, 1990 (25)",45611.0
,,,,,,,,,,,,,https://twitter.com/lukedaniels88,,28.0,30.06.2017,England,Scunthorpe United,2964.0,"Jan 5, 1988",Main position:Keeper,Luke Daniels,right,"1,95 m","Jan 21, 2015",2/0,Luke Matthew Daniels,21340.0,England,Bolton,,,Goalkeeper,"Jan 5, 1988 (28)",45921.0
,,,,,"Jun 12, 2014",Nike,,,,,,,https://twitter.com/Kolarov13A,,30.0,30.06.2018,Jugoslawien (SFR),Manchester City,281.0,"Nov 10, 1985",Main position:Left-Back Side position: Left Midfield,Aleksandar Kolarov,left,"1,86 m","Jul 24, 2010",61/8,Александар Коларов,3438.0,Serbia,Belgrad,Sergio Berti,506.0,Defence - Left-Back,"Nov 10, 1985 (30)",46156.0
,,David Luiz Moreira Marinho,,,,Nike,"Magista Obra FG - Radiant Reveal since Apr 1, 2016",,https://www.facebook.com/DavidLuizOfficial,https://www.instagram.com/davidluiz_4/,,,https://twitter.com/DavidLuiz_4,,29.0,30.06.2018,Brazil,Paris Saint-Germain,583.0,"Apr 22, 1987",Main position:Centre Back Side position: Defensive Midfield,David Luiz,both,"1,89 m","Jul 1, 2014",56/3,,3439.0,Brazil   Portugal,Diadema,Euro Export Assessoria e Propaganda Ltda.,724.0,Defence - Centre Back,"Apr 22, 1987 (29)",46741.0
,,,,,"May 15, 2015",,,,,,,,,,29.0,30.06.2019,England,Crystal Palace,873.0,"Jun 26, 1986",Main position:Right Wing Side position: Attacking Midfield Left Wing,Jason Puncheon,left,"1,73 m","Jan 31, 2014",,Jason David Ian Puncheon,,England   Jamaica,London,,,Midfield - Right Wing,"Jun 26, 1986 (29)",47995.0
,,,,,,,,,,,,,,,41.0,-,Brazil,Unattached,515.0,"Apr 18, 1975",Main position:Keeper,Adriano Basso,right,"1,85 m","Jul 1, 2012",,,,Brazil   Italy,Jundiaí,Majestic Management,1789.0,Goalkeeper,"Apr 18, 1975 (41)",48083.0
,,,,,,,,,,,,,,,33.0,30.06.2016,England,Burnley FC,1132.0,"Jun 4, 1982",Main position:Keeper,Matthew Gilks,right,"1,85 m","Jul 2, 2014",3/0,,3380.0,Scotland   England,Rochdale,Base Soccer Agency Ltd,674.0,Goalkeeper,"Jun 4, 1982 (33)",48254.0
,,,,,"Jan 17, 2016",,,,,,,,https://twitter.com/GTF_12,,34.0,31.05.2016,England,Tranmere Rovers,1074.0,"Jun 4, 1981",Main position:Right Wing Side position: Centre Forward Left Wing,Gary Taylor-Fletcher,right,"1,83 m","Oct 16, 2015",,,,England,Liverpool,,,Striker - Right Wing,"Jun 4, 1981 (34)",49101.0
,,,,,,,,,,,,,,,30.0,30.06.2018,England,Queens Park Rangers,1039.0,"Sep 28, 1985",Main position:Right-Back Side position: Centre Back Defensive Midfield,James Perch,right,"1,80 m","Jul 31, 2015",,James Robert Perch,,England   Jamaica,Mansfield,DM Football Advice International,2982.0,Defence - Right-Back,"Sep 28, 1985 (30)",49409.0
,,,,,,,,,,,,,,,27.0,30.06.2016,Wales,Birmingham City,337.0,"Nov 6, 1988",Main position:Right-Back Side position: Centre Back,Neal Eardley,right,"1,80 m","Jul 1, 2013",16/0,Neal James Eardley,3864.0,Wales,Llandudno,,,Defence - Right-Back,"Nov 6, 1988 (27)",49428.0
,,,,,,,,,,,,,,,26.0,30.06.2016,England,Rotherham United,1194.0,"May 15, 1990",Main position:Left-Back,Joe Mattock,left,"1,81 m","Jul 1, 2015",5/0,Joseph William Mattock,9565.0,England,Leicester,,,Defence - Left-Back,"May 15, 1990 (26)",49611.0
Andreas Weimann,,,,,,,,,https://www.facebook.com/weimann.andreas,,,,https://twitter.com/andiweimann,https://www.andreasweimann.com,24.0,30.06.2019,Austria,Derby County,22.0,"Aug 5, 1991",Main position:Centre Forward Side position: Left Wing Right Wing,Andreas Weimann,right,"1,79 m","Jul 1, 2015",14/0,,3383.0,Austria,Wien,Topscore Soccer Consultancy,735.0,Striker - Centre Forward,"Aug 5, 1991 (24)",49693.0
,,,,,"Jan 18, 2016",Nike,,,https://www.facebook.com/mignolet22,https://www.instagram.com/22mignolet22,,,https://twitter.com/SMignolet,https://www.simonmignolet.com,28.0,30.06.2021,Belgium,Liverpool FC,31.0,"Mar 6, 1988",Main position:Keeper,Simon Mignolet,right,"1,93 m","Jul 1, 2013",15/0,Simon Luc Hildebert Mignolet,3382.0,Belgium,Sint-Truiden,Cherry Sports,2431.0,Goalkeeper,"Mar 6, 1988 (28)",50219.0
Jacob Mellis,,,,,,,,,,,,,,,25.0,30.06.2017,England,Bury FC,2413.0,"Jan 8, 1991",Main position:Central Midfield Side position: Right Midfield Left Midfield,Jacob Mellis,right,"1,81 m","Jul 1, 2015",12/4,Jacob Alexander Mellis,21340.0,England,Nottingham,Full Contact,2848.0,Midfield - Central Midfield,"Jan 8, 1991 (25)",50379.0
Chicharito,,Javier Hernández Balcázar,,,,Nike,"Mercurial Superfly FG - Radiant Reveal since Apr 1, 2016",,,https://www.instagram.com/ch14_instagram/,,,https://twitter.com/ch14_,https://www.javierhernandezonline.com,27.0,30.06.2018,Mexico,Bayer 04 Leverkusen,15.0,"Jun 1, 1988",Main position:Centre Forward,Chicharito,right,"1,75 m","Aug 31, 2015",80/43,,6303.0,Mexico,Guadalajara,Relatives,1207.0,Striker - Centre Forward,"Jun 1, 1988 (27)",50935.0
Pablo Barrera,,,,,,,,,,,,,,,28.0,-,Mexico,CF Monterrey,2407.0,"Jun 21, 1987",Main position:Right Wing Side position: Right Midfield Attacking Midfield,Pablo Barrera,right,"1,75 m","Jan 1, 2015",57/6,Pablo Édson Barrera Acosta,6303.0,Mexico,Tlalnepantla,SHINE Entertainment Media,3701.0,Midfield - Right Wing,"Jun 21, 1987 (28)",51079.0
,,,,,,,,,,,,,https://twitter.com/_PvA_official,,25.0,30.06.2018,Netherlands,Sunderland AFC,289.0,"Aug 29, 1990",Main position:Left-Back,Patrick van Aanholt,left,"1,76 m","Jul 25, 2014",4/0,Patrick John Miguel van Aanholt,3379.0,Netherlands   Curacao,'s-Hertogenbosch,,,Defence - Left-Back,"Aug 29, 1990 (25)",52119.0
,,,,,,,,,,,,,,,33.0,-,Colombia,Independiente Medellín,10093.0,"Jul 20, 1982",Main position:Keeper,David González,right,"1,93 m","Jan 1, 2016",1/0,David González Giraldo,3816.0,Colombia,Medellín,,,Goalkeeper,"Jul 20, 1982 (33)",52267.0
David Amoo,,,,,"May 12, 2016",,,,,,,,,,25.0,31.05.2017,England,Partick Thistle FC,2760.0,"Apr 13, 1991",Main position:Right Wing Side position: Left Wing Secondary Striker,David Amoo,right,"1,78 m","Jul 1, 2015",,David Oluwaseun Segun Amoo,,England   Nigeria,London,SEM Group plc.,213.0,Striker - Right Wing,"Apr 13, 1991 (25)",53302.0
,,Ramires Santos do Nascimento,,,,,,,,,,,https://twitter.com/Oficial7Ramires,,29.0,31.12.2019,Brazil,Jiangsu Suning,22219.0,"Mar 24, 1987",Main position:Central Midfield Side position: Right Midfield Defensive Midfield,Ramires,right,"1,80 m","Jan 27, 2016",51/4,,3439.0,Brazil,Barra do Piraí,Mondial Sport,2106.0,Midfield - Central Midfield,"Mar 24, 1987 (29)",54170.0
Magnus Wolff Eikrem,,,,,,Nike,,,,,,,,,25.0,31.12.2017,Norway,Malmö FF,496.0,"Aug 8, 1990",Main position:Central Midfield Side position: Defensive Midfield Attacking Midfield,Magnus Wolff Eikrem,right,"1,84 m","Jan 26, 2015",16/0,,3440.0,Norway,Molde,Jim Solbakken,1292.0,Midfield - Central Midfield,"Aug 8, 1990 (25)",54775.0
Mauro Formica,,,,,"Jul 14, 2015",,,,,,,,,,28.0,30.06.2016,Argentina,Club Atlético Newell's Old Boys,1286.0,"Apr 4, 1988",Main position:Attacking Midfield Side position: Central Midfield Right Wing,Mauro Formica,right,"1,78 m","Jul 1, 2016",1/0,Mauro Abel Formica,3437.0,Argentina   Italy,Rosario,ProSoccer24,1305.0,Midfield - Attacking Midfield,"Apr 4, 1988 (28)",55870.0
,,,,,,,,,,,,,,,28.0,30.06.2016,France,Shrewsbury Town,3054.0,"Oct 17, 1987",Main position:Right Wing Side position: Attacking Midfield Secondary Striker,Elliot Grandin,right,"1,78 m","Feb 6, 2016",3/1,,9323.0,France   Congo DR,Caen,Football Networks,1953.0,Midfield - Right Wing,"Oct 17, 1987 (28)",56785.0
Péter Gulácsi,,,,,,,,,,,,,,,26.0,30.06.2019,Hungary,RasenBallsport Leipzig,23826.0,"May 6, 1990",Main position:Keeper,Péter Gulácsi,right,"1,90 m","Jul 1, 2015",3/0,,3468.0,Hungary,Budapest,Tibor Pataky,1827.0,Goalkeeper,"May 6, 1990 (26)",57071.0
,,,,,"Jul 2, 2015",,,,,,,,,,27.0,30.06.2019,Northern Ireland,Watford FC,1010.0,"Feb 6, 1989",Main position:Centre Back Side position: Right-Back,Craig Cathcart,right,"1,88 m","Jul 1, 2014",24/2,Craig George Cathcart,5674.0,Northern Ireland,Belfast,,,Defence - Centre Back,"Feb 6, 1989 (27)",59606.0
,,,,,,,,,,,,,,,25.0,-,Scotland,Kelty Hearts JFC,3804.0,"Oct 29, 1990",Main position:Central Midfield Side position: Attacking Midfield Right Midfield,Stephen Husband,right,"1,80 m","Jul 1, 2015",,,,Scotland,Kelty,,,Midfield - Central Midfield,"Oct 29, 1990 (25)",60932.0
,,,,,"Jul 2, 2014",,,,,,,,,,25.0,30.06.2017,England,Cambridge United,986.0,"May 1, 1991",Main position:Centre Forward Side position: Right Wing Left Wing,Ryan Donaldson,right,"1,93 m","Jul 1, 2013",10/1,Ryan Mark Donaldson,21340.0,England,Newcastle upon Tyne,,,Striker - Centre Forward,"May 1, 1991 (25)",61569.0
Chris Herd,,,,,"Jan 14, 2016",,,,,,,,,,27.0,30.06.2016,Australia,Chesterfield FC,1219.0,"Apr 4, 1989",Main position:Defensive Midfield Side position: Centre Back Right-Back,Chris Herd,right,"1,73 m","Sep 11, 2015",3/0,Christopher Herd,3433.0,Australia   Scotland,Melbourne,Darren Jackson,1177.0,Midfield - Defensive Midfield,"Apr 4, 1989 (27)",61572.0
Jonathan Hogg,,,,,,,,,,,,,,,27.0,30.06.2017,England,Huddersfield Town,1110.0,"Dec 6, 1988",Main position:Central Midfield Side position: Defensive Midfield,Jonathan Hogg,right,"1,76 m","Jul 29, 2013",,Jonathan Lee Hogg,,England,Middlesbrough,James Grant Sports Management,641.0,Midfield - Central Midfield,"Dec 6, 1988 (27)",61573.0
Eric Lichaj,,,,,"Dec 30, 2014",,,,,,,,,,27.0,30.06.2017,United States,Nottingham Forest,703.0,"Nov 17, 1988",Main position:Right-Back Side position: Left-Back,Eric Lichaj,right,"1,80 m","Jul 1, 2013",10/0,Eric Joseph Bradley Lichaj,3505.0,United States   Poland,"Downers Grove, Illinois",SK Sports Promotions Ltd,2786.0,Defence - Right-Back,"Nov 17, 1988 (27)",61575.0
Daniel Redmond,,,,,,,,,,,,,,,25.0,30.06.2016,England,Hamilton Academical FC,2999.0,"Mar 2, 1991",Main position:Attacking Midfield Side position: Left Midfield Central Midfield,Daniel Redmond,left,"1,75 m","Jul 8, 2014",,Daniel Stephen Redmond,,England,Liverpool,,,Midfield - Attacking Midfield,"Mar 2, 1991 (25)",61586.0
,,,,,,,,,,,,,,,26.0,30.06.2016,Northern Ireland,Port Vale FC,1211.0,"Jan 8, 1990",Main position:Left-Back Side position: Centre Back,Ryan McGivern,left,"1,88 m","Jul 1, 2014",23/0,,5674.0,Northern Ireland,Newry,SPOCS,728.0,Defence - Left-Back,"Jan 8, 1990 (26)",61632.0
Jordan Cook,,,,,,,,,,,,,,,26.0,30.06.2016,England,Walsall FC,899.0,"Mar 20, 1990",Main position:Secondary Striker Side position: Left Wing Right Wing,Jordan Cook,right,"1,74 m","Jul 7, 2014",,Jordan Alan Cook,,England,Sunderland,,,Striker - Secondary Striker,"Mar 20, 1990 (26)",61646.0
Neil Etheridge,,,,,,,,,,,,,https://twitter.com/Neil38Etheridge,,26.0,30.06.2017,England,Walsall FC,899.0,"Feb 7, 1990",Main position:Keeper,Neil Etheridge,right,"1,88 m","Jul 2, 2015",50/0,Neil Leonard Dula Etheridge,15234.0,Philippines   England,London,,,Goalkeeper,"Feb 7, 1990 (26)",61694.0
Jordan Mustoe,,,,,"May 3, 2016",,,,,,,,,,25.0,30.06.2017,England,KVC Westerlo,968.0,"Jan 28, 1991",Main position:Left-Back,Jordan Mustoe,left,"1,79 m","Jan 4, 2015",,Jordan David Mustoe,,England,Birkenhead,Star Management Signings Ltd.,2065.0,Defence - Left-Back,"Jan 28, 1991 (25)",61715.0
Phil Airey,,,,,,,,,,,,,,,25.0,-,England,Unknown,75.0,"Jan 19, 1991",Main position:Centre Forward Side position: Right-Back,Phil Airey,right,"1,81 m","Jul 1, 2013",,Philip Airey,,England,Amble,,,Striker - Centre Forward,"Jan 19, 1991 (25)",62037.0
,,,,,,,,,,,,,,,24.0,30.06.2017,Northern Ireland,Millwall FC,1028.0,"Jul 12, 1991",Main position:Left Midfield Side position: Left-Back Left Wing,Shane Ferguson,left,"1,75 m","Jan 26, 2016",19/1,Shane Kevin Ferguson,5674.0,Northern Ireland,Derry,SPOCS,728.0,Midfield - Left Midfield,"Jul 12, 1991 (24)",62052.0
,,,,,,,,,,,,,,,25.0,30.06.2018,England,Rangers FC,124.0,"Jan 27, 1991",Main position:Right-Back Side position: Centre Back,James Tavernier,right,"1,75 m","Jul 20, 2015",,James Henry Tavernier,,England,Bradford,Key Sports Managment Ltd.,344.0,Defence - Right-Back,"Jan 27, 1991 (25)",62094.0
,,,,,,,,,,,,,,,25.0,31.12.2016,Sweden,Kalmar FF,3654.0,"Jul 20, 1990",Main position:Keeper,Ole Söderberg,right,"1,93 m","Jan 3, 2014",4/0,,23488.0,Sweden,Norrköping,Jonas Svensson Management,1075.0,Goalkeeper,"Jul 20, 1990 (25)",62145.0
Nathan Baker,,,,30.06.2019,,Nike,,,,,Aston Villa,405.0,,,25.0,31.05.2016,England,Bristol City,698.0,"Apr 23, 1991",Main position:Centre Back Side position: Left-Back,Nathan Baker,left,"1,89 m","Sep 1, 2015",4/0,Nathan Luke Baker,9565.0,England,Worcester,,,Defence - Centre Back,"Apr 23, 1991 (25)",62638.0
,,,,,,,,,,,,,,,26.0,31.12.2017,Spain,Sandefjord Fotball,6399.0,"Mar 1, 1990",Main position:Defensive Midfield Side position: Central Midfield,Enric Vallès,right,"1,89 m","Jan 1, 2016",,Enric Vallès Prat,,Spain,Barcelona,ExtraTime S.L.,189.0,Midfield - Defensive Midfield,"Mar 1, 1990 (26)",65305.0
Rob Lainton,,,,,"May 22, 2015",,,,,,,,,,26.0,30.06.2016,England,Bury FC,2413.0,"Oct 12, 1989",Main position:Keeper,Rob Lainton,,"1,92 m","Jul 8, 2013",,Robert Lainton,,England,Ashton-under-Lyme,James Grant Sports Management,641.0,Goalkeeper,"Oct 12, 1989 (26)",65691.0
Ahmed Elmohamady,,,,,,,,,,,,,https://twitter.com/Elmo_27,,28.0,30.06.2016,Egypt,Hull City,3008.0,"Sep 9, 1987",Main position:Right Midfield Side position: Right-Back,Ahmed Elmohamady,right,"1,82 m","Jul 1, 2013",70/2,أحمد المحمدي,3672.0,Egypt,Basyoun,No agent,96.0,Midfield - Right Midfield,"Sep 9, 1987 (28)",66333.0
Rubén Rochina,,,,,,,,,,,,,https://twitter.com/rubenrochina23,,25.0,30.06.2018,Spain,Granada CF,16795.0,"Mar 23, 1991",Main position:Secondary Striker Side position: Right Wing Left Wing,Rubén Rochina,left,"1,82 m","Aug 3, 2014",10/4,Rubén Rochina Naixes,12609.0,Spain,Sagunto,EMG Mundial,2793.0,Striker - Secondary Striker,"Mar 23, 1991 (25)",67548.0
,,,,,,,,,,,,,,,29.0,30.06.2017,Algeria,Qatar Sports Club,965.0,"Sep 2, 1986",Main position:Centre Back,Rafik Halliche,right,"1,87 m","Jul 14, 2014",38/3,رفيق حليش‎,3614.0,Algeria,Algier,Danko Dikic,1007.0,Defence - Centre Back,"Sep 2, 1986 (29)",67815.0
Conor Sammon,,,,30.06.2016,,,,,,,Derby County,22.0,,,29.0,31.05.2016,Ireland,Sheffield United,350.0,"Nov 6, 1986",Main position:Centre Forward Side position: Left Wing Right Wing,Conor Sammon,,"1,88 m","Jul 25, 2015",10/0,,3509.0,Ireland,Dublin,,,Striker - Centre Forward,"Nov 6, 1986 (29)",68331.0
Ignasi Miquel,,,,,,,,,,,,,,,23.0,30.06.2017,Spain,SD Ponferradina,4032.0,"Sep 28, 1992",Main position:Centre Back Side position: Left-Back,Ignasi Miquel,left,"1,89 m","Jul 30, 2015",1/0,Ignasi Miquel Pons,9567.0,Spain,Barcelona,No agent,96.0,Defence - Centre Back,"Sep 28, 1992 (23)",70245.0
,,,,,,,,,,,,,,,24.0,30.06.2021,England,Newcastle United,762.0,"Feb 27, 1992",Main position:Central Midfield Side position: Attacking Midfield,Jonjo Shelvey,right,"1,84 m","Jan 12, 2016",6/0,,3299.0,England,Romford,Stellar Football Ltd,190.0,Midfield - Central Midfield,"Feb 27, 1992 (24)",71292.0
,,,,,,,,,,,,,https://twitter.com/tomclevz23,https://www.tomcleverley23.com/,26.0,30.06.2020,England,Everton FC,29.0,"Aug 12, 1989",Main position:Central Midfield Side position: Left Midfield Right Midfield,Tom Cleverley,right,"1,75 m","Jul 1, 2015",13/0,Thomas William Cleverley,3299.0,England,Basingstoke,Not clarified,946.0,Midfield - Central Midfield,"Aug 12, 1989 (26)",73484.0
Corry Evans,,,,,"Nov 20, 2015",,,,,,,,,,25.0,30.06.2019,Northern Ireland,Blackburn Rovers,164.0,"Jul 30, 1990",Main position:Central Midfield Side position: Defensive Midfield Right Midfield,Corry Evans,right,"1,80 m","Aug 2, 2013",29/1,Corry John Evans,5674.0,Northern Ireland,Belfast,,,Midfield - Central Midfield,"Jul 30, 1990 (25)",73501.0
Oliver Gill,,,,,,,,,,,,,,,25.0,-,England,career break,2113.0,"Sep 15, 1990",Main position:Centre Back,Oliver Gill,left,"1,85 m","Jul 1, 2011",,Oliver David Gill,,England,Frimley,,,Defence - Centre Back,"Sep 15, 1990 (25)",73506.0
Gaël Kakuta,,,,,,Nike,,,https://www.facebook.com/teamgkofficiel?fref=ts,,,,https://twitter.com/teamgkofficiel,,24.0,31.12.2019,France,Hebei China Fortune,36630.0,"Jun 21, 1991",Main position:Left Wing Side position: Right Wing Attacking Midfield,Gaël Kakuta,left,"1,73 m","Feb 5, 2016",5/0,,9323.0,France   Congo DR,Lille,Roger Boli,963.0,Striker - Left Wing,"Jun 21, 1991 (24)",74297.0
,,Sandro Raniere Guimarães Cordeiro,buying option,30.06.2017,,,,,,,Queens Park Rangers,1039.0,https://twitter.com/sandroraniere,https://www.sandroraniere.com,27.0,30.06.2016,Brazil,West Bromwich Albion,984.0,"Mar 15, 1989",Main position:Defensive Midfield Side position: Central Midfield,Sandro,right,"1,87 m","Jan 29, 2016",18/1,,3439.0,Brazil   Portugal,Riachinho,EUROSTAR,1398.0,Midfield - Defensive Midfield,"Mar 15, 1989 (27)",74590.0
Ben Mee,,,,,"Jul 30, 2014",,,,,,,,,,26.0,30.06.2017,England,Burnley FC,1132.0,"Sep 21, 1989",Main position:Left-Back Side position: Centre Back,Ben Mee,left,"1,80 m","Jul 1, 2011",2/0,Benjamin Thomas Mee,9565.0,England,Sale,,,Defence - Left-Back,"Sep 21, 1989 (26)",74810.0
,,,,,,Nike,,,https://www.facebook.com/Laurent-Koscielny-Officiel-170315866358525,,,,https://twitter.com/6_LKOSCIELNY,https://www.laurentkoscielny.com/,30.0,30.06.2017,France,Arsenal FC,11.0,"Sep 10, 1985",Main position:Centre Back,Laurent Koscielny,right,"1,86 m","Jul 7, 2010",27/0,,3377.0,France   Poland,Tulle,S.C. Sports Management,877.0,Defence - Centre Back,"Sep 10, 1985 (30)",76277.0
,,,,30.06.2017,,,,,,,Newcastle United,762.0,,,23.0,31.05.2016,Slovenia,Wigan Athletic,1071.0,"Aug 21, 1992",Main position:Attacking Midfield Side position: Secondary Striker Left Wing,Haris Vuckic,left,"1,87 m","Sep 1, 2015",1/0,Haris Vučkić,3588.0,Slovenia,Ljubljana,,,Midfield - Attacking Midfield,"Aug 21, 1992 (23)",76560.0
Matt Phillips,,,,,,,,,,,,,,,25.0,30.06.2017,England,Queens Park Rangers,1039.0,"Mar 13, 1991",Main position:Right Wing Side position: Attacking Midfield Left Wing,Matt Phillips,right,"1,83 m","Aug 23, 2013",3/0,Matthew Phillips,3380.0,Scotland   England,Aylesbury,Soccertalents,3381.0,Midfield - Right Wing,"Mar 13, 1991 (25)",77274.0
Danny Hoesen,,,,,,,,,,,,,,,25.0,30.06.2018,Netherlands,FC Groningen,202.0,"Jan 15, 1991",Main position:Centre Forward Side position: Right Wing,Danny Hoesen,right,"1,86 m","Jul 1, 2014",3/2,,11944.0,Netherlands   Morocco,Heerlen,SEG,586.0,Striker - Centre Forward,"Jan 15, 1991 (25)",81163.0
Bongani Khumalo,,,,,,,,,,,,,,,29.0,-,Swaziland,Bidvest Wits FC,10680.0,"Jan 6, 1987",Main position:Centre Back,Bongani Khumalo,right,"1,89 m","Jan 7, 2016",43/1,Bongani Sandile Khumalo,3806.0,South Africa   Swaziland,Manzini,,,Defence - Centre Back,"Jan 6, 1987 (29)",82215.0
,,,,,"May 18, 2015",,,,,,,,,,25.0,30.06.2016,England,Dagenham & Redbridge FC,3696.0,"Mar 3, 1991",Main position:Left Midfield Side position: Left Wing Left-Back,Ashley Hemmings,left,"1,73 m","Jul 28, 2014",1/0,Ashley Josiah Hemmings,23260.0,England,London,,,Midfield - Left Midfield,"Mar 3, 1991 (25)",85296.0
Jordan Brown,,,,,,,,,,,,,,,24.0,-,England,Bishop's Stortford FC,11143.0,"Oct 11, 1991",Main position:Left-Back,Jordan Brown,left,,"Feb 28, 2014",,,,England,Benfleet,,,Defence - Left-Back,"Oct 11, 1991 (24)",87649.0
Jeffrey Bruma,,,club option 1 year,,"Feb 22, 2016",,,,,,,,https://twitter.com/JBruma,,24.0,30.06.2018,Netherlands,PSV Eindhoven,383.0,"Nov 13, 1991",Main position:Centre Back Side position: Right-Back,Jeffrey Bruma,right,"1,89 m","Jul 13, 2013",16/1,Jeffrey Kevin van Homoet Bruma,3379.0,Netherlands   Suriname,Rotterdam,Juzzt Football,263.0,Defence - Centre Back,"Nov 13, 1991 (24)",88721.0
Nathan Eccleston,,,,,,,,,,,,,https://twitter.com/NathanEccleston,,25.0,30.06.2016,England,Békéscsaba 1912 Elöre SE,6049.0,"Dec 30, 1990",Main position:Centre Forward Side position: Right Wing Left Wing,Nathan Eccleston,right,"1,78 m","Feb 9, 2016",1/0,Nathan Geoffrey Junior Eccleston,23260.0,England,Manchester,Kick and Rush,1536.0,Striker - Centre Forward,"Dec 30, 1990 (25)",88983.0
Román Golobart,,,,,,,,,https://www.facebook.com/#!/pages/Rom%C3%A1n-Golobart/127704480652598?fref=,,,,https://twitter.com/PutifarGolobart,,24.0,30.06.2016,Spain,Racing Ferrol,1176.0,"Mar 21, 1992",Main position:Centre Back,Román Golobart,right,"1,93 m","Aug 21, 2015",,Román Golobart Benet,,Spain,Barcelona,"Flashforward, S.L.",3329.0,Defence - Centre Back,"Mar 21, 1992 (24)",90273.0
Lauri Dalla Valle,,,,,,,,,,,,,,,24.0,30.06.2016,Finland,Crewe Alexandra,1042.0,"Sep 14, 1991",Main position:Centre Forward,Lauri Dalla Valle,left,"1,80 m","Dec 4, 2014",7/4,,20796.0,Finland   Italy,Kontiolahti,octagon,1936.0,Striker - Centre Forward,"Sep 14, 1991 (24)",91056.0
Joshua King,,,,,,,,,,,,,,,24.0,30.06.2018,Norway,AFC Bournemouth,989.0,"Jan 15, 1992",Main position:Secondary Striker Side position: Left Wing Right Wing,Joshua King,right,"1,81 m","Jul 1, 2015",19/4,Joshua Christian Kojo King,3440.0,Norway   The Gambia,Oslo,Jim Solbakken,1292.0,Striker - Secondary Striker,"Jan 15, 1992 (24)",91059.0
Magaye Gueye,,,,,,,,,,,,,,,25.0,30.06.2017,France,Adanaspor,6.0,"Jul 6, 1990",Main position:Left Wing Side position: Right Wing Centre Forward,Magaye Gueye,left,"1,79 m","Jul 13, 2015",3/0,Magaye Serigne Falilou Dit Nelson Gueye,34870.0,Senegal   France,Nogent-sur-Marne,,,Striker - Left Wing,"Jul 6, 1990 (25)",91956.0
Sammy Ameobi,,,,30.06.2017,,,,,,,Newcastle United,762.0,,,24.0,31.05.2016,England,Cardiff City,603.0,"May 1, 1992",Main position:Left Wing Side position: Centre Forward Right Wing,Sammy Ameobi,left,"1,94 m","Jul 7, 2015",5/0,Samuel Oluwaseyi J. Ameobi,9565.0,England   Nigeria,Newcastle upon Tyne,Key Sports Managment Ltd.,344.0,Striker - Left Wing,"May 1, 1992 (24)",92381.0
Fabio Borini,,,,,,,,,,,,,https://twitter.com/borinifabio29,,25.0,30.06.2019,Italy,Sunderland AFC,289.0,"Mar 29, 1991",Main position:Left Wing Side position: Centre Forward Right Wing,Fabio Borini,right,"1,80 m","Aug 31, 2015",1/0,,3376.0,Italy,Bentivoglio,Marco Antonio De Marchi,2273.0,Striker - Left Wing,"Mar 29, 1991 (25)",96754.0
Jacopo Sala,,,,,,,,,,,,,https://twitter.com/jacoposala,,24.0,30.06.2016,Italy,UC Sampdoria,1038.0,"Dec 5, 1991",Main position:Central Midfield Side position: Right Midfield Right-Back,Jacopo Sala,right,"1,84 m","Jul 1, 2016",6/1,,11947.0,Italy,Alzano Lombardo,,,Midfield - Central Midfield,"Dec 5, 1991 (24)",96806.0
John Guidetti,,,,,,,,,,,,,https://twitter.com/superguidetti,,24.0,30.06.2020,Sweden,Celta de Vigo,940.0,"Apr 15, 1992",Main position:Centre Forward,John Guidetti,right,"1,85 m","Jul 11, 2015",7/0,John Alberto Guidetti,3557.0,Sweden,Stockholm,Not clarified,946.0,Striker - Centre Forward,"Apr 15, 1992 (24)",98596.0
,,,,,,,,,,,,,,,26.0,30.06.2016,England,Shrewsbury Town,3054.0,"Jan 1, 1990",Main position:Keeper,Mark Halstead,right,"1,91 m","Jul 1, 2014",,Mark James Halstead,,England,Blackpool,,,Goalkeeper,"Jan 1, 1990 (26)",99972.0
Scott Malone,,,,,,,,,,,,,,,25.0,30.06.2017,England,Cardiff City,603.0,"Mar 25, 1991",Main position:Left-Back Side position: Left Midfield,Scott Malone,left,"1,89 m","Jan 7, 2015",0/0,Scott Liam Malone,22907.0,England,Rowley Regis,World in Motion,1061.0,Defence - Left-Back,"Mar 25, 1991 (25)",101682.0
Danny Wilson,,,,,,,,,,,,,,,24.0,30.06.2018,Scotland,Rangers FC,124.0,"Dec 27, 1991",Main position:Centre Back Side position: Left-Back,Danny Wilson,left,"1,87 m","Jul 1, 2015",5/1,Daniel Wilson,3380.0,Scotland,Edinburgh,Stellar Football Ltd,190.0,Defence - Centre Back,"Dec 27, 1991 (24)",103819.0
,,,,,,,,,,,,,https://twitter.com/officialcwood,,24.0,30.06.2019,New Zealand,Leeds United,399.0,"Dec 7, 1991",Main position:Centre Forward,Chris Wood,right,"1,91 m","Jul 1, 2015",39/14,Christopher Grant Wood,9171.0,New Zealand,Auckland,Base Soccer Agency Ltd,674.0,Striker - Centre Forward,"Dec 7, 1991 (24)",108725.0
Louis Laing,,,,,,,,,,,,,,,23.0,30.06.2017,England,Motherwell FC,987.0,"Mar 6, 1993",Main position:Centre Back Side position: Right-Back,Louis Laing,right,"1,81 m","Jul 1, 2015",5/0,Louis Mark Laing,21340.0,England,Newcastle-upon-Tyne,Key Sports Managment Ltd.,344.0,Defence - Centre Back,"Mar 6, 1993 (23)",110865.0
Ryan Tunnicliffe,,,one further year,,,,,,,,,,,,23.0,30.06.2017,England,Fulham FC,931.0,"Dec 30, 1992",Main position:Central Midfield Side position: Right Midfield Left Midfield,Ryan Tunnicliffe,right,"1,83 m","Jan 31, 2014",10/4,,23260.0,England,Heywood,James Grant Sports Management,641.0,Midfield - Central Midfield,"Dec 30, 1992 (23)",110868.0
Frédéric Veseli,,,,,,,,,,,,,,,23.0,30.06.2016,Switzerland,FC Lugano,2790.0,"Nov 20, 1992",Main position:Right-Back Side position: Centre Back Left-Back,Frédéric Veseli,right,"1,83 m","Jul 10, 2015",2/0,,3561.0,Albania   Switzerland,Renens,Le Sports Agency,3696.0,Defence - Right-Back,"Nov 20, 1992 (23)",111433.0
,,,,,"Jan 7, 2016",,,,,,,,https://twitter.com/marcosalonso03,,25.0,30.06.2021,Spain,ACF Fiorentina,430.0,"Dec 28, 1990",Main position:Left-Back Side position: Left Midfield Centre Back,Marcos Alonso,left,"1,88 m","Jul 1, 2013",4/0,Marcos Alonso Mendoza,12609.0,Spain,Madrid,Samii Sport-Marketing Agentur,2532.0,Defence - Left-Back,"Dec 28, 1990 (25)",112515.0
,,,,,"May 8, 2015",,,,,,,,,,24.0,30.06.2016,England,Walsall FC,899.0,"Oct 26, 1991",Main position:Centre Back,Paul Downing,right,"1,85 m","Aug 1, 2012",,Paul Michael Downing,,England,Taunton,Star Management Signings Ltd.,2065.0,Defence - Centre Back,"Oct 26, 1991 (24)",113034.0
Jason Lowe,,,,,,,,,,,,,,,24.0,30.06.2017,England,Blackburn Rovers,164.0,"Sep 2, 1991",Main position:Central Midfield Side position: Right-Back Right Midfield,Jason Lowe,right,"1,83 m","Jul 1, 2010",12/0,Jason John Lowe,9565.0,England,Wigan,,,Midfield - Central Midfield,"Sep 2, 1991 (24)",117997.0
,,,,,"Jan 9, 2015",,,,,,,,,,25.0,30.06.2016,England,Rochdale AFC,1088.0,"Mar 22, 1991",Main position:Centre Back Side position: Right-Back Left-Back,Ashley Eastham,right,"1,91 m","Jul 1, 2013",,Ashley Thomas J. Eastham,,England,Preston,,,Defence - Centre Back,"Mar 22, 1991 (25)",118265.0
Ben Marshall,,,,,,,,,,,,,,,25.0,30.06.2017,England,Blackburn Rovers,164.0,"Mar 29, 1991",Main position:Right Midfield Side position: Left Midfield Right-Back,Ben Marshall,right,"1,83 m","Aug 28, 2013",2/0,,9565.0,England,Salford,,,Midfield - Right Midfield,"Mar 29, 1991 (25)",118567.0
Fraser Kerr,,,,,,,,,,,,,,,23.0,31.05.2016,Scotland,Cowdenbeath FC,3027.0,"Jan 17, 1993",Main position:Centre Back Side position: Right-Back Defensive Midfield,Fraser Kerr,,"1,91 m","Nov 2, 2015",3/0,,16868.0,Scotland,Rutherglen,,,Defence - Centre Back,"Jan 17, 1993 (23)",120967.0
Steven Caulker,,,,30.06.2018,,Nike,,,,,Queens Park Rangers,1039.0,https://twitter.com/Caulker4,,24.0,31.05.2016,England,Liverpool FC,31.0,"Dec 29, 1991",Main position:Centre Back,Steven Caulker,right,"1,91 m","Jan 12, 2016",1/1,Steven Roy Caulker,3299.0,England,London,Stellar Football Ltd,190.0,Defence - Centre Back,"Dec 29, 1991 (24)",121280.0
Blair Adams,,,,,,,,,,,,,https://twitter.com/blair_adams,,24.0,30.06.2016,England,Notts County,1045.0,"Sep 8, 1991",Main position:Left-Back Side position: Left Midfield,Blair Adams,left,"1,78 m","Jul 1, 2014",2/0,Blair Vincent Adams,22907.0,England,South Shields,Quantum Sport,3075.0,Defence - Left-Back,"Sep 8, 1991 (24)",121312.0
Craig Lynch,,,,,,,,,,,,,,,24.0,-,England,Unknown,75.0,"Mar 25, 1992",Main position:Centre Forward,Craig Lynch,,"1,75 m","Jul 1, 2014",,Craig Lewis Lynch,,England,Durham,,,Striker - Centre Forward,"Mar 25, 1992 (24)",121334.0
Josh Morris,,,,,,,,,,,,,,,24.0,30.06.2016,England,Bradford City,1027.0,"Sep 30, 1991",Main position:Left Midfield Side position: Left-Back Central Midfield,Josh Morris,left,"1,80 m","Jul 1, 2015",3/0,Joshua Francis Morris,22907.0,England,Preston,,,Midfield - Left Midfield,"Sep 30, 1991 (24)",121391.0
Chris Chantler,,,,,,,,,,,,,,,25.0,30.06.2016,England,FC United of Manchester,20428.0,"Dec 16, 1990",Main position:Right-Back Side position: Defensive Midfield Left-Back,Chris Chantler,right,"1,80 m","Jan 23, 2016",,Christopher Steven Chantler,,England,Cheadle Hulme,C4S,3072.0,Defence - Right-Back,"Dec 16, 1990 (25)",121403.0
Omar Elabdellaoui,,,,,,,,,https://www.facebook.com/omarelabdellaoui14,https://www.instagram.com/omarelabdellaoui/,,,https://twitter.com/OmarEla14,,24.0,30.06.2018,Norway,Olympiacos Piraeus,683.0,"Dec 5, 1991",Main position:Right-Back Side position: Right Midfield,Omar Elabdellaoui,right,"1,79 m","Jul 1, 2014",22/0,,3440.0,Norway   Morocco,Oslo,Jim Solbakken,1292.0,Defence - Right-Back,"Dec 5, 1991 (24)",121404.0
Reece Wabara,,,,,,,,,,,,,,,24.0,30.06.2016,England,Wigan Athletic,1071.0,"Dec 28, 1991",Main position:Right-Back Side position: Left-Back Centre Back,Reece Wabara,right,"1,83 m","Jan 14, 2016",5/0,,22907.0,England,Birmingham,SEM Group plc.,213.0,Defence - Right-Back,"Dec 28, 1991 (24)",121416.0
Craig Dawson,,,,,"Feb 18, 2016",,,,,,,,,,26.0,30.06.2018,England,West Bromwich Albion,984.0,"May 6, 1990",Main position:Right-Back Side position: Centre Back,Craig Dawson,right,"1,88 m","Jul 1, 2010",16/6,,9565.0,England,Rochdale,,,Defence - Right-Back,"May 6, 1990 (26)",121477.0
Paul Pogba,,,,,"Oct 24, 2014",adidas,,,https://www.facebook.com/PaulPogba,https://www.instagram.com/paulpogba/,,,https://twitter.com/paulpogba,,23.0,30.06.2019,France,Juventus FC,506.0,"Mar 15, 1993",Main position:Central Midfield Side position: Defensive Midfield Attacking Midfield,Paul Pogba,both,"1,91 m","Aug 3, 2012",29/5,Paul Labile Pogba,3377.0,France   Guine,Lagny-sur-Marne,Mino Raiola,282.0,Midfield - Central Midfield,"Mar 15, 1993 (23)",122153.0
,,,,,,,,,,,,,,,24.0,30.06.2016,England,Southport FC,9829.0,"Jan 5, 1992",Main position:Centre Forward,Louis Almond,right,"1,80 m","Feb 2, 2015",,Louis James Almond,,England,Blackburn,,,Striker - Centre Forward,"Jan 5, 1992 (24)",123336.0
João Silva,,João Silva,club option 2 years,,,,,,,,,,,,26.0,30.06.2016,Portugal,US Avellino 1912,2331.0,"May 21, 1990 Happy Birthday",Main position:Centre Forward,João Silva,right,"1,86 m","Jan 28, 2016",11/3,João Pedro Pereira Silva,16374.0,Portugal,Santo Tirso,Art Sports Management,3622.0,Striker - Centre Forward,"May 21, 1990 (26)",124384.0
Apostolos Vellios,,,,,,,,,,,,,,,24.0,30.06.2017,Greece,Iraklis Thessaloniki,47.0,"Jan 8, 1992",Main position:Centre Forward,Apostolos Vellios,right,"1,91 m","Jul 15, 2015",1/0,Απόστολος Βέλλιος,3378.0,Greece,Thessaloniki,SEG,586.0,Striker - Centre Forward,"Jan 8, 1992 (24)",124495.0
Michael O'Halloran,,,,,,,,,,,,,,,25.0,31.05.2020,Scotland,Rangers FC,124.0,"Jan 6, 1991",Main position:Right Wing Side position: Left Wing Centre Forward,Michael O'Halloran,right,"1,88 m","Feb 1, 2016",2/0,Michael Francis O'Halloran,16868.0,Scotland,Glasgow,,,Striker - Right Wing,"Jan 6, 1991 (25)",125158.0
Adam Buxton,,,,,,,,,,,,,,,24.0,30.06.2016,England,Accrington Stanley,3688.0,"May 12, 1992",Main position:Left-Back Side position: Right-Back,Adam Buxton,right,"1,85 m","Jul 21, 2014",,Adam Mark Buxton,,England,Liverpool,C4S,3072.0,Defence - Left-Back,"May 12, 1992 (24)",126249.0
Billy Clifford,,,,,,,,,,,,,,,23.0,30.06.2016,England,Boreham Wood FC,3867.0,"Oct 18, 1992",Main position:Central Midfield Side position: Attacking Midfield Defensive Midfield,Billy Clifford,both,"1,70 m","Jul 15, 2015",,,,England,Slough,,,Midfield - Central Midfield,"Oct 18, 1992 (23)",128194.0
Robbie Brady,,,,,,,,,,,,,,,24.0,30.06.2018,Ireland,Norwich City,1123.0,"Jan 14, 1992",Main position:Left-Back Side position: Left Midfield Right Midfield,Robbie Brady,left,"1,76 m","Jul 29, 2015",22/4,Robert Brady,3509.0,Ireland,Dublin,,,Defence - Left-Back,"Jan 14, 1992 (24)",128229.0
,,,,,,,,,,,,,,,22.0,30.06.2017,Burundi,West Bromwich Albion,984.0,"Aug 4, 1993",Main position:Centre Forward Side position: Left Wing Right Wing,Saido Berahino,right,"1,79 m","Jul 1, 2011",11/10,,9565.0,England   Burundi,Bujumbura,FDF,3734.0,Striker - Centre Forward,"Aug 4, 1993 (22)",128897.0
Nathaniel Chalobah,,,,30.06.2018,,,,,https://www.facebook.com/Chalobah,https://www.instagram.com/natedogg39/,Chelsea FC,631.0,https://twitter.com/chalobah,,21.0,30.06.2016,Sierra Leone,SSC Napoli,6195.0,"Dec 12, 1994",Main position:Defensive Midfield Side position: Central Midfield Centre Back,Nathaniel Chalobah,right,"1,85 m","Aug 31, 2015",26/0,Nathaniel Nyakie Chalobah,9565.0,England   Sierra Leone,Freetown,Fairplay Sports Group,2112.0,Midfield - Defensive Midfield,"Dec 12, 1994 (21)",128900.0
Conor Coady,,,one further year,,,,,,,,,,,,23.0,30.06.2018,England,Wolverhampton Wanderers,543.0,"Feb 25, 1993",Main position:Defensive Midfield Side position: Central Midfield Right Midfield,Conor Coady,right,"1,85 m","Jul 3, 2015",4/1,Conor David Coady,22907.0,England,Liverpool,World in Motion,1061.0,Midfield - Defensive Midfield,"Feb 25, 1993 (23)",128901.0
Josh McEachran,,,,,,,,,,,,,https://twitter.com/JMcEachran20,,23.0,30.06.2019,England,Brentford FC,1148.0,"Mar 1, 1993",Main position:Central Midfield Side position: Attacking Midfield Defensive Midfield,Josh McEachran,left,"1,78 m","Jul 10, 2015",15/1,Joshua Mark McEachran,9565.0,England   Scotland,Oxford,Key Sports Managment Ltd.,344.0,Midfield - Central Midfield,"Mar 1, 1993 (23)",128905.0
Ravel Morrison,,,,,,,,,,,,,https://twitter.com/morrisonravel,,23.0,30.06.2019,England,SS Lazio,398.0,"Feb 2, 1993",Main position:Attacking Midfield Side position: Central Midfield Secondary Striker,Ravel Morrison,right,"1,75 m","Jul 1, 2015",4/2,Ravel Ryan Morrison,9565.0,England   Jamaica,Manchester,Key Sports Managment Ltd.,344.0,Midfield - Attacking Midfield,"Feb 2, 1993 (23)",128907.0
Jack Robinson,,,,,,,,,,,,,https://twitter.com/JackRobbo_93,,22.0,30.06.2018,England,Queens Park Rangers,1039.0,"Sep 1, 1993",Main position:Left-Back Side position: Centre Back,Jack Robinson,left,"1,80 m","Aug 28, 2014",9/1,,9565.0,England,Warrington,,,Defence - Left-Back,"Sep 1, 1993 (22)",128909.0
,,,,,,,,,,,,,https://twitter.com/GeorgeThorne15,,23.0,30.06.2018,England,Derby County,22.0,"Jan 4, 1993",Main position:Defensive Midfield Side position: Central Midfield,George Thorne,right,"1,88 m","Jul 19, 2014",0/0,George Louis Elliot Thorne,22907.0,England,Chatham,Key Sports Managment Ltd.,344.0,Midfield - Defensive Midfield,"Jan 4, 1993 (23)",128910.0
Andre Wisdom,,,,30.06.2019,,Umbro,,,,https://instagram.com/andrewisdom47,Liverpool FC,31.0,https://twitter.com/andrewisdom47x,,23.0,31.05.2016,England,Norwich City,1123.0,"May 9, 1993",Main position:Right-Back Side position: Centre Back Left-Back,Andre Wisdom,right,"1,86 m","Jul 29, 2015",10/0,Andre Alexander Shaquille Wisdom,9565.0,England   Jamaica,Leeds,Stellar Football Ltd,190.0,Defence - Right-Back,"May 9, 1993 (23)",128912.0
Daniel Batth,,,,,"Jan 14, 2014",,,,,,,,https://twitter.com/Danny_Batth,,25.0,30.06.2017,England,Wolverhampton Wanderers,543.0,"Sep 21, 1990",Main position:Centre Back,Daniel Batth,right,"1,91 m","Jul 1, 2009",,Daniel Tanveer Batth,,England   India,Brierley Hill,,,Defence - Centre Back,"Sep 21, 1990 (25)",129049.0
David Davis,,,,,"Mar 14, 2016",,,,,,,,https://twitter.com/DavidDavis91,,25.0,30.06.2017,England,Birmingham City,337.0,"Feb 20, 1991",Main position:Central Midfield Side position: Attacking Midfield Right Midfield,David Davis,right,"1,73 m","Aug 11, 2014",,David Lowell Davis,,England,Smethwick,Key Sports Managment Ltd.,344.0,Midfield - Central Midfield,"Feb 20, 1991 (25)",129054.0
Nathan Rooney,,,,,,,,,,,,,,,23.0,-,England,Corby Town FC,22108.0,"Oct 2, 1992",Main position:Central Midfield Side position: Right Midfield,Nathan Rooney,,"1,84 m","Oct 25, 2013",,,,England,Telford,No agent,96.0,Midfield - Central Midfield,"Oct 2, 1992 (23)",129064.0
Ethan Ebanks-Landell,,,,,,,,,,,,,,,23.0,30.06.2018,England,Wolverhampton Wanderers,543.0,"Dec 12, 1992",Main position:Centre Back Side position: Right-Back,Ethan Ebanks-Landell,right,"1,88 m","Jul 1, 2010",,Ethan Reid Ebanks-Landell,,England,Smethwick,,,Defence - Centre Back,"Dec 12, 1992 (23)",129067.0
Akwasi Asante,,,,,,,,,,,,,,,23.0,-,Netherlands,Solihull Moors,12335.0,"Sep 6, 1992",Main position:Centre Forward,Akwasi Asante,,"1,83 m","Jul 1, 2015",,,,Netherlands   Ghana,Amsterdam,James Grant Sports Management,641.0,Striker - Centre Forward,"Sep 6, 1992 (23)",129552.0
,,Rodrigo Moreno Machado,,,,,,,,,,,https://twitter.com/rodr19o_mm,,25.0,30.06.2019,Brazil,Valencia CF,1049.0,"Mar 6, 1991",Main position:Left Wing Side position: Right Wing Secondary Striker,Rodrigo,left,"1,81 m","Jul 1, 2015",1/0,,3375.0,Spain   Brazil,Rio de Janeiro,Mondial Sport,2106.0,Striker - Left Wing,"Mar 6, 1991 (25)",131505.0
Ross Barkley,,,,,"Jul 29, 2014",,,,,,,,,,22.0,30.06.2018,England,Everton FC,29.0,"Dec 5, 1993",Main position:Attacking Midfield Side position: Central Midfield Left Midfield,Ross Barkley,right,"1,89 m","Jul 1, 2011",21/2,,3299.0,England,Liverpool,Not clarified,946.0,Midfield - Attacking Midfield,"Dec 5, 1993 (22)",131978.0
Billy Knott,,,one further year,,,Nike,,,,,,,https://twitter.com/billy_knott,,23.0,30.06.2016,England,Bradford City,1027.0,"Nov 28, 1992",Main position:Central Midfield Side position: Left Midfield,Billy Knott,both,"1,73 m","Jul 1, 2014",4/0,Billy Steven Knott,22907.0,England,Canvey Island,,,Midfield - Central Midfield,"Nov 28, 1992 (23)",133392.0
Robbie Cotton,,,,,,,,,,,,,,,21.0,-,England,Goole Town FC,22773.0,"Sep 15, 1994",Main position:Attacking Midfield Side position: Central Midfield,Robbie Cotton,,"1,80 m","Sep 1, 2015",5/0,Robbie Lee Cotton,23260.0,England,Rotherham,,,Midfield - Attacking Midfield,"Sep 15, 1994 (21)",134415.0
John Dunleavy,,,,,,,,,,,,,,,24.0,31.12.2016,Ireland,Cork City FC,27774.0,"Jul 3, 1991",Main position:Centre Back Side position: Left-Back Defensive Midfield,John Dunleavy,right,"1,83 m","Jan 1, 2012",,John Francis Dunleavy,,Ireland,Ballybofey and Stranorlar,,,Defence - Centre Back,"Jul 3, 1991 (24)",134450.0
Tom Eaves,,,,,,,,,,,,,,,24.0,30.06.2016,England,Bolton Wanderers,355.0,"Jan 14, 1992",Main position:Centre Forward,Tom Eaves,right,"1,91 m","Aug 12, 2010",,Thomas James Eaves,,England,Liverpool,,,Striker - Centre Forward,"Jan 14, 1992 (24)",135136.0
Alpaslan Öztürk,,,,30.06.2018,,,,,,,Standard Liège,3057.0,,,22.0,30.06.2016,Belgium,Eskisehirspor,825.0,"Jul 16, 1993",Main position:Defensive Midfield Side position: Right-Back Right Midfield,Alpaslan Öztürk,right,"1,86 m","Jul 30, 2015",1/0,,39417.0,Turkey   Belgium,Antwerpen,Foot & Ball,458.0,Midfield - Defensive Midfield,"Jul 16, 1993 (22)",138736.0
Kingsley Francis-Reynolds,,,,,,,,,,,,,,,23.0,-,,Bethnal Green United FC,34805.0,"Oct 28, 1992",Main position:Right Midfield Side position: Central Midfield,Kingsley Francis-Reynolds,right,,"Nov 1, 2011",,,,England,,,,Midfield - Right Midfield,"Oct 28, 1992 (23)",140916.0
,,,,,,,,,,,,,,,24.0,30.06.2016,England,Walsall FC,899.0,"Feb 20, 1992",Main position:Central Midfield,Sam Mantom,left,"1,75 m","Jan 11, 2013",2/0,Samuel Stephen Mantom,23260.0,England,Stourbridge,,,Midfield - Central Midfield,"Feb 20, 1992 (24)",141347.0
,,,,,,,,,,,,,,,23.0,-,England,Connah's Quay,22499.0,"Sep 1, 1992",Main position:Right Midfield Side position: Right-Back,Callum Morris,right,"1,78 m","Jul 1, 2015",,,,Ireland   England,Birkenhad,,,Midfield - Right Midfield,"Sep 1, 1992 (23)",142728.0
Sam Winnall,,,,,,,,,,,,,https://twitter.com/Winnall19,,25.0,30.06.2017,England,Barnsley FC,349.0,"Jan 19, 1991",Main position:Centre Forward Side position: Secondary Striker Left Wing,Sam Winnall,,"1,75 m","Jul 23, 2014",,Sam Thomas Winnall,,England,Wolverhampton,,,Striker - Centre Forward,"Jan 19, 1991 (25)",145493.0
Jon Flanagan,,,,,"Mar 18, 2016",,,,,,,,https://twitter.com/jon_flan93,,23.0,30.06.2019,England,Liverpool FC,31.0,"Jan 1, 1993",Main position:Right-Back Side position: Left-Back,Jon Flanagan,right,"1,81 m","Nov 1, 2013",1/0,Jonathon Patrick Flanagan,3299.0,England,Liverpool,,,Defence - Right-Back,"Jan 1, 1993 (23)",145922.0
Biko Bradnock-Brennan,,,,,,,,,,,,,,,23.0,-,,San Antonio FC,52910.0,"Oct 4, 1992",Main position:Centre Back,Biko Bradnock-Brennan,,,"Mar 1, 2016",,Biko Youanda,,Ireland   Indonesia,,,,Defence - Centre Back,"Oct 4, 1992 (23)",150673.0
Bebé,,Tiago Manuel Dias Correia,,30.06.2018,,,,,,,SL Benfica,294.0,,,25.0,30.06.2016,Portugal,Rayo Vallecano,367.0,"Jul 12, 1990",Main position:Right Wing Side position: Left Wing,Bebé,right,"1,90 m","Jul 10, 2015",6/1,,16374.0,Portugal   Cape Verde,Lisboa,Gestifute,413.0,Striker - Right Wing,"Jul 12, 1990 (25)",153427.0
Tom Ince,,,,,,,,,,,,,,,24.0,30.06.2019,England,Derby County,22.0,"Jan 30, 1992",Main position:Right Wing Side position: Left Wing Attacking Midfield,Tom Ince,left,"1,78 m","Jul 3, 2015",18/3,Thomas Paul Ince,9565.0,England,Stockport,,,Midfield - Right Wing,"Jan 30, 1992 (24)",157368.0
Tom Barkhuizen,,,,,,,,,,,,,,,22.0,30.06.2017,England,Morecambe FC,3697.0,"Jul 4, 1993",Main position:Centre Forward Side position: Right Wing Left Wing,Tom Barkhuizen,,"1,75 m","Jul 1, 2015",,Thomas John Barkhuizen,,England   South Africa,Blackpool,,,Striker - Centre Forward,"Jul 4, 1993 (22)",160137.0
Adam Dodd,,,,,,,,,,,,,,,23.0,-,England,Chorley FC,13286.0,"May 14, 1993",Main position:Left-Back Side position: Left Midfield Right Midfield,Adam Dodd,left,,"Jul 1, 2014",,Adam John Dodd,,England,Kirkham,,,Defence - Left-Back,"May 14, 1993 (23)",160851.0
Josh Roberts,,,,,,,,,,,,,,,,-,,Unknown,75.0,,,Josh Roberts,,,"Jul 1, 2011",,,,England,,,,Defence,,162610.0
Daniel Johnson,,,,,,,,,,,,,,,23.0,30.06.2017,Jamaica,Preston North End,466.0,"Oct 8, 1992",Main position:Attacking Midfield Side position: Central Midfield,Daniel Johnson,left,"1,74 m","Jan 23, 2015",,Daniel Anthony Johnson,,Jamaica   England,Kingston,,,Midfield - Attacking Midfield,"Oct 8, 1992 (23)",169092.0
Pa Modou Jobe,,,,,,,,,,,,,,,,-,,End of career,123.0,,,Pa Modou Jobe,,,"Jul 1, 2011",2/0,,16337.0,Belgium   The Gambia,,,,Midfield,,171414.0
Matt Doherty,,,,,,,,,,,,,,,24.0,30.06.2016,Ireland,Wolverhampton Wanderers,543.0,"Jan 16, 1992",Main position:Right-Back Side position: Left-Back Defensive Midfield,Matt Doherty,right,"1,83 m","Jul 1, 2011",8/4,Matthew James Doherty,21103.0,Ireland,Dublin,,,Defence - Right-Back,"Jan 16, 1992 (24)",171679.0
Jordan Robinson,,,,,,,,,,,,,,,25.0,-,England,Ytterhogdals IK,8039.0,"Apr 28, 1991",Main position:Centre Back,Jordan Robinson,,"1,88 m","Jan 1, 2016",,,,England,Yarm,,,Defence - Centre Back,"Apr 28, 1991 (25)",173066.0
Josh Vela,,,,,,,,,,,,,,,22.0,30.06.2017,England,Bolton Wanderers,355.0,"Dec 14, 1993",Main position:Right-Back Side position: Defensive Midfield Central Midfield,Josh Vela,right,"1,81 m","Jul 1, 2012",,Joshua James Vela,,England,Salford,,,Defence - Right-Back,"Dec 14, 1993 (22)",173804.0
Liam Tomsett,,,,,,,,,,,,,,,23.0,-,England,AFC Fylde,22672.0,"Oct 21, 1992",Main position:Central Midfield Side position: Defensive Midfield,Liam Tomsett,right,"1,80 m","Jul 4, 2014",,Liam Richard Tomsett,,England,Ulvertson,,,Midfield - Central Midfield,"Oct 21, 1992 (23)",174214.0
Michael Richardson,,,,,,,,,,,,,,,24.0,-,England,Blyth Spartans AFC,4310.0,"Mar 17, 1992",Main position:Defensive Midfield,Michael Richardson,,,"Jul 1, 2014",,,,England,Newcastle upon Tyne,,,Midfield - Defensive Midfield,"Mar 17, 1992 (24)",177022.0
Abdul Razak,,,,,,,,,,,,,https://twitter.com/Razak,,23.0,-,Cote d'Ivoire,Athletic FC United,8877.0,"Nov 11, 1992",Main position:Central Midfield Side position: Attacking Midfield Right Midfield,Abdul Razak,right,"1,79 m","Mar 31, 2016",5/0,,3591.0,Cote d'Ivoire,"Bouaké, Abidjan",HMFootball84,3712.0,Midfield - Central Midfield,"Nov 11, 1992 (23)",177321.0
Chris Kettings,,,,,,,,,,,,,,,23.0,-,Scotland,Crystal Palace U21,6945.0,"Oct 25, 1992",Main position:Keeper,Chris Kettings,,"1,93 m",-,3/0,Christopher David Kettings,16868.0,Scotland,Glasgow,,,Goalkeeper,"Oct 25, 1992 (23)",177953.0
Dylan Tombides †,18.04.2014 (†20),,,,,,,,,,,,https://twitter.com/Dylantombides,,,,Australia,---,4023.0,"Mar 8, 1994",Main position:Centre Forward,Dylan Tombides †,,"1,80 m",,4/0,Dylan James Tombides,32270.0,Australia   Greece,Perth,,,Striker - Centre Forward,"Mar 8, 1994",183966.0
