name,Age,Complete name,Contract option,Contract there until,Contract until,Country of birth,Current club,Current club id,Date of birth,Date of last contract extension,Detailed position,Display name,Foot,Height,In the team since,Intl caps/goals,Name in home country,National team id,Nationality,Outfitter,Place of birth,Player's agent,Player's agent id,Position,birthDate,day of death,facebook,id,instagram,on loan from,on loan from club id,twitter,website
Jens Nowotny,42,,,,-,Germany,End of career,123,"Jan 11, 1974",,Main position:Centre Back,Jens Nowotny,right,"1,87 m","Jan 1, 2007",48/1,,3262,Germany,,Malsch,Georg Bischoff,39,Defence - Centre Back,"Jan 11, 1974 (42)",,,82,,,,,
Boris Zivkovic,40,,,,-,Jugoslawien (SFR),End of career,123,"Nov 15, 1975",,Main position:Right-Back Side position: Centre Back Defensive Midfield,Boris Zivkovic,right,"1,82 m","Dec 1, 2009",39/2,,3556,Croatia,,Zivinice,No agent,96,Defence - Right-Back,"Nov 15, 1975 (40)",,,94,,,,,
Danijel Stefulj,43,,,,-,,End of career,123,"Jun 2, 1973",,,Danijel Stefulj,right,"1,80 m","Jul 1, 2014",2/0,Danijel Štefulj,3556,Croatia,,,No agent,96,Midfield,"Jun 2, 1973 (43)",,,898,,,,,
Zeljko Sopic,41,,,,-,Jugoslawien (SFR),End of career,123,"Jul 24, 1974",,,Zeljko Sopic,right,"1,88 m","Jul 1, 2011",2/0,Željko Sopić,3556,Croatia,,Zagreb,,,Midfield,"Jul 24, 1974 (41)",,,960,,,,,
Danijel Kovacevic,38,,,,-,Germany,NK Ponikve,25245,"Feb 28, 1978",,Main position:Central Midfield,Danijel Kovacevic,right,"1,83 m","Jul 1, 2012",,,,Croatia,,Frankfurt,No agent,96,Midfield - Central Midfield,"Feb 28, 1978 (38)",,,1058,,,,,
Mario Prisc,42,,,,-,,NK FESK Fericanci,31384,"Feb 18, 1974",,Main position:Defensive Midfield,Mario Prisc,right,"1,72 m","Jul 1, 2010",,,,Croatia,,,,,Midfield - Defensive Midfield,"Feb 18, 1974 (42)",,,2936,,,,,
Mirko Hrgovic,37,,,,-,Jugoslawien (SFR),NK Junak Sinj,12105,"Feb 5, 1979",,Main position:Left-Back,Mirko Hrgovic,left,"1,86 m","Aug 14, 2015",30/2,Mirko Hrgović,3446,Bosnia-Herzegovina   Croatia,,Sinj,,,Defence - Left-Back,"Feb 5, 1979 (37)",,,4246,,,,,
Goran Rubil,35,,,,-,Jugoslawien (SFR),Unattached,515,"Mar 9, 1981",,Main position:Right Midfield,Goran Rubil,right,"1,73 m","Jul 1, 2012",,Goran Rubil,,Croatia,,Slavonski Brod,,,Midfield - Right Midfield,"Mar 9, 1981 (35)",,,5512,,,,,
Georgi Ivanov,39,,,,-,Bulgaria,End of career,123,"Jul 2, 1976",,Main position:Centre Forward,Georgi Ivanov,right,"1,84 m","Jul 1, 2009",33/4,Георги Иванов,3394,Bulgaria,,Plovdiv,Latchezar Tanev,228,Striker - Centre Forward,"Jul 2, 1976 (39)",,,5678,,,,,
Tomislav Misura,35,,,31.12.2016,16.10.2016,Jugoslawien (SFR),Reynir Sandgerdi,21873,"May 13, 1981",,,Tomislav Misura,,"1,85 m","Apr 8, 2016",,,,Slovenia,,Novo Mesto,,,Striker,"May 13, 1981 (35)",,,6694,,UMF Grindavík,7690,,
Antonio Franja,38,,,,-,Jugoslawien (SFR),Unattached,515,"Jun 8, 1978",,,Antonio Franja,left,"1,79 m","Jan 1, 2009",,,,Croatia,,Zagreb,No agent,96,Striker,"Jun 8, 1978 (38)",,,6864,,,,,
Elvir Bolic,44,,,,-,Jugoslawien (SFR),End of career,123,"Oct 10, 1971",,Main position:Centre Forward,Elvir Bolic,right,"1,85 m","Jan 1, 2007",52/23,Elvir Bolić,3446,Bosnia-Herzegovina   Turkey,,Zenica,Saffet Sancakli,495,Striker - Centre Forward,"Oct 10, 1971 (44)",,,6867,,,,,
Josip Bulat,44,,,,-,Jugoslawien (SFR),End of career,123,"Mar 18, 1972",,Main position:Right-Back,Josip Bulat,right,"1,79 m","Jul 1, 2008",1/0,,3556,Croatia,,Šibenik,,,Defence - Right-Back,"Mar 18, 1972 (44)",,,7308,,,,,
Vladimir Vuk,36,,,,-,,Unattached,515,"Apr 17, 1980",,Main position:Centre Back,Vladimir Vuk,right,"1,86 m","Jan 1, 2008",,,,Croatia,,,No agent,96,Defence - Centre Back,"Apr 17, 1980 (36)",,,8145,,,,,
Josip Simic,38,,,,-,Jugoslawien (SFR),End of career,123,"Sep 16, 1977",,Main position:Centre Forward,Josip Simic,left,"1,77 m","Jan 1, 2008",8/0,,3556,Croatia,,Zagreb,,,Striker - Centre Forward,"Sep 16, 1977 (38)",,,9664,,,,,
Filip Susnjara,40,,,,-,,End of career,123,"Apr 7, 1976",,Main position:Keeper,Filip Susnjara,,"1,87 m","Jul 1, 2009",,,,Croatia,,,B.I.S.C International Sport Consulting,72,Goalkeeper,"Apr 7, 1976 (40)",,,12524,,,,,
Hasan Kacic,39,,,,-,Jugoslawien (SFR),NK GOSK Dubrovnik,9515,"Jul 29, 1976",,Main position:Left-Back,Hasan Kacic,left,"1,78 m","Jul 1, 2011",,Hasan Kacić,,Croatia,,Dubrovnik,,,Defence - Left-Back,"Jul 29, 1976 (39)",,,13065,,,,,
Tomislav Sokota,39,,,,-,Jugoslawien (SFR),End of career,123,"Apr 8, 1977",,Main position:Centre Forward,Tomislav Sokota,both,"1,84 m","Jul 1, 2011",8/2,Tomislav Šokota,3556,Croatia,,Zagreb,Fetic Soccer Management,1542,Striker - Centre Forward,"Apr 8, 1977 (39)",,,13231,,,,,
Miljenko Mumlek,43,,,,-,Jugoslawien (SFR),NK Podravina Ludbreg,12794,"Nov 21, 1972",,Main position:Central Midfield,Miljenko Mumlek,left,"1,78 m","Mar 4, 2013",8/1,,3556,Croatia,,Varazdin,No agent,96,Midfield - Central Midfield,"Nov 21, 1972 (43)",,,13477,,,,,
Toñito,39,António Jesus Garcia Gonzalez,,,-,Spain,End of career,123,"Feb 24, 1977",,Main position:Right Midfield,Toñito,right,"1,70 m","Jul 1, 2009",,,,Spain,,Tenerife,,,Midfield - Right Midfield,"Feb 24, 1977 (39)",,,13824,,,,,
Davor Vugrinec,41,,,,-,Jugoslawien (SFR),End of career,123,"Mar 24, 1975",,Main position:Centre Forward Side position: Attacking Midfield Right Wing,Davor Vugrinec,right,"1,79 m","Jul 1, 2015",29/7,,3556,Croatia,,Varazdin,Marko Naletilic,312,Striker - Centre Forward,"Mar 24, 1975 (41)",,,15328,,,,,
Borut Semler,31,,,,-,Jugoslawien (SFR),SC Weiz,7141,"Feb 25, 1985",,Main position:Attacking Midfield,Borut Semler,both,"1,75 m","Jan 31, 2016",7/0,,3588,Slovenia,,Murska Sobota,,,Midfield - Attacking Midfield,"Feb 25, 1985 (31)",,,17724,,,,,
Mate Brajkovic,34,,,,-,Jugoslawien (SFR),NK Crikvenica,15685,"Jun 18, 1981",,,Mate Brajkovic,left,"1,75 m","Aug 9, 2013",,Mate Brajković,,Croatia,,Sombor,,,Striker,"Jun 18, 1981 (34)",,,18384,,,,,
Bosko Peraica,38,,,,-,Jugoslawien (SFR),NK Troglav Livno,8285,"Dec 7, 1977",,Main position:Centre Forward,Bosko Peraica,both,"1,86 m","Jul 1, 2011",,Boško Peraica,,Bosnia-Herzegovina   Croatia,,Livno,No agent,96,Striker - Centre Forward,"Dec 7, 1977 (38)",,,20420,,,,,
Marinko Skaricic,36,,,,-,,NK Omis,11035,"May 29, 1980",,,Marinko Skaricic,left,"1,85 m","Jan 1, 2010",,,,Croatia,,,,,Defence,"May 29, 1980 (36)",,,21281,,,,,
Mirko Selak,38,,,,-,,HNK Zmaj Makarska,10317,"Jan 30, 1978",,Main position:Centre Forward,Mirko Selak,right,"1,82 m","Aug 30, 2013",,,,Croatia,,,,,Striker - Centre Forward,"Jan 30, 1978 (38)",,,23104,,,,,
Bojan Simek,40,,,,-,Jugoslawien (SFR),NK Podravec Torcec,35756,"Dec 3, 1975",,Main position:Centre Forward,Bojan Simek,,"1,90 m","Aug 7, 2015",,Bojan Šimek,,Croatia,,Koprivnica,,,Striker - Centre Forward,"Dec 3, 1975 (40)",,,23992,,,,,
Kresimir Makarin,29,,,,-,Jugoslawien (SFR),NK Zagora Unesic,16268,"Jan 7, 1987",,,Kresimir Makarin,right,"1,81 m","Jan 1, 2012",,Krešimir Makarin,,Croatia,,Rijeka,Marko Naletilic,312,Striker,"Jan 7, 1987 (29)",,,24607,,,,,
Nikica Jelavic,30,,club option 1 year,,31.12.2019,Jugoslawien (SFR),Beijing Renhe,17250,"Aug 27, 1985",,Main position:Centre Forward,Nikica Jelavic,both,"1,87 m","Feb 15, 2016",36/6,Nikica Jelavić,3556,Croatia,New Balance,Čapljina,Pharos Sport Agency,1358,Striker - Centre Forward,"Aug 27, 1985 (30)",,,25742,,,,,
Tomislav Busic,30,,,,-,Jugoslawien (SFR),PBDKT T-Team,35385,"Feb 2, 1986",,Main position:Centre Forward,Tomislav Busic,right,"1,87 m","Jul 19, 2015",29/13,Tomislav Bušić,11943,Croatia,,Split,Alfred Bode,2190,Striker - Centre Forward,"Feb 2, 1986 (30)",,,25743,,,,,
Josip Cutuk,31,,,,-,Jugoslawien (SFR),RWB Adria,39817,"May 4, 1985",,Main position:Centre Back,Josip Cutuk,left,"1,94 m","May 4, 2015",,Josip Ćutuk,,Bosnia-Herzegovina   Croatia,,Mostar,Soccerpool,1734,Defence - Centre Back,"May 4, 1985 (31)",,,25746,,,,,
Dario Damjanovic,34,,,,-,Jugoslawien (SFR),OFK Beograd,53,"Jul 23, 1981",,Main position:Central Midfield Side position: Defensive Midfield,Dario Damjanovic,right,"1,89 m","Aug 1, 2015",17/2,Dario Damjanović,3446,Bosnia-Herzegovina   Croatia,,Gradačac,MaWa Consult,381,Midfield - Central Midfield,"Jul 23, 1981 (34)",,,25747,,,,,
Juraj Grizelj,30,,,,-,Jugoslawien (SFR),KA Akureyri,1839,"May 3, 1986",,Main position:Right Wing Side position: Left Wing Secondary Striker,Juraj Grizelj,both,"1,81 m","Feb 14, 2015",9/0,,17379,Croatia,,Split,No agent,96,Striker - Right Wing,"May 3, 1986 (30)",,,25755,,,,,
Krunoslav Lovrek,36,,,,-,Jugoslawien (SFR),USV Dechantskirchen,40130,"Sep 11, 1979",,Main position:Centre Forward Side position: Right Wing Left Wing,Krunoslav Lovrek,both,"1,82 m","Feb 9, 2016",1/0,,3556,Croatia,,Varaždin,No agent,96,Striker - Centre Forward,"Sep 11, 1979 (36)",,,25763,,,,,
Pablo Munhoz,33,,,,-,Uruguay,Club Deportivo Maldonado,18075,"Aug 31, 1982",,Main position:Attacking Midfield Side position: Right Midfield,Pablo Munhoz,right,"1,75 m","Sep 1, 2015",5/1,Pablo Roberto Munhoz Rodríguez,3449,Uruguay,,Rivera,,,Midfield - Attacking Midfield,"Aug 31, 1982 (33)",,,25768,,,,,
Luka Vucko,32,,,,-,Jugoslawien (SFR),NK Omis,11035,"Apr 11, 1984",,Main position:Centre Back,Luka Vucko,right,"1,97 m","Aug 14, 2015",1/0,Luka Vučko,3556,Croatia,,Split,No agent,96,Defence - Centre Back,"Apr 11, 1984 (32)",,,25779,,,,,
Tonci Zilic,41,,,,-,Jugoslawien (SFR),NK Omis,11035,"Feb 26, 1975",,Main position:Centre Back,Tonci Zilic,left,"1,84 m","Aug 1, 2011",,Tonči Žilić,,Croatia,,Split,,,Defence - Centre Back,"Feb 26, 1975 (41)",,,25781,,,,,
Dragan Zilic,41,,,,-,Jugoslawien (SFR),End of career,123,"Dec 14, 1974",,Main position:Keeper,Dragan Zilic,,"1,97 m","Jul 1, 2010",4/0,,23380,Serbia   Croatia,,Kikinda,,,Goalkeeper,"Dec 14, 1974 (41)",,,26091,,,,,
Damir Vitas,35,,,,-,,SC Schönau,39716,"Mar 11, 1981",,Main position:Centre Back,Damir Vitas,right,"1,90 m","Jul 1, 2015",,,,Croatia,,,MAGOS MANAGEMENT,1286,Defence - Centre Back,"Mar 11, 1981 (35)",,,26326,,,,,
Valentin Babic,34,,,,-,Jugoslawien (SFR),Unknown,75,"Jul 6, 1981",,Main position:Right-Back,Valentin Babic,right,"1,74 m","Jan 1, 2015",,Valentin Babić,,Croatia,,Osijek,Fetic Soccer Management,1542,Defence - Right-Back,"Jul 6, 1981 (34)",,,27527,,,,,
Marko Basic,31,,,,-,Jugoslawien (SFR),NK Obres Sveti Ilija,43367,"Sep 13, 1984",,Main position:Centre Back,Marko Basic,right,"1,85 m","Feb 17, 2014",9/1,Marko Bašić,21141,Croatia,,Šibenik,,,Defence - Centre Back,"Sep 13, 1984 (31)",,,27529,,,,,
Hrvoje Bubalo,38,,,,-,Jugoslawien (SFR),NK Visnjevac,13477,"Dec 30, 1977",,Main position:Left-Back,Hrvoje Bubalo,left,"1,80 m","Jul 1, 2012",,,,Croatia,,Osijek,,,Defence - Left-Back,"Dec 30, 1977 (38)",,,27532,,,,,
Darko Deranja,35,,,,-,,TUS St. Stefan im Rosental,33952,"Nov 20, 1980",,Main position:Centre Back Side position: Defensive Midfield,Darko Deranja,both,"1,70 m","Jul 1, 2014",,,,Croatia,,,No agent,96,Defence - Centre Back,"Nov 20, 1980 (35)",,,27535,,,,,
Mahir Iftic,36,,,,-,,SV Wörgl,548,"Mar 17, 1980",,Main position:Centre Back,Mahir Iftic,right,"1,90 m","Feb 7, 2013",,,,Bosnia-Herzegovina,,,,,Defence - Centre Back,"Mar 17, 1980 (36)",,,27538,,,,,
Vanja Ivesa,38,,,,15.06.2016,Jugoslawien (SFR),NK Istra 1961,999,"Jul 21, 1977",,Main position:Keeper,Vanja Ivesa,left,"2,05 m","Jul 3, 2015",,Vanja Iveša,,Croatia,,Pula,Playmaker Football Management,1813,Goalkeeper,"Jul 21, 1977 (38)",,,27539,,,,,
Kristijan Knezevic,35,,,,-,Jugoslawien (SFR),FC Sturm Hauzenberg,9070,"Mar 15, 1981",,Main position:Centre Forward,Kristijan Knezevic,,"1,79 m","Sep 15, 2015",,Kristijan Knežević,,Croatia,,Našice,,,Striker - Centre Forward,"Mar 15, 1981 (35)",,,27541,,,,,
Ljupko Kontesic,40,,,,-,,End of career,123,"Nov 12, 1975",,,Ljupko Kontesic,,"1,85 m","Jul 1, 2006",,,,Croatia,,,,,Defence,"Nov 12, 1975 (40)",,,27542,,,,,
Josip Milardovic,34,,,,-,Jugoslawien (SFR),Unattached,515,"Jan 10, 1982",,Main position:Defensive Midfield Side position: Centre Back,Josip Milardovic,right,"1,84 m","Jan 1, 2016",1/0,Josip Milardović,11943,Croatia,,Odzak,Igor Licikas,3167,Midfield - Defensive Midfield,"Jan 10, 1982 (34)",,,27549,,,,,http://www.domi-turbo.hr
Josip Misic,29,,,,-,,HNK Djakovo Croatia,39026,"Jul 14, 1986",,Main position:Left-Back,Josip Misic,right,"1,78 m","Aug 16, 2013",8/0,,11943,Croatia,,,No agent,96,Defence - Left-Back,"Jul 14, 1986 (29)",,,27550,,,,,
Mijo Nadj,35,,,,-,Jugoslawien (SFR),NK Bobota-Agrar,37728,"Dec 17, 1980",,Main position:Centre Back,Mijo Nadj,right,"1,73 m","Aug 7, 2013",,Mijo Nađ,,Croatia,,Osijek,,,Defence - Centre Back,"Dec 17, 1980 (35)",,,27551,,,,,
Davor Pajic,32,,,,-,,NK NASK Nasice,17028,"Apr 4, 1984",,Main position:Left-Back,Davor Pajic,left,"1,84 m","Jan 1, 2012",,,,Croatia,,,,,Defence - Left-Back,"Apr 4, 1984 (32)",,,27553,,,,,
Manuel Pamic,29,,,,15.06.2016,Jugoslawien (SFR),NK Istra 1961,999,"Aug 20, 1986",,Main position:Left-Back,Manuel Pamic,both,"1,77 m","Sep 17, 2015",0/0,Manuel Pamić,3556,Croatia,,Zminj,More than Sport GmbH,2675,Defence - Left-Back,"Aug 20, 1986 (29)",,,27554,,,,,
Karlo Primorac,32,,,,-,Jugoslawien (SFR),PKNS FC,36117,"Jun 1, 1984",,Main position:Centre Forward,Karlo Primorac,right,"1,88 m","Nov 1, 2013",10/1,,11943,Croatia,,Osijek,No agent,96,Striker - Centre Forward,"Jun 1, 1984 (32)",,,27558,,,,,http://www.domi-turbo.hr
Ervin Radulovic,32,,,,-,,End of career,123,"Jun 5, 1984",,Main position:Keeper,Ervin Radulovic,,"1,82 m","Jan 1, 2009",,,,Croatia,,,,,Goalkeeper,"Jun 5, 1984 (32)",,,27560,,,,,
Darko Raic-Sudar,43,,,,-,,End of career,123,"Nov 7, 1972",,Main position:Defensive Midfield,Darko Raic-Sudar,right,"1,82 m","Jul 1, 2008",,,,Croatia,,,,,Midfield - Defensive Midfield,"Nov 7, 1972 (43)",,,27562,,,,,
Marin Skender,36,,,,30.06.2017,Jugoslawien (SFR),SönderjyskE,5817,"Aug 12, 1979",,Main position:Keeper,Marin Skender,,"1,88 m","Jan 26, 2013",,,,Croatia,,Osijek,Mirsad Keric,697,Goalkeeper,"Aug 12, 1979 (36)",,,27565,,,,,
Mario Vratovic,35,,,,-,,NK BSK Bijelo Brdo,28990,"Dec 9, 1980",,Main position:Left Midfield,Mario Vratovic,left,"1,78 m","Jan 1, 2010",,,,Croatia,,,,,Midfield - Left Midfield,"Dec 9, 1980 (35)",,,27571,,,,,
Dario Bodrusic,33,,,,-,Jugoslawien (SFR),NK Rudes,11083,"Jan 25, 1983",,Main position:Centre Back,Dario Bodrusic,left,"1,86 m","Jul 24, 2015",9/0,Dario Bodrušić,11943,Croatia,,Bugojno,,,Defence - Centre Back,"Jan 25, 1983 (33)",,,27828,,,,,
Petar Bosnjak,42,,,,-,,End of career,123,"Jun 12, 1974 Happy Birthday",,Main position:Right-Back,Petar Bosnjak,right,"1,78 m","Jan 1, 2009",,,,Croatia,,,Jonathan Koenig,852,Defence - Right-Back,"Jun 12, 1974 (42)",,,27829,,,,,
Dalibor Bozac,40,,,,-,,NK Mladost Fazana,32306,"Jun 3, 1976",,Main position:Left-Back,Dalibor Bozac,left,"1,89 m","Aug 1, 2011",,,,Croatia,,,,,Defence - Left-Back,"Jun 3, 1976 (40)",,,27830,,,,,
Mario Brkljaca,31,,,,-,Jugoslawien (SFR),NK Krka Novo Mesto,12908,"Feb 7, 1985",,Main position:Central Midfield Side position: Defensive Midfield,Mario Brkljaca,right,"1,83 m","Sep 24, 2015",14/3,Mario Brkljača,11943,Croatia,,Zagreb,,,Midfield - Central Midfield,"Feb 7, 1985 (31)",,,27834,,,,,
Kristijan Caval,37,,,,-,Jugoslawien (SFR),End of career,123,"Oct 11, 1978",,Main position:Left-Back Side position: Left Midfield,Kristijan Caval,left,"1,79 m","Jul 1, 2013",,Kristijan Čaval,,Croatia,,Rijeka,,,Defence - Left-Back,"Oct 11, 1978 (37)",,,27837,,,,,
Silvije Cavlina,39,,,,-,Jugoslawien (SFR),End of career,123,"Apr 22, 1977",,Main position:Keeper,Silvije Cavlina,,"1,90 m","Jul 1, 2014",,Silvije Čavlina,,Croatia,,Zagreb,,,Goalkeeper,"Apr 22, 1977 (39)",,,27838,,,,,
Ivan Cuncic,31,,,,-,,NK Zagorec,11195,"Mar 9, 1985",,,Ivan Cuncic,right,"1,81 m","Aug 17, 2012",,Ivan Čunčić,,Croatia,,,,,Midfield,"Mar 9, 1985 (31)",,,27841,,,,,
Hrvoje Custic †,,,,,,Jugoslawien (SFR),---,4023,"Oct 21, 1983",,Main position:Centre Forward,Hrvoje Custic †,right,"1,84 m",,10/0,,11943,Croatia,,Zadar,,,Striker - Centre Forward,"Oct 21, 1983",03.04.2008 (†24),,27842,,,,,
Mario Darmopil,35,,,,-,Jugoslawien (SFR),End of career,123,"Oct 5, 1980",,Main position:Central Midfield,Mario Darmopil,right,"1,63 m","Jun 19, 2012",,,,Croatia,,Banja Luka,,,Midfield - Central Midfield,"Oct 5, 1980 (35)",,,27845,,,,,
Sandi Dobric,37,,,,-,,Rudar Labin,10234,"Sep 15, 1978",,Main position:Left-Back,Sandi Dobric,left,"1,78 m","Aug 19, 2013",,,,Croatia,,,,,Defence - Left-Back,"Sep 15, 1978 (37)",,,27847,,,,,
Marijo Dodik,42,,,,-,Jugoslawien (SFR),NK Omladinac-Sloga Heresin,29795,"Feb 18, 1974",,Main position:Centre Forward,Marijo Dodik,right,"1,83 m","Aug 20, 2015",5/1,,3446,Bosnia-Herzegovina   Croatia,,Sarajevo,,,Striker - Centre Forward,"Feb 18, 1974 (42)",,,27849,,,,,
Zoran Draca,31,,,,-,Jugoslawien (SFR),SC Tamsweg,20125,"Jun 20, 1984",,Main position:Left-Back,Zoran Draca,left,"1,81 m","Jan 31, 2013",,Zoran Drača,,Croatia,,Pula,,,Defence - Left-Back,"Jun 20, 1984 (31)",,,27850,,,,,
Igor Gal,33,,,,-,Jugoslawien (SFR),Unknown,75,"Jan 20, 1983",,Main position:Centre Back,Igor Gal,right,"1,89 m","Jan 12, 2016",,,,Croatia,,Koprivnica,No agent,96,Defence - Centre Back,"Jan 20, 1983 (33)",,,27854,,,,,
Gordan Golik,31,,,,-,Jugoslawien (SFR),NK Vinogradar,11278,"Mar 4, 1985",,Main position:Central Midfield,Gordan Golik,right,"1,85 m","Jul 10, 2015",,,,Croatia,,Varazdin,No agent,96,Midfield - Central Midfield,"Mar 4, 1985 (31)",,,27855,,,,,
Drazen Govic,35,,,,-,Jugoslawien (SFR),HNK Sibenik,223,"Apr 29, 1981",,Main position:Left Midfield,Drazen Govic,left,"1,87 m","Jan 1, 2013",,Dražen Gović,,Croatia,,Sibenik,No agent,96,Midfield - Left Midfield,"Apr 29, 1981 (35)",,,27856,,,,,
Alen Guc,34,,,,-,Jugoslawien (SFR),NK Solin,8101,"Feb 21, 1982",,Main position:Centre Forward,Alen Guc,,"1,83 m","Feb 23, 2015",,Alen Guć,,Croatia,,Split,,,Striker - Centre Forward,"Feb 21, 1982 (34)",,,27858,,,,,
Senijad Ibricic,30,,,,30.06.2016,Jugoslawien (SFR),Sepahan FC,4947,"Sep 26, 1985",,Main position:Attacking Midfield Side position: Right Wing Left Wing,Senijad Ibricic,both,"1,81 m","Jan 9, 2016",40/4,Senijad Ibričić,3446,Bosnia-Herzegovina   Croatia,,Kotor Varoš,Not clarified,946,Midfield - Attacking Midfield,"Sep 26, 1985 (30)",,,27861,,,,,http://www.senijadibricic.com
Kristian Ipsa,30,,,,30.06.2016,Jugoslawien (SFR),Piast Gliwice,6112,"Apr 4, 1986",,Main position:Centre Back Side position: Right-Back,Kristian Ipsa,right,"1,86 m","Jan 22, 2016",8/0,Kristian Ipša,11943,Croatia   Slovenia,,Porec,No agent,96,Defence - Centre Back,"Apr 4, 1986 (30)",,,27862,,,,,
Zoran Ivancic,40,,,,-,,NK Mladost Prelog,19790,"Sep 16, 1975",,Main position:Centre Back,Zoran Ivancic,right,"1,84 m","Feb 15, 2013",,Zoran Ivančić,,Croatia,,,,,Defence - Centre Back,"Sep 16, 1975 (40)",,,27863,,,,,
Hrvoje Ivankovic,34,,,,-,Jugoslawien (SFR),Unknown,75,"Sep 8, 1981",,Main position:Keeper,Hrvoje Ivankovic,,"1,87 m","Jan 1, 2009",,Hrvoje Ivanković,,Croatia,,Varazdin,,,Goalkeeper,"Sep 8, 1981 (34)",,,27864,,,,,
Marko Juric,38,,,,-,Jugoslawien (SFR),End of career,123,"Jan 8, 1978",,Main position:Defensive Midfield,Marko Juric,right,"1,78 m","Jul 1, 2013",,Marko Jurić,,Croatia,,Split,,,Midfield - Defensive Midfield,"Jan 8, 1978 (38)",,,27869,,,,,
Tomislav Kelemen,38,,,,-,,NK Sloboda Varazdin,12630,"Aug 17, 1977",,Main position:Central Midfield,Tomislav Kelemen,left,"1,72 m","Jan 1, 2008",,,,Croatia,,,,,Midfield - Central Midfield,"Aug 17, 1977 (38)",,,27874,,,,,
Miroslav Kopric,31,,,,30.06.2017,Jugoslawien (SFR),Birkirkara FC,10262,"Dec 23, 1984","Jun 10, 2016",Main position:Keeper,Miroslav Kopric,,"1,86 m","Jan 13, 2016",,Miroslav Koprić,,Croatia,,Koprivnica,,,Goalkeeper,"Dec 23, 1984 (31)",,,27876,,,,,
Darko Kovre,34,,,,-,,Unknown,75,"Apr 2, 1982",,,Darko Kovre,,"1,76 m","Jul 1, 2006",,,,Croatia,,,,,Midfield,"Apr 2, 1982 (34)",,,27880,,,,,
Mario Kralj,38,,,,-,,NK Tekstilac-Ravnice,28004,"Jul 17, 1977",,,Mario Kralj,,"1,71 m","Aug 1, 2010",,,,Croatia,,,,,Midfield,"Jul 17, 1977 (38)",,,27881,,,,,
Matija Kristic,37,,,,-,Jugoslawien (SFR),NK Medjimurje Cakovec,6087,"Oct 10, 1978",,Main position:Centre Back,Matija Kristic,right,"1,83 m","Jan 23, 2015",1/0,Matija Kristić,11943,Croatia,,Varaždin,,,Defence - Centre Back,"Oct 10, 1978 (37)",,,27883,,,,,
Tomislav Labudovic,30,,,,-,Jugoslawien (SFR),HNK Gorica,24575,"Oct 25, 1985",,Main position:Centre Back Side position: Right-Back,Tomislav Labudovic,right,"1,84 m","Aug 4, 2014",11/0,Tomislav Labudović,11943,Croatia,,Zagreb,,,Defence - Centre Back,"Oct 25, 1985 (30)",,,27886,,,,,http://www.tomislavlabudovic.synthasite.com/
Sinisa Linic,33,,,,-,Jugoslawien (SFR),Unknown,75,"Aug 23, 1982",,Main position:Defensive Midfield Side position: Attacking Midfield,Sinisa Linic,right,"1,76 m","Jul 1, 2013",1/0,Siniša Linić,3556,Croatia,,Rijeka,Sanjin Ugarkovic,1308,Midfield - Defensive Midfield,"Aug 23, 1982 (33)",,,27888,,,,,
Robert Lisjak,38,,,,-,Jugoslawien (SFR),NK Funtana,32708,"Feb 5, 1978",,Main position:Keeper,Robert Lisjak,,"1,86 m","Aug 18, 2014",,,,Croatia,,Koprivnica,,,Goalkeeper,"Feb 5, 1978 (38)",,,27889,,,,,
Ivica Maric,41,,,,-,,End of career,123,"Sep 3, 1974",,Main position:Keeper,Ivica Maric,,"1,92 m","Jul 1, 2008",,,,Croatia,,,,,Goalkeeper,"Sep 3, 1974 (41)",,,27892,,,,,
Nikola Melnjak,34,,,,-,,SV Markt St. Martin,22032,"Sep 6, 1981",,Main position:Left-Back Side position: Centre Back,Nikola Melnjak,left,"1,80 m","Jan 1, 2012",,,,Croatia,,,,,Defence - Left-Back,"Sep 6, 1981 (34)",,,27895,,,,,
Goran Mujanovic,32,,,,30.06.2017,Jugoslawien (SFR),Birkirkara FC,10262,"Sep 29, 1983",,Main position:Right Wing Side position: Right Midfield Right-Back,Goran Mujanovic,right,"1,76 m","Jan 17, 2016",5/0,Goran Mujanović,11943,Croatia,,Varazdin,BTR Profisport,2044,Midfield - Right Wing,"Sep 29, 1983 (32)",,,27898,,,,,http://www.goran-mujanovic.com
Mensur Mujdza,32,,,,30.06.2017,Jugoslawien (SFR),SC Freiburg,60,"Mar 28, 1984",,Main position:Right-Back Side position: Left-Back Right Wing,Mensur Mujdza,right,"1,85 m","Jul 1, 2009",36/0,Mensur Mujdža,3446,Bosnia-Herzegovina   Croatia,,Zagreb,,,Defence - Right-Back,"Mar 28, 1984 (32)",,,27900,,,,,
Igor Novakovic,37,,,,-,Jugoslawien (SFR),NK Ilovac,29805,"May 24, 1979",,,Igor Novakovic,right,"1,84 m","Aug 13, 2012",,Igor Novaković,,Croatia,,Karlovac,firsteleven ISM,1181,Striker,"May 24, 1979 (37)",,,27901,,,,,
Enes Novinic,30,,,,-,Jugoslawien (SFR),NK Krka Novo Mesto,12908,"Jul 18, 1985",,Main position:Centre Forward Side position: Attacking Midfield,Enes Novinic,right,"1,80 m","Feb 12, 2015",2/0,Enes Novinić,29380,Croatia,,Cakovec,,,Striker - Centre Forward,"Jul 18, 1985 (30)",,,27902,,,,,
Mirko Plantic,31,,,,-,Jugoslawien (SFR),SpVgg 07 Ludwigsburg,661,"Jan 15, 1985",,Main position:Centre Back,Mirko Plantic,right,"1,81 m","Jan 31, 2016",1/0,Mirko Plantić,11943,Croatia,,Zagreb,,,Defence - Centre Back,"Jan 15, 1985 (31)",,,27911,,,,,
Nikola Pokrivac,30,,,,30.06.2016,Jugoslawien (SFR),Slaven Belupo Koprivnica,2362,"Nov 26, 1985",,Main position:Defensive Midfield Side position: Central Midfield Left-Back,Nikola Pokrivac,left,"1,86 m","Mar 29, 2016",15/0,Nikola Pokrivač,3556,Croatia,,Čakovec,No agent,96,Midfield - Defensive Midfield,"Nov 26, 1985 (30)",,,27912,,,,,http://www.nikola-pokrivac.com
Kreso Poleti,38,,,,-,,NK Lipik,12695,"Mar 23, 1978",,,Kreso Poleti,,"1,80 m","Jul 1, 2007",,Krešo Poleti,,Croatia,,,,,Defence,"Mar 23, 1978 (38)",,,27913,,,,,
Srebrenko Posavec,36,,,,-,Jugoslawien (SFR),SV Union Sturm Klöch,30307,"Mar 19, 1980",,Main position:Attacking Midfield,Srebrenko Posavec,right,"1,80 m","Jan 8, 2016",1/0,,3556,Croatia   Slovenia,,Murska Sobota,No agent,96,Midfield - Attacking Midfield,"Mar 19, 1980 (36)",,,27916,,,,,
Krunoslav Prpic,34,,,,-,,NK Slavonija Pozega,11404,"May 17, 1982",,Main position:Centre Forward,Krunoslav Prpic,right,"1,74 m","Jan 1, 2008",,,,Croatia,,,,,Striker - Centre Forward,"May 17, 1982 (34)",,,27917,,,,,
Danijel Radicek,35,,,,-,Jugoslawien (SFR),NK Tehnicar 1974 Cvetkovec,38476,"Jul 9, 1980",,Main position:Centre Back,Danijel Radicek,right,"1,77 m","Jan 16, 2015",,Danijel Radiček,,Croatia,,Koprivnica,,,Defence - Centre Back,"Jul 9, 1980 (35)",,,27919,,,,,
Velimir Radman,33,,,,-,Jugoslawien (SFR),NK Losinj,34155,"May 28, 1983",,Main position:Keeper,Velimir Radman,right,"1,87 m","Aug 29, 2014",2/0,,11943,Croatia,,Banja Luka,,,Goalkeeper,"May 28, 1983 (33)",,,27920,,,,,
Zedi Ramadani,31,,,,-,Jugoslawien (SFR),NK Udarnik Kurilovec,22562,"Apr 22, 1985",,Main position:Defensive Midfield,Zedi Ramadani,left,"1,84 m","Sep 28, 2015",,,,Croatia   Macedonia,,Tetovo,,,Midfield - Defensive Midfield,"Apr 22, 1985 (31)",,,27921,,,,,
Nikola Safaric,35,,,,-,Jugoslawien (SFR),NK Medjimurje Cakovec,6087,"Mar 11, 1981",,Main position:Central Midfield Side position: Defensive Midfield Attacking Midfield,Nikola Safaric,right,"1,68 m","Aug 14, 2015",3/0,Nikola Šafarić,3556,Croatia,,Cakovec,"Lermyte, Geert",1106,Midfield - Central Midfield,"Mar 11, 1981 (35)",,,27926,,,,,
Daniel Saric,43,,,,-,Jugoslawien (SFR),End of career,123,"Aug 4, 1972",,Main position:Right-Back,Daniel Saric,right,"1,79 m","Jul 1, 2007",29/0,Daniel Šarić,3556,Croatia,,Rijeka,,,Defence - Right-Back,"Aug 4, 1972 (43)",,,27928,,,,,
Ivan Sertic,31,,,,-,,NK Grobnican,20655,"Feb 27, 1985",,Main position:Centre Forward,Ivan Sertic,right,"1,91 m","Aug 20, 2012",,Ivan Sertić,,Croatia,,,No agent,96,Striker - Centre Forward,"Feb 27, 1985 (31)",,,27930,,,,,
Ahmad Sharbini,32,,,,-,Jugoslawien (SFR),Unknown,75,"Feb 21, 1984",,Main position:Centre Forward,Ahmad Sharbini,both,"1,84 m","Jan 1, 2014",13/2,,11943,Croatia   Jordan,,Rijeka,,,Striker - Centre Forward,"Feb 21, 1984 (32)",,,27932,,,,,
Hrvoje Sklepic,36,,,,-,,NK Vrbovec,11372,"Feb 5, 1980",,,Hrvoje Sklepic,right,"1,80 m","Jan 28, 2013",,Hrvoje Sklepić,,Croatia,,,No agent,96,Midfield,"Feb 5, 1980 (36)",,,27933,,,,,
Josip Skoric,35,,,,-,Jugoslawien (SFR),NK Omis,11035,"Feb 13, 1981",,Main position:Keeper,Josip Skoric,,"1,86 m","Aug 3, 2015",,Josip Škorić,,Croatia,,Split,,,Goalkeeper,"Feb 13, 1981 (35)",,,27934,,,,,
Ivo Smoje,37,,,,-,Jugoslawien (SFR),End of career,123,"Nov 21, 1978",,Main position:Centre Back,Ivo Smoje,right,"1,86 m","Feb 27, 2014",,,,Croatia,,Osijek,,,Defence - Centre Back,"Nov 21, 1978 (37)",,,27936,,,,,
Dejan Somoci,33,,,,-,Jugoslawien (SFR),NK Podravec Torcec,35756,"Jan 24, 1983",,Main position:Left Midfield,Dejan Somoci,left,"1,75 m","Jul 31, 2015",,Dejan Šomoci,,Croatia,,Koprivnica,,,Midfield - Left Midfield,"Jan 24, 1983 (33)",,,27937,,,,,
Dragan Stojkic,40,,,,-,Jugoslawien (SFR),NK Croatia Zmijavci,22558,"Oct 7, 1975",,Main position:Keeper,Dragan Stojkic,,"1,85 m","Aug 19, 2013",1/0,Dragan Stojkić,3446,Bosnia-Herzegovina   Croatia,,Split,Nikola Berisic,1185,Goalkeeper,"Oct 7, 1975 (40)",,,27940,,,,,
Igor Tkalcevic,41,,,,-,,NK Opatija,26357,"Nov 26, 1974",,Main position:Centre Back,Igor Tkalcevic,right,"1,88 m","Jul 1, 2009",,,,Croatia,,,,,Defence - Centre Back,"Nov 26, 1974 (41)",,,27946,,,,,
Ivica Vidovic,30,,,,-,,Unattached,515,"Mar 21, 1986",,Main position:Keeper,Ivica Vidovic,,"1,91 m","Jul 1, 2007",,,,Croatia,,,,,Goalkeeper,"Mar 21, 1986 (30)",,,27948,,,,,
Ivica Vrdoljak,32,,,,30.06.2017,Jugoslawien (SFR),Legia Warsaw II,6628,"Sep 19, 1983",,Main position:Defensive Midfield Side position: Central Midfield,Ivica Vrdoljak,right,"1,87 m",-,7/1,,11943,Croatia,,Novi Sad,TBSA,3694,Midfield - Defensive Midfield,"Sep 19, 1983 (32)",,,27950,,,,,
Bojan Vrucina,31,,,,-,Jugoslawien (SFR),AO Trikala,3993,"Nov 8, 1984",,Main position:Centre Forward Side position: Right Wing Left Wing,Bojan Vrucina,both,"1,82 m","Jan 19, 2016",0/0,Bojan Vručina,3556,Croatia,,Varaždin,,,Striker - Centre Forward,"Nov 8, 1984 (31)",,,27951,,,,,
Neven Vukman,31,,,,-,Jugoslawien (SFR),NK Varteks (2011),53177,"Apr 11, 1985",,Main position:Defensive Midfield,Neven Vukman,right,"1,84 m","Feb 29, 2016",2/0,,3556,Croatia,,Varaždin,,,Midfield - Defensive Midfield,"Apr 11, 1985 (31)",,,27953,,,,,
Ognjen Vukojevic,32,,club option 1 year,,30.06.2017,Jugoslawien (SFR),Austria Vienna,14,"Dec 20, 1983",,Main position:Defensive Midfield Side position: Central Midfield,Ognjen Vukojevic,right,"1,84 m","Jul 1, 2015",54/4,Ognjen Vukojević,3556,Croatia,,Bjelovar,ASA,2107,Midfield - Defensive Midfield,"Dec 20, 1983 (32)",,,27954,,,,,
Ante Zurak,31,,,,-,Jugoslawien (SFR),TuS RÃ¼ssingen,32621,"Aug 13, 1984",,Main position:Centre Back Side position: Defensive Midfield,Ante Zurak,right,"1,92 m","Jul 29, 2013",10/0,,29380,Croatia,,Zadar,No agent,96,Defence - Centre Back,"Aug 13, 1984 (31)",,,27957,,,,,
Mladen Pelaic,32,,,,-,Jugoslawien (SFR),NK Rudes,11083,"Aug 20, 1983",,Main position:Right-Back,Mladen Pelaic,right,"1,84 m","Aug 1, 2014",,Mladen Pelaić,,Croatia,,Zagreb,No agent,96,Defence - Right-Back,"Aug 20, 1983 (32)",,,27958,,,,,
Teo Kardum,29,,,,-,Jugoslawien (SFR),NK Uskok Klis,1821,"Jul 24, 1986",,,Teo Kardum,both,"1,85 m","Feb 7, 2014",,,,Croatia,,Split,W&K Fairplay,1208,Striker,"Jul 24, 1986 (29)",,,27990,,,,,
Davor Piskor,34,,,,-,Jugoslawien (SFR),NK Medjimurec Dunjkovec - Pretetinec,52187,"Apr 23, 1982",,,Davor Piskor,right,"1,72 m","Aug 5, 2015",,Davor Piškor,,Croatia,,Zagreb,No agent,96,Striker,"Apr 23, 1982 (34)",,,27994,,,,,
Stjepan Poljak,32,,,,-,Jugoslawien (SFR),NK Zagorec,11195,"Nov 17, 1983",,Main position:Attacking Midfield,Stjepan Poljak,left,"1,80 m","Feb 19, 2016",,,,Croatia,,Zabok,HBR Sport,1374,Midfield - Attacking Midfield,"Nov 17, 1983 (32)",,,27995,,,,,
Krunoslav Bratkovic,35,,,,-,,NK Centrometal Macinec,29833,"Apr 15, 1981",,Main position:Right-Back,Krunoslav Bratkovic,right,"1,84 m","Jul 1, 2010",,,,Croatia,,,,,Defence - Right-Back,"Apr 15, 1981 (35)",,,28067,,,,,
Darko Cordas,39,,,,-,Jugoslawien (SFR),NK Vrbovec,11372,"Dec 16, 1976",,Main position:Attacking Midfield,Darko Cordas,,"1,84 m","Feb 13, 2013",,Darko Čordaš,,Croatia,,Osijek,MAGOS MANAGEMENT,1286,Midfield - Attacking Midfield,"Dec 16, 1976 (39)",,,28074,,,,,
Vjekoslav Cvek,,,,,-,,NK Kraljevcan 38 Donji Kraljevec,14767,,,,Vjekoslav Cvek,,"1,88 m","Jul 1, 2005",,,,Croatia,,,,,Midfield,,,,28077,,,,,
Ivan Habus,32,,,,-,,NK Mladost Prelog,19790,"Sep 29, 1983",,,Ivan Habus,,"1,84 m","Feb 1, 2012",,Ivan Habuš,,Croatia,,,,,Midfield,"Sep 29, 1983 (32)",,,28090,,,,,
Dino Kresinger,34,,,,01.06.2016,Jugoslawien (SFR),NK Siroki Brijeg,1242,"Mar 20, 1982",,Main position:Centre Forward,Dino Kresinger,right,"1,88 m","Feb 24, 2015",1/0,,29380,Croatia,,Cakovec,,,Striker - Centre Forward,"Mar 20, 1982 (34)",,,28097,,,,,
Sinisa Sesar,43,,,,-,,End of career,123,"Oct 14, 1972",,Main position:Centre Back,Sinisa Sesar,right,"1,90 m","Jul 1, 2010",,Siniša Sesar,,Croatia,,,,,Defence - Centre Back,"Oct 14, 1972 (43)",,,28121,,,,,
Vjekoslav Tomic,32,,,,-,Jugoslawien (SFR),FC Koper,433,"Jul 19, 1983",,Main position:Keeper,Vjekoslav Tomic,right,"1,90 m","Feb 1, 2016",0/0,Vjekoslav Tomić,3556,Croatia,,Split,Equipe,787,Goalkeeper,"Jul 19, 1983 (32)",,,28124,,,,,
Dario Toplek,31,,,,-,Jugoslawien (SFR),SD NK Krizevci,43566,"Nov 2, 1984",,,Dario Toplek,both,"1,78 m","Aug 4, 2015",,,,Croatia,,Čakovec,Domagoj Bilic,1145,Midfield,"Nov 2, 1984 (31)",,,28125,,,,,
André,36,André Batista Silva,,,-,Brazil,NK Sloga Cakovec,41271,"Apr 14, 1980",,Main position:Centre Back,André,right,"1,80 m","Jul 10, 2013",,,,Brazil,,Rio De Janeiro,Spomex-doo,1465,Defence - Centre Back,"Apr 14, 1980 (36)",,,28141,,,,,
Davor Conkas,38,,,,-,,NK Naprijed Cirkovljan,37366,"Jun 8, 1978",,Main position:Keeper,Davor Conkas,,"1,86 m","Feb 6, 2013",,Davor Čonkaš,,Croatia,,,,,Goalkeeper,"Jun 8, 1978 (38)",,,28174,,,,,
Josip Brezovec,30,,,,30.06.2016,Jugoslawien (SFR),HNK Rijeka,144,"Mar 12, 1986",,Main position:Defensive Midfield Side position: Central Midfield,Josip Brezovec,right,"1,75 m","Jul 1, 2012",2/1,,11943,Croatia,,Varaždin,ASA,2107,Midfield - Defensive Midfield,"Mar 12, 1986 (30)",,,28434,,,,,
Ivan Lajtman,36,,,,-,Jugoslawien (SFR),NK Funtana,32708,"Jul 1, 1979",,,Ivan Lajtman,,"1,76 m","Aug 31, 2012",,,,Croatia,,Đakovo,,,Midfield,"Jul 1, 1979 (36)",,,28435,,,,,
Srdjan Markovic,35,,,,-,,NK Sparta Elektra Zagreb,30025,"Oct 15, 1980",,Main position:Centre Back,Srdjan Markovic,,,"Aug 1, 2010",,,,Croatia,,,No agent,96,Defence - Centre Back,"Oct 15, 1980 (35)",,,28440,,,,,
Ivan Medvid,38,,,,-,Jugoslawien (SFR),End of career,123,"Oct 13, 1977",,Main position:Left-Back,Ivan Medvid,left,"1,79 m","Jul 1, 2015",5/0,,3446,Bosnia-Herzegovina   Croatia,,Split,,,Defence - Left-Back,"Oct 13, 1977 (38)",,,28442,,,,,
Boris Pandza,29,,,,01.06.2017,Jugoslawien (SFR),NK Siroki Brijeg,1242,"Dec 15, 1986",,Main position:Centre Back,Boris Pandza,right,"1,86 m","Sep 1, 2014",21/0,Boris Pandža,3446,Bosnia-Herzegovina   Croatia,,Mostar,Jurkicsport,1469,Defence - Centre Back,"Dec 15, 1986 (29)",,,28456,,,,,http://www.borispandza.com
Marko Djuric,32,,,,-,Jugoslawien (SFR),Unknown,75,"Mar 22, 1984",,Main position:Centre Forward,Marko Djuric,right,"1,85 m","Jan 1, 2012",0/0,Marko Đurić,11941,Bosnia-Herzegovina,,Brčko,,,Striker - Centre Forward,"Mar 22, 1984 (32)",,,28576,,,,,
Almir Halilovic,35,,,,-,Jugoslawien (SFR),NK Mladost Fazana,32306,"Apr 18, 1981",,Main position:Centre Forward,Almir Halilovic,left,"1,83 m","Aug 19, 2013",,Almir Halilović,,Croatia,,Koper,,,Striker - Centre Forward,"Apr 18, 1981 (35)",,,28584,,,,,
Marko Maksimovic,31,,,,-,Jugoslawien (SFR),Unknown,75,"Aug 20, 1984",,Main position:Central Midfield Side position: Defensive Midfield,Marko Maksimovic,right,"1,85 m","Jul 1, 2012",,,,Bosnia-Herzegovina   Serbia,,Banja Luka,,,Midfield - Central Midfield,"Aug 20, 1984 (31)",,,28613,,,,,
Mijo Studenovic,30,,,,-,Jugoslawien (SFR),ATV Irdning,11318,"Oct 7, 1985",,Main position:Centre Back,Mijo Studenovic,both,"1,86 m","Jul 1, 2013",1/0,Mijo Studenović,3446,Bosnia-Herzegovina   Germany,,Odžak,No agent,96,Defence - Centre Back,"Oct 7, 1985 (30)",,,28648,,,,,
Fausto Budicin,35,,,,15.06.2018,Jugoslawien (SFR),HNK Rijeka II,44698,"May 1, 1981",,Main position:Right-Back,Fausto Budicin,right,"1,86 m","Sep 1, 2014",,,,Croatia   Italy,,Pula,Talent Factory,1188,Defence - Right-Back,"May 1, 1981 (35)",,,29045,,,,,
Danijel Madjaric,38,,,,-,Jugoslawien (SFR),NK Stojnci,21450,"Nov 13, 1977",,Main position:Keeper,Danijel Madjaric,,"1,88 m","Jan 1, 2012",,Danijel Mađarić,,Croatia,,Sivica,,,Goalkeeper,"Nov 13, 1977 (38)",,,29521,,,,,
Josip Tadic,28,,,,30.06.2018,Jugoslawien (SFR),Balikesirspor,20698,"Aug 22, 1987",,Main position:Centre Forward,Josip Tadic,right,"1,86 m","Jan 8, 2016",22/5,Josip Tadić,11943,Croatia,,Đakovo,Vukmil Vukmirica,1960,Striker - Centre Forward,"Aug 22, 1987 (28)",,,29899,,,,,
Etto,35,OÃ©lilton AraÃºjo dos Santos,,,-,Brazil,Unattached,515,"Mar 8, 1981",,Main position:Right-Back Side position: Right Midfield,Etto,right,"1,82 m","Jul 1, 2014",,,,Brazil   Croatia,,Valente,No agent,96,Defence - Right-Back,"Mar 8, 1981 (35)",,,32806,,,,,
Valter Androsic,38,,,,-,,NK Rovinj,11856,"Nov 11, 1977",,Main position:Centre Back,Valter Androsic,right,"1,88 m","Aug 18, 2014",,Valter Androšić,,Croatia,,,No agent,96,Defence - Centre Back,"Nov 11, 1977 (38)",,,34149,,,,,
Jurica Buljat,29,,,,-,Jugoslawien (SFR),FC Bunyodkor,19401,"Sep 12, 1986",,Main position:Centre Back,Jurica Buljat,both,"1,88 m","Feb 18, 2016",2/0,,3556,Croatia,,Zadar,Efros Sports,1905,Defence - Centre Back,"Sep 12, 1986 (29)",,,34390,,,,,
Mathias Chago,33,,,,30.06.2016,Cameroon,Foolad FC,6076,"Mar 13, 1983",,Main position:Defensive Midfield Side position: Central Midfield Right-Back,Mathias Chago,right,"1,82 m","Jul 7, 2014",1/0,Mathias Dellgoue Chago de Confiance,3434,Cameroon   Croatia,,Bakou,ES SPORT,2595,Midfield - Defensive Midfield,"Mar 13, 1983 (33)",,,34392,,,,,
Vedran Corluka,30,,,,30.06.2018,Jugoslawien (SFR),Lokomotiv Moscow,932,"Feb 5, 1986","Aug 6, 2014",Main position:Centre Back Side position: Right-Back Left-Back,Vedran Corluka,right,"1,92 m","Jul 1, 2012",88/4,Vedran Ćorluka,3556,Croatia,,Derventa,Mondial Sport,2106,Defence - Centre Back,"Feb 5, 1986 (30)",,,34393,,,,,
Filip Loncaric,29,,,,31.12.2016,Jugoslawien (SFR),Tromsö IL,1293,"Sep 17, 1986",,Main position:Keeper,Filip Loncaric,right,"1,91 m","Jan 28, 2016",11/0,Filip Lončarić,11943,Croatia,,Zagreb,Vukmil Vukmirica,1960,Goalkeeper,"Sep 17, 1986 (29)",,,34397,,,,,
Ricardo,35,Ricardo Valter da Costa,,,-,Brazil,ASK Schlaining,24567,"May 1, 1981",,Main position:Attacking Midfield,Ricardo,right,"1,78 m","Jan 1, 2014",,,,Brazil,,Goiânia,Spomex-doo,1465,Midfield - Attacking Midfield,"May 1, 1981 (35)",,,34402,,,,,
Igor Cagalj,33,,,,-,Jugoslawien (SFR),NK Hrvatski Dragovoljac,485,"Oct 8, 1982",,Main position:Centre Back,Igor Cagalj,right,"1,72 m","Jul 4, 2014",,Igor Čagalj,,Croatia,,Doboj,Promotionplay,2497,Defence - Centre Back,"Oct 8, 1982 (33)",,,34438,,,,,
Dusan Kerkez,40,,,,-,Jugoslawien (SFR),End of career,123,"May 1, 1976",,Main position:Central Midfield Side position: Defensive Midfield Centre Back,Dusan Kerkez,right,"1,81 m","Jul 1, 2014",4/0,Dušan Kerkez,3446,Bosnia-Herzegovina,,Belgrad,,,Midfield - Central Midfield,"May 1, 1976 (40)",,,34455,,,,,
Anas Sharbini,29,,,15.06.2018,30.06.2016,Jugoslawien (SFR),Osmanlispor FK,2944,"Feb 21, 1987",,Main position:Left Wing Side position: Attacking Midfield Right Wing,Anas Sharbini,right,"1,80 m","Feb 1, 2016",3/2,,3556,Croatia   Jordan,,Rijeka,No agent,96,Midfield - Left Wing,"Feb 21, 1987 (29)",,,34458,,HNK Rijeka,144,,
Ivan Elez,35,,,,-,Jugoslawien (SFR),NK Tehnicar 1974 Cvetkovec,38476,"May 9, 1981",,Main position:Left-Back Side position: Left Midfield,Ivan Elez,left,"1,81 m","Aug 29, 2014",,,,Croatia,,Split,,,Defence - Left-Back,"May 9, 1981 (35)",,,34476,,,,,
Krunoslav Jambrusic,32,,,,-,Jugoslawien (SFR),SV Güttenbach,27216,"Feb 7, 1984",,Main position:Right Wing,Krunoslav Jambrusic,right,"1,73 m","Jan 1, 2016",,Krunoslav Jambrušić,,Croatia,,Koprivnica,,,Midfield - Right Wing,"Feb 7, 1984 (32)",,,34477,,,,,
Ivan Begovic,30,,,,-,Jugoslawien (SFR),NK Croatia Grabrovnica,22221,"Feb 9, 1986",,Main position:Central Midfield,Ivan Begovic,right,"1,84 m","Feb 1, 2012",8/0,Ivan Begović,11943,Croatia,,Pitomaca,,,Midfield - Central Midfield,"Feb 9, 1986 (30)",,,34516,,,,,
Dario Jertec,30,,,,-,Jugoslawien (SFR),NK Varazdin,599,"Sep 5, 1985",,Main position:Attacking Midfield Side position: Right Midfield,Dario Jertec,right,"1,83 m","Feb 22, 2016",8/1,,11943,Croatia,,Varaždin,No agent,96,Midfield - Attacking Midfield,"Sep 5, 1985 (30)",,,34517,,,,,
Dominik Mohorovic,33,,,,-,,NK Crikvenica,15685,"Nov 28, 1982",,Main position:Centre Forward,Dominik Mohorovic,,"1,74 m","Jan 1, 2012",,Dominik Mohorović,,Croatia,,,Sanjin Ugarkovic,1308,Striker - Centre Forward,"Nov 28, 1982 (33)",,,34519,,,,,
Vedran Viljevac,30,,,,-,Jugoslawien (SFR),NK Zdenka,29074,"Mar 16, 1986",,Main position:Attacking Midfield,Vedran Viljevac,right,"1,76 m","Aug 23, 2013",,,,Croatia,,Virovitica,No agent,96,Midfield - Attacking Midfield,"Mar 16, 1986 (30)",,,34521,,,,,
Tomislav Vranjic,32,,,,-,Jugoslawien (SFR),NK Sokadija Babina Greda,47531,"Oct 30, 1983",,Main position:Keeper,Tomislav Vranjic,,"1,93 m","Feb 15, 2016",26/0,Tomislav Vranjić,11943,Croatia,,Vinkovci,Remigijus Mikocionis,2535,Goalkeeper,"Oct 30, 1983 (32)",,,34522,,,,,
Josip Barisic,29,,,,30.06.2017,Jugoslawien (SFR),Piast Gliwice,6112,"Nov 14, 1986",,Main position:Centre Forward,Josip Barisic,right,"1,86 m","Jul 1, 2015",4/1,Josip Barišić,29380,Croatia,,Osijek,BTR Profisport,2044,Striker - Centre Forward,"Nov 14, 1986 (29)",,,34546,,,,,
Anton Dedaj,36,,,,-,,NK Vinodol,22561,"Apr 14, 1980",,Main position:Right Midfield,Anton Dedaj,right,"1,74 m","Jan 1, 2012",,,,Croatia   Albania,,,No agent,96,Midfield - Right Midfield,"Apr 14, 1980 (36)",,,34547,,,,,
Marko Dinjar,30,,,,30.06.2016,Jugoslawien (SFR),Puskás Akadémia FC,37169,"May 21, 1986",,Main position:Left-Back Side position: Left Midfield,Marko Dinjar,left,"1,74 m","Jul 1, 2015",,,,Croatia   Hungary,,Osijek,Mario Mestrovic,2382,Defence - Left-Back,"May 21, 1986 (30)",,,34548,,,,,
Slobodan Stranatic,30,,,,-,Jugoslawien (SFR),NK Vihor Jelisavac,38439,"Jul 29, 1985",,Main position:Left-Back,Slobodan Stranatic,left,"1,91 m","Nov 12, 2012",1/0,Slobodan Stranatić,11943,Croatia,,Osijek,,,Defence - Left-Back,"Jul 29, 1985 (30)",,,34552,,,,,
Aljosa Vojnovic,30,,,,15.06.2019,Jugoslawien (SFR),NK Osijek,327,"Oct 24, 1985",,Main position:Defensive Midfield Side position: Attacking Midfield Centre Forward,Aljosa Vojnovic,right,"1,81 m","Feb 1, 2016",14/3,Aljoša Vojnović,11943,Croatia,,Osijek,Hasan Anil Eken,3505,Midfield - Defensive Midfield,"Oct 24, 1985 (30)",,http://www.facebook.com/aljosa.vojnovic,34554,http://www.instagram.com/aljosavojnovic/,,,,
Ivan Bjelobradic,30,,,,-,Jugoslawien (SFR),SV Stainach-Grimming,33266,"Feb 3, 1986",,Main position:Central Midfield,Ivan Bjelobradic,both,"1,82 m","Mar 12, 2015",,Ivan Bjelobradić,,Croatia,,Zagreb,Niko Bjelobradic,1518,Midfield - Central Midfield,"Feb 3, 1986 (30)",,,34568,,,,,
Vedran Ivankovic,33,,,,30.06.2016,Jugoslawien (SFR),FC Ensdorf,21249,"May 3, 1983",,Main position:Centre Back Side position: Left-Back,Vedran Ivankovic,left,"1,91 m","Jul 1, 2015",1/0,Vedran Ivanković,11943,Croatia   Bosnia-Herzegovina,,Zenica,Spielerberaterkanzlei Agirman,2222,Defence - Centre Back,"May 3, 1983 (33)",,,34571,,,,,
Mario Mandzukic,30,,,,30.06.2019,Jugoslawien (SFR),Juventus FC,506,"May 21, 1986",,Main position:Centre Forward Side position: Left Wing Right Wing,Mario Mandzukic,right,"1,90 m","Jul 1, 2015",66/24,Mario Mandžukić,3556,Croatia,Nike,Slavonski Brod,Ivan Cvjetkovic,1118,Striker - Centre Forward,"May 21, 1986 (30)",,http://www.facebook.com/mariomandzukicmm17,34572,http://instagram.com/mariomandzukic,,,http://twitter.com/MarioMandzukic9,http://www.mariomandzukic.com
Dejan Miskovic,31,,,,-,,NK Kustosija Zagreb,12817,"Jan 5, 1985",,,Dejan Miskovic,both,"1,78 m","Feb 28, 2013",,Dejan Mišković,,Croatia,,,,,Defence,"Jan 5, 1985 (31)",,,34573,,,,,
Safet Nadarevic,36,,,,-,Jugoslawien (SFR),End of career,123,"Feb 19, 1980",,Main position:Centre Back Side position: Sweeper,Safet Nadarevic,right,"1,85 m","Jan 1, 2014",31/0,Safet Nadarević,3446,Bosnia-Herzegovina,,Cazin,Not clarified,946,Defence - Centre Back,"Feb 19, 1980 (36)",,,34574,,,,,
Ivan Parlov,32,,,,-,Jugoslawien (SFR),Fram Reykjavík,3832,"Apr 3, 1984",,Main position:Central Midfield Side position: Defensive Midfield,Ivan Parlov,left,"1,84 m","Apr 27, 2016",3/0,,11943,Croatia,,Zagreb,,,Midfield - Central Midfield,"Apr 3, 1984 (32)",,,34575,,,,,
Tomislav Bozic,29,,,,-,Jugoslawien (SFR),Gornik Leczna,3291,"Feb 20, 1987",,Main position:Centre Back Side position: Defensive Midfield,Tomislav Bozic,,"1,84 m","Jul 9, 2014",4/0,Tomislav Božić,11943,Croatia,,Požega,Soccer11,1611,Defence - Centre Back,"Feb 20, 1987 (29)",,,34577,,,,,
Ivica Matas,39,,,,-,Germany,NK Dinara Knin,21173,"Jan 10, 1977",,Main position:Keeper,Ivica Matas,,"1,88 m","Jul 1, 2009",,,,Croatia,,Offenburg,,,Goalkeeper,"Jan 10, 1977 (39)",,,34580,,,,,
Ilija Sivonjic,29,,,,-,Jugoslawien (SFR),VSST Günzlhofen-Oberschweinbach,44740,"Jan 13, 1987",,Main position:Right Wing Side position: Left Wing Secondary Striker,Ilija Sivonjic,both,"1,78 m","Jul 1, 2015",3/1,Ilija Sivonjić,17379,Croatia,,Zubovici,ML-Players,2686,Striker - Right Wing,"Jan 13, 1987 (29)",,,34585,,,,,
Marko Zelenika,29,,,,-,Jugoslawien (SFR),Unknown,75,"Apr 24, 1987",,Main position:Defensive Midfield Side position: Central Midfield,Marko Zelenika,right,"1,84 m","Jul 1, 2015",1/0,,29380,Croatia,,Požega,Equipe,787,Midfield - Defensive Midfield,"Apr 24, 1987 (29)",,,34587,,,,,
Josip Jerneic,36,,,,-,Jugoslawien (SFR),NK Losinj,34155,"May 6, 1980",,Main position:Centre Forward,Josip Jerneic,left,"1,86 m","Sep 23, 2011",,Josip Jerneić,,Croatia,,Mali Losinj,Nikola Berisic,1185,Striker - Centre Forward,"May 6, 1980 (36)",,,35689,,,,,
Marko Radas,32,,,,30.06.2016,Jugoslawien (SFR),KF Skënderbeu Korçë,12469,"Oct 26, 1983",,Main position:Centre Back Side position: Right-Back Defensive Midfield,Marko Radas,right,"1,83 m","Jul 1, 2011",,,,Croatia,,Zagreb,,,Defence - Centre Back,"Oct 26, 1983 (32)",,,35693,,,,,
Dalibor Starcevic,41,,,,-,,NK Potpican Ucka 72,34145,"Jan 22, 1975",,Main position:Left-Back,Dalibor Starcevic,left,"1,91 m","Jan 1, 2011",,,,Croatia,,,,,Defence - Left-Back,"Jan 22, 1975 (41)",,,35694,,,,,
Filip Marcic,31,,,,-,Jugoslawien (SFR),NK Solin,8101,"Feb 22, 1985",,Main position:Right-Back,Filip Marcic,right,"1,87 m","Feb 7, 2014",12/0,Filip Marčić,11943,Croatia,,Split,Soccer11,1611,Defence - Right-Back,"Feb 22, 1985 (31)",,,36221,,,,,
Nikola Kalinic,28,,,,30.06.2019,Jugoslawien (SFR),ACF Fiorentina,430,"Jan 5, 1988",,Main position:Centre Forward,Nikola Kalinic,both,"1,87 m","Aug 14, 2015",29/11,Nikola Kalinić,3556,Croatia,,Solin,firsteleven ISM,1181,Striker - Centre Forward,"Jan 5, 1988 (28)",,,36371,,,,,
Mario Andricevic,32,,,,-,Jugoslawien (SFR),Mladost Antin,22075,"Mar 17, 1984",,Main position:Central Midfield,Mario Andricevic,right,"1,71 m","Jul 1, 2011",,Mario Andričević,,Croatia,,Vinkovci,,,Midfield - Central Midfield,"Mar 17, 1984 (32)",,,36815,,,,,
Antun Andricevic,42,,,,-,Jugoslawien (SFR),NK Vuteks Sloga,20691,"Jan 16, 1974",,Main position:Centre Back,Antun Andricevic,,"1,87 m","Feb 23, 2016",,Antun Andričević,,Croatia,,Vinkovci,,,Defence - Centre Back,"Jan 16, 1974 (42)",,,36816,,,,,
Davor Bagaric,30,,,,-,Jugoslawien (SFR),NK Inter Zapresic,918,"Sep 8, 1985",,Main position:Left-Back Side position: Left Midfield,Davor Bagaric,left,"1,79 m","Feb 7, 2014",,Davor Bagarić,,Croatia,,Osijek,,,Defence - Left-Back,"Sep 8, 1985 (30)",,,36819,,,,,
Mario Bilen,31,,,,30.06.2016,Jugoslawien (SFR),Auckland City FC,11391,"Jan 23, 1985",,Main position:Defensive Midfield Side position: Centre Back,Mario Bilen,left,"1,90 m","Feb 25, 2013",1/0,,29380,Croatia,,Vinkovci,,,Midfield - Defensive Midfield,"Jan 23, 1985 (31)",,,36820,,,,,
Andrej Keric,30,,,,-,Jugoslawien (SFR),MFK Zemplin Michalovce,13744,"Feb 11, 1986",,Main position:Centre Forward Side position: Secondary Striker Attacking Midfield,Andrej Keric,right,"1,74 m","Sep 9, 2015",6/0,Andrej Kerić,11943,Croatia,,Vinkovci,Treble Sports Management,3662,Striker - Centre Forward,"Feb 11, 1986 (30)",,,36831,,,,,
Igor Kirin,33,,,,-,,NK Bedem Ivankovo,17026,"Feb 14, 1983",,,Igor Kirin,,,"Jul 1, 2006",,,,Croatia,,,,,Midfield,"Feb 14, 1983 (33)",,,36832,,,,,
Mladen Krizanovic,38,,,,-,,HNK Vukovar 1991,456,"Sep 24, 1977",,Main position:Centre Back,Mladen Krizanovic,right,"1,88 m","Jul 1, 2012",,Mladen Križanović,,Croatia,,,,,Defence - Centre Back,"Sep 24, 1977 (38)",,,36835,,,,,
Dejan Pavlicic,36,,,,-,,NK Imotski,9074,"Sep 19, 1979",,Main position:Right Midfield,Dejan Pavlicic,right,"1,73 m","Jul 1, 2008",,,,Croatia,,,,,Midfield - Right Midfield,"Sep 19, 1979 (36)",,,36841,,,,,
Ante Petricevic,31,,,,-,Jugoslawien (SFR),NK Sokadija Stari Mikanovci,13390,"Oct 1, 1984",,Main position:Keeper,Ante Petricevic,,"1,94 m","Aug 10, 2007",,Ante Petričević,,Croatia,,Vinkovci,,,Goalkeeper,"Oct 1, 1984 (31)",,,36843,,,,,
Sasa Sest,30,,,,-,Jugoslawien (SFR),HNK Vukovar 1991,456,"Dec 5, 1985",,Main position:Centre Forward,Sasa Sest,right,"1,71 m","Aug 19, 2013",,Saša Šest,,Croatia,,Vinkovci,,,Striker - Centre Forward,"Dec 5, 1985 (30)",,,36846,,,,,
Hrvoje Slavica,35,,,,-,Jugoslawien (SFR),HNK Sibenik,223,"Apr 27, 1981",,Main position:Keeper,Hrvoje Slavica,,"1,90 m","Aug 19, 2013",,,,Croatia,,Šibenik,,,Goalkeeper,"Apr 27, 1981 (35)",,,36848,,,,,
Ante Zore,30,,,,-,Jugoslawien (SFR),BFC Preussen 1894,4700,"Jul 5, 1985",,Main position:Centre Back,Ante Zore,right,"1,90 m","Jan 1, 2016",,,,Croatia,,Vinkovci,,,Defence - Centre Back,"Jul 5, 1985 (30)",,,36855,,,,,
Josip Ilic,36,,,,-,Jugoslawien (SFR),NK Odzak 102,24238,"Mar 18, 1980",,,Josip Ilic,,"1,80 m","Aug 3, 2006",,Josip Ilić,,Croatia   Bosnia-Herzegovina,,Odžak,,,Defence,"Mar 18, 1980 (36)",,,37582,,,,,
Danijel Kuzmic,32,,,,-,,Mladost Antin,22075,"Sep 30, 1983",,Main position:Left-Back,Danijel Kuzmic,,"1,82 m","Aug 8, 2014",,Danijel Kuzmić,,Croatia,,,,,Defence - Left-Back,"Sep 30, 1983 (32)",,,37583,,,,,
Ivan Maroslavac,39,,,,-,,NK Nur Zagreb,30105,"Jun 24, 1976",,Main position:Defensive Midfield,Ivan Maroslavac,right,"1,76 m","Aug 1, 2010",,,,Croatia,,,,,Midfield - Defensive Midfield,"Jun 24, 1976 (39)",,,37584,,,,,
Mario Tadic,39,,,,-,,NK Slobodnica,27741,"Feb 15, 1977",,Main position:Left-Back,Mario Tadic,left,"1,83 m","Jan 1, 2009",,,,Croatia,,,,,Defence - Left-Back,"Feb 15, 1977 (39)",,,37590,,,,,
Davor Burcsa,36,,,,-,Jugoslawien (SFR),HNK Vukovar 1991,456,"Aug 14, 1979",,Main position:Keeper,Davor Burcsa,,"1,82 m","Aug 1, 2014",,,,Croatia,,Osijek,No agent,96,Goalkeeper,"Aug 14, 1979 (36)",,,37619,,,,,
David Lopes,33,,,,-,Brazil,Esporte Clube Comercial (MS),35647,"Jul 19, 1982",,Main position:Centre Back Side position: Left-Back,David Lopes,left,"1,90 m","Apr 13, 2016",,David Júnior Lopes,,Brazil,,Maringá,I.S.P.M.,905,Defence - Centre Back,"Jul 19, 1982 (33)",,,37621,,,,,
Jane Nikoloski,42,,,,-,Jugoslawien (SFR),End of career,123,"Dec 12, 1973",,Main position:Keeper,Jane Nikoloski,,"1,89 m","Jul 1, 2010",28/0,Јане Николоски,5148,Macedonia,,Prilep,,,Goalkeeper,"Dec 12, 1973 (42)",,,37622,,,,,
Ante Vitaic,34,,,,-,Jugoslawien (SFR),NK Dugopolje,11148,"Jun 7, 1982",,Main position:Central Midfield Side position: Attacking Midfield,Ante Vitaic,right,"1,84 m","Aug 8, 2014",,Ante Vitaić,,Croatia,,Split,No agent,96,Midfield - Central Midfield,"Jun 7, 1982 (34)",,,37625,,,,,
Vedran Niksic,29,,,,-,Jugoslawien (SFR),Unknown,75,"May 5, 1987",,Main position:Centre Forward,Vedran Niksic,right,"1,83 m","Jul 29, 2013",,Vedran Nikšić,,Croatia,,Osijek,No agent,96,Striker - Centre Forward,"May 5, 1987 (29)",,,37631,,,,,
Jurica Pranjic,29,,,,-,Jugoslawien (SFR),SV Oberwart,4376,"Feb 16, 1987",,Main position:Centre Back Side position: Right-Back,Jurica Pranjic,right,"1,85 m","Jul 1, 2015",,Jurica Pranjić,,Croatia,,Teslic,Jurkicsport,1469,Defence - Centre Back,"Feb 16, 1987 (29)",,,37632,,,,,
Vedran Celiscak,33,,,,-,Jugoslawien (SFR),Türkspor Mosbach,52559,"Jul 16, 1982",,Main position:Left-Back,Vedran Celiscak,left,"1,80 m","Jan 1, 2016",,Vedran Celiščak,,Croatia,,Koprivnica,No agent,96,Defence - Left-Back,"Jul 16, 1982 (33)",,,37785,,,,,
Carlos,31,Carlos Santos de Jesus,,,31.12.2016,Brazil,Ratchaburi Mitr Phol FC,35387,"Feb 25, 1985",,Main position:Centre Back Side position: Defensive Midfield,Carlos,left,"1,87 m","Jan 28, 2016",,Carlos Santos de Jesus,,Brazil   Croatia,,São Paulo,EUROPE SPORTS GROUP,1635,Defence - Centre Back,"Feb 25, 1985 (31)",,,37792,,,,,
Tomislav Liber,32,,,,-,Jugoslawien (SFR),SV Eltendorf,37155,"Dec 20, 1983",,Main position:Central Midfield,Tomislav Liber,right,"1,82 m","Jul 1, 2014",,,,Croatia,,Varazdin,,,Midfield - Central Midfield,"Dec 20, 1983 (32)",,,37926,,,,,
Dominik Mrsic,30,,,,-,,NK Mraclin,37634,"May 11, 1986",,,Dominik Mrsic,,,"Aug 18, 2013",,Dominik Mršić,,Croatia,,,,,Striker,"May 11, 1986 (30)",,,37929,,,,,
Sasko Pandev,29,,,,-,Jugoslawien (SFR),Horizont Turnovo,19627,"May 1, 1987",,Main position:Left Wing Side position: Secondary Striker Centre Forward,Sasko Pandev,left,"1,89 m","Jul 1, 2013",8/0,Сашко Пандев,16844,Macedonia   Croatia,,Strumica,,,Striker - Left Wing,"May 1, 1987 (29)",,,37932,,,,,
Mislav Andjelkovic,28,,,,30.06.2017,Jugoslawien (SFR),Birkirkara FC,10262,"Apr 22, 1988",,Main position:Defensive Midfield Side position: Central Midfield,Mislav Andjelkovic,right,"1,79 m","Jan 7, 2016",,Mislav Anđelković,,Croatia,,Dubrovnik,No agent,96,Midfield - Defensive Midfield,"Apr 22, 1988 (28)",,,38051,,,,,
Ivan Babic,32,,,,-,,DRB-HICOM FC,52442,"Apr 29, 1984",,Main position:Centre Forward Side position: Left Wing Right Wing,Ivan Babic,right,"1,81 m","Jan 1, 2015",,,,Croatia,,,,,Striker - Centre Forward,"Apr 29, 1984 (32)",,,38052,,,,,
Agron Barlecaj,35,,,,-,,NK Rovinj,11856,"Jul 17, 1980",,Main position:Centre Forward,Agron Barlecaj,,"1,81 m","Jul 1, 2008",,,,Croatia,,,,,Striker - Centre Forward,"Jul 17, 1980 (35)",,,38053,,,,,
Ivan Crljenica,28,,,,-,,NK Krk,19257,"Jun 14, 1987",,,Ivan Crljenica,,,"Jul 1, 2009",,,,Croatia,,,,,Midfield,"Jun 14, 1987 (28)",,,38055,,,,,
Igor Lovric,28,,,,30.06.2017,Jugoslawien (SFR),NK Hrvatski Dragovoljac,485,"Oct 7, 1987",,Main position:Keeper,Igor Lovric,,"1,92 m","Sep 14, 2015",,Igor Lovrić,,Croatia,,Pula,am-sportsconsulting,3358,Goalkeeper,"Oct 7, 1987 (28)",,,38058,,,,,
Igor Lozo,32,,,,-,Jugoslawien (SFR),NK Val,8009,"Mar 2, 1984",,Main position:Centre Back,Igor Lozo,right,"1,87 m","Aug 8, 2014",22/0,,11943,Croatia,,Split,,,Defence - Centre Back,"Mar 2, 1984 (32)",,,38059,,,,,
Duje Bakovic,30,,,,-,Jugoslawien (SFR),Unattached,515,"Jun 7, 1986",,,Duje Bakovic,right,"1,88 m","Jan 1, 2013",4/0,Duje Baković,11943,Croatia,,Rijeka,SLS Soccer Consulting,1450,Defence,"Jun 7, 1986 (30)",,,38197,,,,,
Amer Jukan,37,,,,-,Jugoslawien (SFR),SV Oberdrauburg,42217,"Nov 28, 1978",,Main position:Attacking Midfield Side position: Central Midfield,Amer Jukan,right,"1,69 m","Jul 30, 2014",2/0,,3588,Slovenia,,Gracanica,,,Midfield - Attacking Midfield,"Nov 28, 1978 (37)",,,38201,,,,,
Andrej Prskalo,29,,,,15.06.2017,Jugoslawien (SFR),HNK Rijeka,144,"May 1, 1987","Apr 3, 2015",Main position:Keeper,Andrej Prskalo,,"1,86 m","Jan 17, 2014",,,,Croatia,,Pula,,,Goalkeeper,"May 1, 1987 (29)",,,38204,,,,,
Cícero,35,Cícero Paulo Pereira Lima,,,-,,NK Medjimurje Cakovec,6087,"Apr 16, 1981",,Main position:Attacking Midfield,Cícero,right,"1,84 m","Jan 1, 2006",,,,Brazil   Croatia,,,Equipe,787,Midfield - Attacking Midfield,"Apr 16, 1981 (35)",,,38367,,,,,
Ninoslav Parmakovic,33,,,,-,Jugoslawien (SFR),NK Slavonija Pozega,11404,"Nov 24, 1982",,Main position:Left-Back,Ninoslav Parmakovic,left,"1,82 m","Jan 1, 2012",,Ninoslav Parmaković,,Croatia,,Vinkovci,W&K Fairplay,1208,Defence - Left-Back,"Nov 24, 1982 (33)",,,38396,,,,,
Adis Stambolija,32,,,,-,Jugoslawien (SFR),NK Sloga Bosanska Otoka,41329,"Nov 24, 1983",,Main position:Central Midfield Side position: Attacking Midfield Defensive Midfield,Adis Stambolija,right,"1,75 m","Feb 27, 2015",,,,Bosnia-Herzegovina,,Bosanski Novi,,,Midfield - Central Midfield,"Nov 24, 1983 (32)",,,38508,,,,,
Samir Duro,38,,,,-,Jugoslawien (SFR),End of career,123,"Oct 18, 1977",,Main position:Defensive Midfield,Samir Duro,right,"1,85 m","Dec 1, 2012",7/0,,3446,Bosnia-Herzegovina,,Konjic,,,Midfield - Defensive Midfield,"Oct 18, 1977 (38)",,,38618,,,,,
Gordon Schildenfeld,31,,,,30.06.2018,Jugoslawien (SFR),GNK Dinamo Zagreb,419,"Mar 18, 1985",,Main position:Centre Back,Gordon Schildenfeld,right,"1,91 m","Jul 1, 2015",27/1,,3556,Croatia,adidas,Šibenik,Soccerdreamz Sportconsulting,2574,Defence - Centre Back,"Mar 18, 1985 (31)",,,38870,,,,,
Josip Knezevic,27,,,,15.06.2018,Jugoslawien (SFR),NK Osijek,327,"Oct 3, 1988",,Main position:Attacking Midfield Side position: Central Midfield Left Midfield,Josip Knezevic,left,"1,86 m","Feb 15, 2016",2/0,Josip Knežević,11943,Croatia,,Osijek,Mladen Grgic,2584,Midfield - Attacking Midfield,"Oct 3, 1988 (27)",,,38920,,,,,
Ante Radic,29,,,,-,Jugoslawien (SFR),Unknown,75,"Nov 21, 1986",,Main position:Centre Back,Ante Radic,,,"Jul 1, 2014",,Ante Radić,,Bosnia-Herzegovina,,Livno,,,Defence - Centre Back,"Nov 21, 1986 (29)",,,38945,,,,,
Tomislav Radotic,34,,,,15.06.2017,Jugoslawien (SFR),NK Osijek,327,"Dec 13, 1981",,Main position:Right-Back Side position: Defensive Midfield,Tomislav Radotic,right,"1,76 m","Jul 6, 2015",,Tomislav Radotić,,Croatia,,Osijek,,,Defence - Right-Back,"Dec 13, 1981 (34)",,,39169,,,,,
Tihomir Zivkovic,31,,,,-,,Shan United FC,26645,"Feb 20, 1985",,Main position:Centre Forward,Tihomir Zivkovic,,"1,86 m","Dec 22, 2013",,Tihomir Živković,,Croatia,,,,,Striker - Centre Forward,"Feb 20, 1985 (31)",,,39170,,,,,
Marin Ljubicic,27,,,,30.06.2017,Jugoslawien (SFR),DAC Dunajska Streda,4529,"Jul 15, 1988",,Main position:Defensive Midfield Side position: Centre Back,Marin Ljubicic,right,"1,86 m","Jan 22, 2015",14/2,Marin Ljubičić,11943,Croatia,,Metkovic,No agent,96,Midfield - Defensive Midfield,"Jul 15, 1988 (27)",,,39792,,,,,
Marin Orsulic,28,,,,-,Jugoslawien (SFR),Omonia Nikosia,829,"Aug 25, 1987",,Main position:Centre Back Side position: Central Midfield Defensive Midfield,Marin Orsulic,right,"1,95 m","Jan 14, 2016",,Marin Oršulić,,Croatia,,Metkovic,,,Defence - Centre Back,"Aug 25, 1987 (28)",,,39964,,,,,
Miroslav Pejic,30,,,,-,Jugoslawien (SFR),Warriors FC,15356,"Feb 16, 1986",,Main position:Right Wing Side position: Centre Forward,Miroslav Pejic,left,"1,84 m","Jan 29, 2014",1/0,Miroslav Pejić,11941,Bosnia-Herzegovina   Croatia,,Zagreb,No agent,96,Striker - Right Wing,"Feb 16, 1986 (30)",,,39966,,,,,
Matija Spicic,28,,,,15.06.2016,Jugoslawien (SFR),NK Osijek,327,"Feb 24, 1988",,Main position:Left-Back Side position: Left Midfield,Matija Spicic,left,"1,77 m","Sep 8, 2015",0/0,Matija Špičić,11943,Croatia,,Zagreb,HBR Sport,1374,Defence - Left-Back,"Feb 24, 1988 (28)",,,39974,,,,,
Nikola Zeba,28,,,,30.06.2016,Jugoslawien (SFR),Hamburger SV III,8415,"Nov 3, 1987",,Main position:Central Midfield,Nikola Zeba,,"1,83 m","Jul 31, 2014",,,,Croatia,,Banja Luka,,,Midfield - Central Midfield,"Nov 3, 1987 (28)",,,39979,,,,,
Stipe Bacelic-Grgic,28,,,,30.06.2018,Jugoslawien (SFR),Puskás Akadémia FC,37169,"Feb 16, 1988",,Main position:Central Midfield Side position: Attacking Midfield Defensive Midfield,Stipe Bacelic-Grgic,right,"1,87 m","Aug 14, 2015",,Stipe Bačelić-Grgić,,Croatia,,Sibenik,HBR Sport,1374,Midfield - Central Midfield,"Feb 16, 1988 (28)",,,40632,,,,,
Milan Badelj,27,,one further year,,30.06.2018,Jugoslawien (SFR),ACF Fiorentina,430,"Feb 25, 1989",,Main position:Defensive Midfield Side position: Central Midfield,Milan Badelj,right,"1,86 m","Aug 31, 2014",20/1,,3556,Croatia,,Zagreb,Friends & Football International LLC,1893,Midfield - Defensive Midfield,"Feb 25, 1989 (27)",,,40633,,,,,
Mateas Delic,27,,,,30.06.2016,Jugoslawien (SFR),Slaven Belupo Koprivnica,2362,"Jun 17, 1988",,Main position:Secondary Striker Side position: Left Wing Centre Forward,Mateas Delic,left,"1,76 m","Jul 1, 2012",1/0,Mateas Delić,11943,Croatia,,Sanski Most,M. Ögat,2703,Striker - Secondary Striker,"Jun 17, 1988 (27)",,,40636,,,,,
Ivan Kardum,28,,,,-,Jugoslawien (SFR),Suduva Marijampole,8047,"Jul 18, 1987",,Main position:Keeper,Ivan Kardum,right,"1,86 m","Feb 3, 2016",10/0,,17379,Croatia,,Osijek,,,Goalkeeper,"Jul 18, 1987 (28)",,,40641,,,,,
Marko Pavosevic,29,,,,-,,NK Visnjevac,13477,"Apr 1, 1987",,Main position:Centre Forward,Marko Pavosevic,,"1,76 m","Jul 1, 2012",,Marko Pavošević,,Croatia,,,,,Striker - Centre Forward,"Apr 1, 1987 (29)",,,40728,,,,,
Matija Stefancic,35,,,,-,Jugoslawien (SFR),NK Karlovac 1919,10314,"Jun 2, 1981",,Main position:Left Wing,Matija Stefancic,left,"1,82 m","Feb 28, 2013",,Matija Štefančić,,Croatia,,Karlovac,No agent,96,Striker - Left Wing,"Jun 2, 1981 (35)",,,41079,,,,,
Igor Prahic,29,,,,30.06.2016,Jugoslawien (SFR),NK Zavrc,23253,"Apr 15, 1987",,Main position:Centre Back Side position: Defensive Midfield,Igor Prahic,right,"1,91 m","Feb 18, 2016",6/0,Igor Prahić,11943,Croatia,,Varazdin,,,Defence - Centre Back,"Apr 15, 1987 (29)",,,41157,,,,,
Gordan Vuk,29,,,,-,Jugoslawien (SFR),NK Nedelisce,11034,"May 26, 1987",,Main position:Left Midfield Side position: Central Midfield Centre Forward,Gordan Vuk,both,"1,89 m","Aug 13, 2014",11/0,,11943,Croatia,,Varazdin,No agent,96,Midfield - Left Midfield,"May 26, 1987 (29)",,,41165,,,,,
Ivan Bozic,32,,,,15.06.2016,Jugoslawien (SFR),NK Hrvatski Dragovoljac,485,"Nov 19, 1983",,Main position:Centre Forward,Ivan Bozic,right,"1,84 m","Apr 15, 2016",1/0,Ivan Božić,3446,Bosnia-Herzegovina   Croatia,,Sarajevo,Bizzarri Mariano,3095,Striker - Centre Forward,"Nov 19, 1983 (32)",,,41409,,,,,
Marko Mihaljevic,29,,,,-,Jugoslawien (SFR),NK Zagora Unesic,16268,"Feb 11, 1987",,Main position:Keeper,Marko Mihaljevic,,"1,90 m","Feb 21, 2014",,Marko Mihaljević,,Croatia,,Sibenik,,,Goalkeeper,"Feb 11, 1987 (29)",,,41413,,,,,
Stipe Buljan,32,,,,-,Jugoslawien (SFR),KF Laçi,22140,"Sep 21, 1983",,Main position:Centre Back,Stipe Buljan,right,"1,90 m","Aug 1, 2010",,,,Croatia,,Nasice,,,Defence - Centre Back,"Sep 21, 1983 (32)",,,41760,,,,,
Jure Guvo,38,,,,-,,NK Juznjak Sveta Nedjelja,34500,"Dec 31, 1977",,Main position:Centre Forward,Jure Guvo,right,"1,85 m","Nov 19, 2012",,,,Croatia,,,,,Striker - Centre Forward,"Dec 31, 1977 (38)",,,41768,,,,,
Tomislav Sorsa,27,,,,30.06.2016,Jugoslawien (SFR),NK Osijek,327,"May 11, 1989",,Main position:Right Wing Side position: Right Midfield Right-Back,Tomislav Sorsa,both,"1,74 m","Jul 20, 2006",15/1,Tomislav Šorša,17379,Croatia,,Osijek,Miroslav Bicanic,2003,Midfield - Right Wing,"May 11, 1989 (27)",,,41787,,,,,
Marko Grgic,28,,,,-,Jugoslawien (SFR),HNK Brotnjo Citluk,10312,"Jun 30, 1987",,Main position:Central Midfield Side position: Attacking Midfield,Marko Grgic,right,"1,74 m","Mar 4, 2016",,Marko Grgić,,Bosnia-Herzegovina   Croatia,,Čitluk,,,Midfield - Central Midfield,"Jun 30, 1987 (28)",,,43426,,,,,
Ante Bulat,31,,,,-,Jugoslawien (SFR),HNK Sibenik,223,"Jan 6, 1985",,,Ante Bulat,right,"1,92 m","Aug 12, 2013",,,,Croatia,,Sibenik,,,Midfield,"Jan 6, 1985 (31)",,,43454,,,,,
Drago Gabric,29,,,,-,Jugoslawien (SFR),Unknown,75,"Sep 27, 1986",,Main position:Left Wing Side position: Right Wing Left Midfield,Drago Gabric,left,"1,77 m","Jan 12, 2016",5/1,Drago Gabrić,3556,Croatia,,Split,Sports Investment Group,3061,Midfield - Left Wing,"Sep 27, 1986 (29)",,,43990,,,,,
Ivan Banovic,32,,,,-,Jugoslawien (SFR),Unattached,515,"Feb 9, 1984",,Main position:Keeper,Ivan Banovic,,"1,91 m","Jul 1, 2010",,,,Croatia,,Split,No agent,96,Goalkeeper,"Feb 9, 1984 (32)",,,44211,,,,,
Marin Batur,33,,,,-,Jugoslawien (SFR),NK Polaca,35792,"Mar 9, 1983",,Main position:Left Wing,Marin Batur,left,"1,73 m","Sep 12, 2014",,,,Croatia,,Zadar,No agent,96,Striker - Left Wing,"Mar 9, 1983 (33)",,,44213,,,,,
Luka Besenic,28,,,,-,Jugoslawien (SFR),ASKÖ Stinatz,20169,"Jul 12, 1987",,Main position:Keeper,Luka Besenic,,"1,86 m","Jul 1, 2015",,Luka Bešenić,,Croatia,,Varaždin,,,Goalkeeper,"Jul 12, 1987 (28)",,,44214,,,,,
Josip Bonacin,31,,,,-,Jugoslawien (SFR),NK GOSK Kastel Gomilica,3170,"Jul 2, 1984",,Main position:Centre Back,Josip Bonacin,left,"1,93 m","Feb 27, 2015",,,,Croatia,,Split,Equipe,787,Defence - Centre Back,"Jul 2, 1984 (31)",,,44215,,,,,
Gabriel,31,João Gabriel Da Silva,,,-,Brazil,SV Anger,4649,"Jul 4, 1984",,Main position:Central Midfield Side position: Left Midfield,Gabriel,right,"1,75 m","Jan 15, 2016",,,,Brazil,,Boa Esperança do Iguaçu,C10 Sport,3410,Midfield - Central Midfield,"Jul 4, 1984 (31)",,,44217,,,,,
Josip Jurendic,29,,,,30.06.2017,Jugoslawien (SFR),Dukla Prag,450,"Apr 26, 1987",,Main position:Right-Back Side position: Centre Back Right Wing,Josip Jurendic,right,"1,80 m","Jul 1, 2015",,Josip Jurendić,,Croatia,,Slavonski Brod,Mario Mestrovic,2382,Defence - Right-Back,"Apr 26, 1987 (29)",,,44225,,,,,
Marko Kartelo,35,,,,30.06.2017,Jugoslawien (SFR),SV 1910 Neuhof,10888,"Feb 16, 1981",,Main position:Centre Back,Marko Kartelo,right,"1,89 m","Feb 1, 2016",,,,Croatia,,Sibenik,Damir Knezovic,1568,Defence - Centre Back,"Feb 16, 1981 (35)",,,44226,,,,,
Ivan Kelava,28,,,,30.06.2016,Jugoslawien (SFR),Granada CF,16795,"Feb 20, 1988",,Main position:Keeper,Ivan Kelava,left,"1,96 m","Aug 28, 2015",0/0,,3556,Croatia,,Zagreb,ASA,2107,Goalkeeper,"Feb 20, 1988 (28)",,,44227,,,,,
Mate Males,27,,,,15.06.2017,Jugoslawien (SFR),HNK Rijeka,144,"Jan 13, 1989","May 15, 2015",Main position:Central Midfield Side position: Defensive Midfield Attacking Midfield,Mate Males,right,"1,80 m","Jul 1, 2013",1/0,Mate Maleš,3556,Croatia,,Šibenik,firsteleven ISM,1181,Midfield - Central Midfield,"Jan 13, 1989 (27)",,,44230,,,,,
Mislav Rados,28,,,,-,Germany,FC Erding,26465,"Jan 31, 1988",,,Mislav Rados,both,"1,76 m","Jul 1, 2014",13/1,,21141,Croatia   Germany,,München,No agent,96,Midfield,"Jan 31, 1988 (28)",,,44242,,,,,
Grgur Rados,28,,,,30.06.2016,Germany,SV Pullach,4211,"Jan 31, 1988",,,Grgur Rados,both,"1,76 m","Jan 31, 2016",4/0,,17379,Croatia   Germany,,München,No agent,96,Striker,"Jan 31, 1988 (28)",,,44243,,,,,
Boris Raic,40,,,,-,,End of career,123,"Mar 12, 1976",,Main position:Centre Back,Boris Raic,right,"1,91 m","Jul 1, 2009",,,,Croatia,,,,,Defence - Centre Back,"Mar 12, 1976 (40)",,,44244,,,,,
Mihael Remenar †,,,,,,Jugoslawien (SFR),---,4023,"Apr 10, 1988",,Main position:Keeper,Mihael Remenar †,,,,,,,Croatia,,Bjelovar,,,Goalkeeper,"Apr 10, 1988",31.05.2008 (†20),,44245,,,,,
Zoran Roglic,40,,,,-,Jugoslawien (SFR),NK Zagora Unesic,16268,"May 16, 1976",,Main position:Right Midfield,Zoran Roglic,right,"1,72 m","Jul 1, 2011",,Zoran Roglić,,Croatia,,Split,,,Midfield - Right Midfield,"May 16, 1976 (40)",,,44246,,,,,
Ante Rukavina,29,,,01.07.2016,30.06.2016,Jugoslawien (SFR),Viborg FF,1063,"Jun 18, 1986",,Main position:Centre Forward Side position: Right Wing Secondary Striker,Ante Rukavina,right,"1,86 m","Aug 31, 2015",14/7,,11943,Croatia,,Sibenik,Pharos Sport Agency,1358,Striker - Centre Forward,"Jun 18, 1986 (29)",,,44247,,GNK Dinamo Zagreb,419,,
Mario Rac,36,,,,-,Jugoslawien (SFR),Unknown,75,"Oct 1, 1979",,Main position:Centre Forward,Mario Rac,both,"1,77 m","Jan 1, 2016",,,,Croatia,,Koprivnica,,,Striker - Centre Forward,"Oct 1, 1979 (36)",,,44257,,,,,
Sandi Hudorovic,26,,,,-,Jugoslawien (SFR),ASKÖ Stinatz,20169,"Jun 25, 1989",,,Sandi Hudorovic,right,,"Jul 24, 2014",11/2,Sandi Hudorović,17379,Croatia,,Karlovac,No agent,96,Striker,"Jun 25, 1989 (26)",,,45091,,,,,
Sammir,29,Jorge Sammir Cruz Campos,,,31.12.2017,Brazil,Jiangsu Suning,22219,"Apr 23, 1987",,Main position:Attacking Midfield Side position: Central Midfield Left Midfield,Sammir,right,"1,78 m","Feb 25, 2015",7/0,,3556,Croatia   Brazil,,Itabuna,EUROPE SPORTS GROUP,1635,Midfield - Attacking Midfield,"Apr 23, 1987 (29)",,,45710,,,,,
Alen Subic,28,,,,-,Jugoslawien (SFR),NK Velebit Benkovac,11956,"Mar 18, 1988",,Main position:Centre Forward,Alen Subic,right,"1,89 m","Aug 30, 2013",,Alen Šubić,,Croatia,,Sibenik,No agent,96,Striker - Centre Forward,"Mar 18, 1988 (28)",,,45712,,,,,
Josip Pivaric,27,,,,15.06.2020,Jugoslawien (SFR),GNK Dinamo Zagreb,419,"Jan 30, 1989","Sep 18, 2015",Main position:Left-Back Side position: Left Midfield,Josip Pivaric,left,"1,74 m","Jan 16, 2009",5/0,Josip Pivarić,3556,Croatia,,Zagreb,Dr. Zimmer Sportmanagement,2317,Defence - Left-Back,"Jan 30, 1989 (27)",,,45826,,,,,
Mateo Poljak,26,,,,30.06.2017,Jugoslawien (SFR),Newcastle United Jets,5551,"Sep 10, 1989",,Main position:Defensive Midfield Side position: Central Midfield,Mateo Poljak,right,"1,82 m","Jul 21, 2015",6/1,,17379,Croatia,Umbro,Zagreb,ASA,2107,Midfield - Defensive Midfield,"Sep 10, 1989 (26)",,,45827,,,,,
Miro Varvodic,27,,,,-,Jugoslawien (SFR),Unattached,515,"May 15, 1989",,Main position:Keeper,Miro Varvodic,right,"1,91 m","Jul 1, 2015",9/0,Miro Varvodić,17379,Croatia,,Zagreb,,,Goalkeeper,"May 15, 1989 (27)",,,45841,,,,,
Roberto Alviz,31,,,,-,Jugoslawien (SFR),Unattached,515,"Sep 6, 1984",,Main position:Central Midfield Side position: Attacking Midfield Left Midfield,Roberto Alviz,both,"1,80 m","Jan 1, 2016",,Roberto Alviž,,Croatia,,Zagreb,Soccer11,1611,Midfield - Central Midfield,"Sep 6, 1984 (31)",,,46011,,,,,
Ivan Bacak,29,,,,-,Jugoslawien (SFR),HNK Tomislav Tomislavgrad,11068,"Feb 2, 1987",,Main position:Right Midfield,Ivan Bacak,right,"1,77 m","Mar 4, 2014",6/0,Ivan Baćak,11943,Croatia,,Tomislavgrad,,,Midfield - Right Midfield,"Feb 2, 1987 (29)",,,46013,,,,,
Damir Balent,,,,,-,,Unknown,75,,,,Damir Balent,,,"Jul 1, 2007",,,,Croatia,,,,,Midfield,,,,46014,,,,,
Josip Baric,29,,,,-,,Unknown,75,"Mar 19, 1987",,,Josip Baric,,,"Jul 1, 2009",,,,Croatia,,,,,Defence,"Mar 19, 1987 (29)",,,46016,,,,,
Boris Bjelkanovic,31,,,,-,Jugoslawien (SFR),FC Rosengård,22162,"Sep 27, 1984",,Main position:Centre Back,Boris Bjelkanovic,right,"1,95 m","Mar 25, 2015",,Boris Bjelkanović,,Croatia,,Banja Luka,No agent,96,Defence - Centre Back,"Sep 27, 1984 (31)",,,46020,,,,,
Slavko Blagojevic,29,,,,30.06.2019,Jugoslawien (SFR),RNK Split,420,"Mar 21, 1987",,Main position:Central Midfield,Slavko Blagojevic,both,"1,79 m","Feb 2, 2015",,Slavko Blagojević,,Croatia,,Otok,Not clarified,946,Midfield - Central Midfield,"Mar 21, 1987 (29)",,,46021,,,,,
Marko Blaskovic,29,,,,-,Jugoslawien (SFR),NK Otok,4950,"Apr 16, 1987",,,Marko Blaskovic,right,"1,77 m","Feb 23, 2015",,Marko Blašković,,Croatia,,Vinkovci,,,Striker,"Apr 16, 1987 (29)",,,46022,,,,,
Felipe,35,Felipe Souza Campos,,,-,Brazil,S.E.R. Guarani (SC),25213,"May 24, 1981",,Main position:Attacking Midfield,Felipe,,"1,72 m","Jan 1, 2013",,,,Brazil,,Jacareí,BSM,1370,Midfield - Attacking Midfield,"May 24, 1981 (35)",,,46024,,,,,
Nikola Cekinovic,32,,,,-,Jugoslawien (SFR),NK NASK Nasice,17028,"Nov 11, 1983",,,Nikola Cekinovic,,,"Jul 1, 2010",,,,Croatia,,Karlovac,,,Defence,"Nov 11, 1983 (32)",,,46025,,,,,
Ivan Crljen,30,,,,-,Jugoslawien (SFR),Unknown,75,"Feb 15, 1986",,Main position:Defensive Midfield,Ivan Crljen,right,"1,79 m","Dec 8, 2014",,,,Croatia,,Šibenik,,,Midfield - Defensive Midfield,"Feb 15, 1986 (30)",,,46027,,,,,
Tomislav Culjak,29,,,,15.06.2017,Jugoslawien (SFR),NK Osijek,327,"May 25, 1987",,Main position:Left-Back Side position: Left Midfield Left Wing,Tomislav Culjak,left,"1,75 m","Feb 2, 2015",,Tomislav Čuljak,,Croatia,,Vinkovci,No agent,96,Defence - Left-Back,"May 25, 1987 (29)",,,46028,,,,,
Nikola Djira,31,,,,-,Jugoslawien (SFR),NK SOSK Skradin,30448,"Oct 22, 1984",,,Nikola Djira,,"1,70 m","Jul 1, 2010",,Nikola Đira,,Croatia,,Šibenik,,,Midfield,"Oct 22, 1984 (31)",,,46030,,,,,
Goran Drmic,28,,,,-,Jugoslawien (SFR),Unknown,75,"Jan 4, 1988",,Main position:Right-Back,Goran Drmic,right,"1,82 m","Mar 1, 2011",3/0,,11941,Bosnia-Herzegovina   Croatia,,Zenica,,,Defence - Right-Back,"Jan 4, 1988 (28)",,,46034,,,,,
Ivan Grgic,28,,,,15.06.2017,,HNK Cibalia Vinkovci,314,"May 12, 1988",,Main position:Central Midfield,Ivan Grgic,right,"1,78 m","Feb 18, 2016",,Ivan Grgić,,Croatia,,,,,Midfield - Central Midfield,"May 12, 1988 (28)",,,46041,,,,,
Tomislav Havojic,27,,,,-,Jugoslawien (SFR),NK Lucko,12109,"Mar 10, 1989",,Main position:Attacking Midfield Side position: Right Wing,Tomislav Havojic,,"1,78 m","Feb 22, 2016",,Tomislav Havojić,,Croatia,,Zagreb,Danko Dikic,1007,Midfield - Attacking Midfield,"Mar 10, 1989 (27)",,,46043,,,,,
Imeri Casif,27,,,,-,Jugoslawien (SFR),Unattached,515,"Oct 7, 1988",,,Imeri Casif,,,"Jul 1, 2007",,,,Macedonia,,Tetovo,,,Midfield,"Oct 7, 1988 (27)",,,46045,,,,,
Fabijan Knezevic,31,,,,-,,London City SC,33165,"Dec 4, 1984",,Main position:Keeper,Fabijan Knezevic,,"1,88 m","Jan 1, 2011",,,,Croatia   Canada,,,,,Goalkeeper,"Dec 4, 1984 (31)",,,46052,,,,,
Bruno Krstanovic,28,,,,-,Jugoslawien (SFR),NK Cepin,17027,"May 18, 1988",,Main position:Right-Back,Bruno Krstanovic,,"1,74 m","Jan 20, 2014",,Bruno Krstanović,,Croatia,,Osijek,No agent,96,Defence - Right-Back,"May 18, 1988 (28)",,,46054,,,,,
Ante Kulusic,30,,,,30.06.2017,Jugoslawien (SFR),Genclerbirligi Ankara,820,"Jun 6, 1986","May 20, 2016",Main position:Centre Back Side position: Defensive Midfield Right-Back,Ante Kulusic,right,"1,89 m","Aug 26, 2015",3/0,Ante Kulušić,11943,Croatia,,Sibenik,Golden Foot Management,914,Defence - Centre Back,"Jun 6, 1986 (30)",,,46056,,,,,
Mladen Marjanovic,40,,,,-,,NK Mladost Fazana,32306,"Oct 5, 1975",,,Mladen Marjanovic,,"1,79 m","Jul 1, 2009",,,,Croatia,,,,,Defence,"Oct 5, 1975 (40)",,,46057,,,,,
Haris Mehmedagic,28,,,,30.06.2017,Jugoslawien (SFR),FK Sloboda Tuzla,5405,"Mar 29, 1988","Jun 9, 2016",Main position:Centre Back Side position: Defensive Midfield,Haris Mehmedagic,right,"1,78 m","Feb 23, 2015",1/0,Haris Mehmedagić,11941,Bosnia-Herzegovina   Croatia,,Zagreb,,,Defence - Centre Back,"Mar 29, 1988 (28)",,,46059,,,,,
Josip Mikulic,30,,,,-,Jugoslawien (SFR),HNK Gorica,24575,"Apr 12, 1986",,Main position:Centre Back,Josip Mikulic,right,"1,87 m","Aug 27, 2012",6/0,Josip Mikulić,17379,Croatia,,Ljubuski,Vukmil Vukmirica,1960,Defence - Centre Back,"Apr 12, 1986 (30)",,,46061,,,,,
Adis Nurkovic,30,,,,-,Jugoslawien (SFR),Unattached,515,"Apr 28, 1986",,Main position:Keeper,Adis Nurkovic,right,"1,95 m","Jun 1, 2016",3/0,Adis Nurković,3446,Bosnia-Herzegovina,,Velika Kladusa,No agent,96,Goalkeeper,"Apr 28, 1986 (30)",,,46063,,,,,
Franjo Pintaric,27,,,,-,Jugoslawien (SFR),USC Kirchschlag,21182,"Jul 5, 1988",,Main position:Left Midfield,Franjo Pintaric,left,"1,74 m","Jul 1, 2013",,Franjo Pintarić,,Croatia,,Cakovec,,,Midfield - Left Midfield,"Jul 5, 1988 (27)",,,46065,,,,,
Nikola Pukljak,28,,,,-,,NK Odra Zagreb,34420,"Nov 1, 1987",,,Nikola Pukljak,both,"1,81 m","Aug 22, 2014",,,,Croatia,,,,,Striker,"Nov 1, 1987 (28)",,,46067,,,,,
Goran Tomic,28,,,,-,,NK Jadran Porec,8332,"Mar 11, 1988",,,Goran Tomic,,,"Aug 13, 2012",,,,Croatia,,,,,Midfield,"Mar 11, 1988 (28)",,,46081,,,,,
Vedran Turkalj,28,,,,-,Jugoslawien (SFR),NK Aluminij Kidricevo,11033,"May 11, 1988",,Main position:Centre Back,Vedran Turkalj,right,"1,93 m","Jul 24, 2015",1/0,,11943,Croatia,,Rijeka,No agent,96,Defence - Centre Back,"May 11, 1988 (28)",,,46082,,,,,
Domagoj Vida,27,,,,30.06.2018,Jugoslawien (SFR),Dynamo Kyiv,338,"Apr 29, 1989",,Main position:Centre Back Side position: Right-Back Left-Back,Domagoj Vida,right,"1,84 m","Jan 2, 2013",38/1,,3556,Croatia,,Osijek,Ivan Cvjetkovic,1118,Defence - Centre Back,"Apr 29, 1989 (27)",,http://www.facebook.com/pages/Domagoj-Vida/212940375423226?fref=ts,46083,http://instagram.com/domba24,,,,
Nino Vuckovic,27,,,,-,,USV Arzberg,46973,"Aug 14, 1988",,Main position:Left Wing Side position: Centre Forward,Nino Vuckovic,,"1,75 m","Jul 1, 2015",,,,Croatia,,,,,Midfield - Left Wing,"Aug 14, 1988 (27)",,,46084,,,,,
Alen Zoricic,26,,,,-,Jugoslawien (SFR),NK Vodice,35205,"Sep 19, 1989",,Main position:Centre Back,Alen Zoricic,right,"1,84 m","Feb 1, 2012",,Alen Zoričić,,Croatia,,Sibenik,,,Defence - Centre Back,"Sep 19, 1989 (26)",,,46085,,,,,
Ivica Loncarevic,32,,,,-,,NK Metalac Osijek,9642,"Apr 28, 1984",,Main position:Central Midfield,Ivica Loncarevic,right,"1,75 m","Jul 1, 2010",,,,Croatia,,,,,Midfield - Central Midfield,"Apr 28, 1984 (32)",,,46157,,,,,
Mirko Zaja,28,,,,-,Jugoslawien (SFR),NK Kamen Ivanbegovina,28787,"Jan 18, 1988",,,Mirko Zaja,right,"1,86 m","Aug 24, 2015",3/0,Mirko Žaja,11941,Bosnia-Herzegovina   Croatia,,Split,,,Striker,"Jan 18, 1988 (28)",,,46159,,,,,
Marko Susac,27,,,,-,Jugoslawien (SFR),NK GOSK Gabela,9544,"Oct 23, 1988",,Main position:Keeper,Marko Susac,,"1,92 m","Feb 1, 2013",2/0,Marko Sušac,11941,Bosnia-Herzegovina   Croatia,,Mostar,No agent,96,Goalkeeper,"Oct 23, 1988 (27)",,,46409,,,,,http://www.marko-susac.com
Duje Cop,26,,buying option,-,30.06.2016,Jugoslawien (SFR),Málaga CF,1084,"Feb 1, 1990",,Main position:Centre Forward Side position: Secondary Striker,Duje Cop,right,"1,87 m","Jul 16, 2015",4/0,Duje Čop,3556,Croatia,,Vinkovci,Pharos Sport Agency,1358,Striker - Centre Forward,"Feb 1, 1990 (26)",,,46415,,Cagliari Calcio,1390,,
Edin Junuzovic,30,,,,31.12.2016,Jugoslawien (SFR),Ordabasy Shymkent,16779,"Apr 28, 1986",,Main position:Centre Forward,Edin Junuzovic,right,"1,88 m","Jul 6, 2015",,Edin Junuzović,,Croatia   Bosnia-Herzegovina,,Rijeka,BTR Profisport,2044,Striker - Centre Forward,"Apr 28, 1986 (30)",,,46577,,,,,
Admir Malkic,29,,,,-,Jugoslawien (SFR),Sohar Club,34037,"Jun 28, 1986",,,Admir Malkic,right,"1,71 m","Jul 1, 2015",,Admir Malkić,,Croatia,,Rijeka,,,Midfield,"Jun 28, 1986 (29)",,,46585,,,,,
Aleksandar Solic,33,,,,-,Jugoslawien (SFR),Unattached,515,"Jan 29, 1983",,Main position:Central Midfield Side position: Defensive Midfield Attacking Midfield,Aleksandar Solic,left,"1,81 m","Jul 1, 2014",,Aleksandar Šolić,,Bosnia-Herzegovina   Croatia,,Rijeka,,,Midfield - Central Midfield,"Jan 29, 1983 (33)",,,46653,,,,,
Mateo Roskam,29,,,,-,Jugoslawien (SFR),Sime Darby FC,36029,"Mar 16, 1987",,Main position:Centre Forward,Mateo Roskam,right,"1,86 m","Apr 7, 2014",,,,Croatia,,Split,Sport-Line,1037,Striker - Centre Forward,"Mar 16, 1987 (29)",,,46790,,,,,
Ivan Baraban,28,,,,01.06.2017,Jugoslawien (SFR),NK Siroki Brijeg,1242,"Jan 22, 1988",,Main position:Left Midfield Side position: Right Midfield,Ivan Baraban,right,"1,77 m","Jul 1, 2015",,,,Croatia,,Vinkovci,No agent,96,Striker - Left Midfield,"Jan 22, 1988 (28)",,,47190,,,,,
Josip Bulic,30,,,,-,Jugoslawien (SFR),End of career,123,"Jul 18, 1985",,,Josip Bulic,,,"Oct 31, 2013",,Josip Bulić,,Bosnia-Herzegovina,,Ljubuški,,,Midfield,"Jul 18, 1985 (30)",,,47192,,,,,
Matijas Kovacevic,28,,,,-,,Unknown,75,"Nov 18, 1987",,,Matijas Kovacevic,both,"1,76 m","Jul 1, 2014",,,,Croatia,,,,,Midfield,"Nov 18, 1987 (28)",,,47198,,,,,
Jure Milina,29,,,,-,,NK Imotski,9074,"Jan 8, 1987",,Main position:Keeper,Jure Milina,,"1,89 m","Feb 1, 2012",,,,Croatia,,,BSM Stuttgart,979,Goalkeeper,"Jan 8, 1987 (29)",,,47202,,,,,
Ivo Prettner,31,,,,-,Jugoslawien (SFR),End of career,123,"Jul 19, 1984",,Main position:Centre Forward,Ivo Prettner,right,"1,81 m","Jul 1, 2015",,,,Croatia   Slovenia,,Varaždin,,,Striker - Centre Forward,"Jul 19, 1984 (31)",,,47204,,,,,
Marko Prskalo,30,,,,-,Jugoslawien (SFR),Unknown,75,"Mar 18, 1986",,,Marko Prskalo,,"1,74 m","Jul 1, 2015",,,,Croatia,,Zagreb,,,Midfield,"Mar 18, 1986 (30)",,,47205,,,,,
Igor Radetic,34,,,,-,,NK Umag,24019,"Jan 4, 1982",,Main position:Right-Back,Igor Radetic,right,,"Oct 1, 2012",,Igor Radetić,,Croatia,,,,,Defence - Right-Back,"Jan 4, 1982 (34)",,,47207,,,,,
Andrej Vuk,27,,,,-,Jugoslawien (SFR),NK Zelina,23097,"Mar 22, 1989",,,Andrej Vuk,right,"1,86 m","Aug 12, 2013",,,,Croatia,,Čakovec,,,Striker,"Mar 22, 1989 (27)",,,47256,,,,,
Mato Jajalo,28,,,,30.06.2019,Jugoslawien (SFR),US Palermo,458,"May 25, 1988",,Main position:Defensive Midfield Side position: Attacking Midfield Central Midfield,Mato Jajalo,right,"1,82 m","Jan 28, 2015",2/0,,3556,Croatia,,Jajce,Relatives,1207,Midfield - Defensive Midfield,"May 25, 1988 (28)",,,47513,,,,,
Elvis Kokalovic,27,,one further year,,30.06.2017,Jugoslawien (SFR),Kardemir Karabükspor,1506,"Jul 17, 1988",,Main position:Centre Back Side position: Right-Back Defensive Midfield,Elvis Kokalovic,right,"1,88 m","Jul 15, 2015",2/0,Elvis Kokalović,11943,Croatia,,Novo Mesto,No agent,96,Defence - Centre Back,"Jul 17, 1988 (27)",,,47517,,,,,
Alen Simunic,27,,,,-,Jugoslawien (SFR),NK Koprivnica,10139,"Mar 25, 1989",,,Alen Simunic,,,"Aug 2, 2013",,Alen Šimunić,,Croatia,,Koprivnica,,,Defence,"Mar 25, 1989 (27)",,,47531,,,,,
Josip Soljic,28,,,,30.05.2016,Jugoslawien (SFR),NK Inter Zapresic,918,"Jun 18, 1987",,Main position:Defensive Midfield Side position: Centre Back,Josip Soljic,right,"1,89 m","Jul 3, 2015",,Josip Šoljić,,Croatia,,Gradačac,No agent,96,Midfield - Defensive Midfield,"Jun 18, 1987 (28)",,,47532,,,,,
Daniel Georgievski,28,,,,30.06.2017,Australia,Melbourne Victory,7006,"Feb 17, 1988",,Main position:Right-Back Side position: Left-Back Right Midfield,Daniel Georgievski,right,"1,78 m","Sep 11, 2014",22/0,Даниел Георгиевски,5148,Macedonia   Australia,,"Blacktown, Sydney",,,Defence - Right-Back,"Feb 17, 1988 (28)",,http://www.facebook.com/daniel.georgievski.315?viewer_id=100001897256625,47615,,,,,
Branko Majstorovic,32,,,,-,,SC Toronto,20802,"Apr 8, 1984",,,Branko Majstorovic,,"1,84 m","Jan 1, 2010",,,,Canada   Croatia,,,,,Defence,"Apr 8, 1984 (32)",,,47619,,,,,
Ivica Babacic,29,,,,-,Jugoslawien (SFR),NK SOSK Skradin,30448,"Sep 11, 1986",,,Ivica Babacic,,,"Aug 1, 2009",,Ivica Babačić,,Croatia,,Šibenik,,,Defence,"Sep 11, 1986 (29)",,,47866,,,,,
Predrag Alic,29,,,,-,Jugoslawien (SFR),FK Buducnost Glozan,41611,"Feb 28, 1987",,Main position:Centre Back,Predrag Alic,right,"1,92 m","Aug 11, 2014",,Predrag Alić,,Croatia,,Vinkovci,,,Defence - Centre Back,"Feb 28, 1987 (29)",,,48120,,,,,
Marko Cukrov,32,,,,-,,NK Zagora Unesic,16268,"May 16, 1984",,Main position:Left Wing,Marko Cukrov,left,"1,80 m","Jan 1, 2009",,,,Croatia,,,,,Midfield - Left Wing,"May 16, 1984 (32)",,,48126,,,,,
Mario Maloca,27,,,,30.06.2018,Jugoslawien (SFR),Lechia Gdansk,4000,"May 4, 1989",,Main position:Centre Back Side position: Sweeper,Mario Maloca,right,"1,90 m","Jul 3, 2015",1/0,Mario Maloča,3556,Croatia,,Zagreb,,,Defence - Centre Back,"May 4, 1989 (27)",,,48873,,,,,
Matija Smrekar,27,,,,30.06.2016,Jugoslawien (SFR),Birkirkara FC,10262,"Apr 8, 1989",,Main position:Centre Forward Side position: Secondary Striker Left Wing,Matija Smrekar,both,"1,85 m","Jan 28, 2016",4/2,,11943,Croatia,,Zabok,RB SPORTS AGENCY,3700,Striker - Centre Forward,"Apr 8, 1989 (27)",,,49664,,,,,
Frano Katic,27,,,,30.06.2016,Jugoslawien (SFR),USI Lupo-Martini Wolfsburg II,27447,"Mar 18, 1989",,,Frano Katic,,,"Jul 1, 2015",,Frano Katić,,Croatia,,Sinj,,,Midfield,"Mar 18, 1989 (27)",,,49789,,,,,
Goran Petkovic,26,,,,-,Jugoslawien (SFR),NK Trnje Zagreb,11405,"May 4, 1990",,Main position:Centre Forward,Goran Petkovic,right,"1,87 m","Jul 19, 2013",1/0,Goran Petković,17379,Croatia,,Zagreb,,,Striker - Centre Forward,"May 4, 1990 (26)",,,49805,,,,,
Mateo Bertosa,27,,,,15.06.2017,Jugoslawien (SFR),HNK Rijeka,144,"Aug 10, 1988","Apr 3, 2015",Main position:Left-Back Side position: Centre Back,Mateo Bertosa,left,"1,86 m","Jul 2, 2013",,Mateo Bertoša,,Croatia,,Novigrad Istarski,Pharos Sport Agency,1358,Defence - Left-Back,"Aug 10, 1988 (27)",,,50156,,,,,
Jurica Marcinkovic,26,,,,-,Jugoslawien (SFR),NK Slavija Pleternica,20892,"Jul 2, 1989",,Main position:Attacking Midfield,Jurica Marcinkovic,right,"1,78 m","Jul 27, 2013",,Jurica Marčinković,,Croatia,,Pozega,,,Midfield - Attacking Midfield,"Jul 2, 1989 (26)",,,50693,,,,,
Ivor Weitzer,28,,,,-,Jugoslawien (SFR),Panelefsiniakos AO,3308,"May 24, 1988",,Main position:Attacking Midfield Side position: Central Midfield,Ivor Weitzer,both,"1,71 m","Jan 12, 2016",,,,Croatia,,Rijeka,Player-Sportmanagement,3247,Midfield - Attacking Midfield,"May 24, 1988 (28)",,,50695,,,,,
Kristijan Biberovic,,,,,-,,Unknown,75,,,,Kristijan Biberovic,,,"Jan 1, 2009",,,,Croatia,,,,,Defence,,,,50700,,,,,
Filip Zlomislic,,,,,-,,NK Slavonija Pozega,11404,,,,Filip Zlomislic,,,"Jul 1, 2008",,,,Croatia,,,,,Midfield,,,,50734,,,,,
Goran Basic,26,,,,-,Jugoslawien (SFR),NK Vinogradar,11278,"Aug 29, 1989",,Main position:Keeper,Goran Basic,right,"1,90 m","Jan 29, 2016",,Goran Bašić,,Croatia,,Mostar,No agent,96,Goalkeeper,"Aug 29, 1989 (26)",,,51235,,,,,
Eliomar,29,Eliomar dos Santos Silva,,,15.05.2016,Brazil,Brusque Futebol Clube (SC),14390,"Feb 12, 1987",,Main position:Centre Forward Side position: Left Wing Right Wing,Eliomar,right,"1,77 m","Nov 19, 2015",,,,Brazil,,Garanhuns,EUROPE SPORTS GROUP,1635,Striker - Centre Forward,"Feb 12, 1987 (29)",,,51633,,,,,
