2nd club,2nd club id,Age,Complete name,Contract option,Contract there until,Contract until,Country of birth,Current club,Current club id,Date of birth,Date of last contract extension,Detailed position,Display name,Foot,Glove,Height,In the team since,Intl caps/goals,Name in home country,National team id,Nationality,Outfitter,Place of birth,Player's agent,Player's agent id,Position,Shoe model,Shoe size,birthDate,facebook,id,instagram,on loan from,on loan from club id,twitter,website
,,32,,,,30.06.2017,Germany,SC Paderborn 07,127,"Jul 9, 1983","Feb 10, 2015",Main position:Keeper,Lukas Kruse,right,,"1,85 m","Jul 1, 2010",,,,Germany,,Paderborn,PRO Profil GmbH,12,Goalkeeper,,,"Jul 9, 1983 (32)",,2201,,,,,
,,35,,,,30.06.2017,DDR,Rot-Weiß Erfurt,111,"Feb 14, 1981",,Main position:Attacking Midfield Side position: Left Midfield Left-Back,Daniel Brückner,left,,"1,83 m","Jan 29, 2016",,,,Germany,,Rostock,Soccer-Concept AG,981,Midfield - Attacking Midfield,,,"Feb 14, 1981 (35)",,16743,,,,,
,,29,,,,30.06.2017,Austria,VfB Stuttgart,79,"Nov 17, 1986",,Main position:Right-Back Side position: Right Midfield Left-Back,Florian Klein,right,,"1,82 m","Jul 1, 2014",34/0,,3383,Austria,adidas,Linz,HAGMAYR Sportmanagement,160,Defence - Right-Back,"X15 Bold Orange since Oct 2, 2015",10,"Nov 17, 1986 (29)",,20276,,,,https://twitter.com/Flonaldinho7,
,,29,,,,30.06.2017,Austria,VfB Stuttgart,79,"Nov 17, 1986",,Main position:Right-Back Side position: Right Midfield Left-Back,Florian Klein,right,,"1,82 m","Jul 1, 2014",34/0,,3383,Austria,adidas,Linz,HAGMAYR Sportmanagement,160,Defence - Right-Back,"X15 Bold Orange since Oct 2, 2015",10,"Nov 17, 1986 (29)",,22542,,,,https://twitter.com/Flonaldinho7,
,,30,,,,30.06.2016,Jugoslawien (SFR),Torku Konyaspor,2293,"Apr 26, 1986",,Main position:Left Wing Side position: Attacking Midfield Right Wing,Alban Meha,both,,"1,74 m","Jul 1, 2015",7/2,,3561,Albania   Germany,,Titova Mitrovica,EUROPE SPORTS GROUP,1635,Midfield - Left Wing,,,"Apr 26, 1986 (30)",https://www.facebook.com/wwwalbanmehade/refprofile,28252,,,,,
,,30,,,,30.06.2016,CSSR,1. FC Köln,3,"Aug 1, 1985",,Main position:Left Wing Side position: Left-Back Left Midfield,Dusan Svento,left,,"1,78 m","Jul 1, 2014",36/1,Dušan Švento,3503,Slovakia,adidas,Ružomberok,Stars & Friends,10,Midfield - Left Wing,"X 15.1 White Synthetik since Apr 1, 2016",8,"Aug 1, 1985 (30)",,34543,,,,,
,,28,,,,-,Germany,End of career,123,"Jun 24, 1987",,Main position:Keeper,Nico Burchert,left,,"1,92 m","Jul 1, 2015",,,,Germany,,Berlin,Soccer-Concept AG,981,Goalkeeper,,,"Jun 24, 1987 (28)",,41523,,,,,
,,27,,,,30.06.2019,Switzerland,Borussia Mönchengladbach,18,"Dec 17, 1988",,Main position:Keeper,Yann Sommer,right,,"1,83 m","Jul 1, 2014",17/0,,3384,Switzerland,Nike,Morges,IFM,24,Goalkeeper,"Magista Opus FG - Radiant Reveal since Apr 1, 2016",,"Dec 17, 1988 (27)",https://www.facebook.com/yannsommerofficial,42205,https://www.instagram.com/ysommer1/,,,https://twitter.com/YannSommer1,
,,27,,,,30.06.2018,Switzerland,Hertha BSC,44,"Apr 12, 1989",,Main position:Left Wing Side position: Right Wing Attacking Midfield,Valentin Stocker,left,,"1,79 m","Jul 1, 2014",33/5,,3384,Switzerland,adidas,Kriens,Relatives,1207,Midfield - Left Wing,"X 15.1 White Synthetik since Apr 1, 2016","8,5","Apr 12, 1989 (27)",,45178,,,,,https://www.valentinstocker.ch
,,28,,,,30.06.2018,Germany,Fortuna Düsseldorf,38,"Jan 22, 1988","May 13, 2015",Main position:Centre Back,Christian Strohdiek,right,,"1,92 m","Jul 1, 2015",,,,Germany,,Paderborn,Steffen Schneekloth,103,Defence - Centre Back,,,"Jan 22, 1988 (28)",,48081,https://instagram.com/christian_strohdiek,,,https://twitter.com/CStrohdiek,
,,28,,,,30.06.2018,Sweden,1.FSV Mainz 05,39,"Apr 12, 1988",,Main position:Left-Back,Pierre Bengtsson,left,,"1,77 m","Jan 1, 2015",24/0,Pierre Thomas Robin Bengtsson,3557,Sweden,adidas,Kumla,Boutique Transfers and Management ApS,300,Defence - Left-Back,"X 15.1 White Synthetik since Apr 1, 2016","7,5","Apr 12, 1988 (28)",,50577,,,,,
,,27,,,,30.06.2017,Germany,SC Paderborn 07,127,"Sep 19, 1988","Jun 9, 2015",Main position:Right Wing Side position: Attacking Midfield Right-Back,Marc Vucinovic,right,,"1,78 m","Jul 1, 2013",,,,Germany,,Hannover,Uwe Kathmann,6,Midfield - Right Wing,,,"Sep 19, 1988 (27)",,51190,,,,,
,,26,,,,30.06.2019,Germany,1.FC Kaiserslautern,2,"Feb 9, 1990",,Main position:Centre Back Side position: Defensive Midfield Right-Back,Patrick Ziegler,right,,"1,87 m","Jul 1, 2015",,,,Germany,,Gräfelfing,Kögl & Partner GmbH,302,Defence - Centre Back,,,"Feb 9, 1990 (26)",,54964,,,,https://twitter.com/thePZ5,
,,25,,,,30.06.2019,Switzerland,Borussia Dortmund,16,"Nov 14, 1990","Jun 14, 2015",Main position:Keeper,Roman Bürki,right,,"1,87 m","Jul 1, 2015",4/0,,3384,Switzerland,Nike,Münsingen,IFM,24,Goalkeeper,"Hypervenom Phantom II FG - Radiant Reveal since Apr 1, 2016",,"Nov 14, 1990 (25)",,59027,https://www.instagram.com/rbuerki/,,,https://twitter.com/RBuerki1,
,,26,,,,30.06.2018,Germany,SC Paderborn 07,127,"Jun 9, 1989","Mar 22, 2015",Main position:Right Wing Side position: Left Wing Centre Forward,Süleyman Koc,right,,"1,78 m","Jan 1, 2014",,,,Germany   Turkey,,Berlin,EMD Sports GmbH,1487,Midfield - Right Wing,,,"Jun 9, 1989 (26)",,64791,,,,,
,,22,,,,30.06.2018,Greece,Olympiacos Piraeus,683,"Mar 18, 1994",,Main position:Keeper,Stefanos Kapino,right,,"1,96 m","Jul 15, 2015",5/0,Στέφανος Καπίνο,3378,Greece,,Piräus,feel soccer GmbH,1369,Goalkeeper,,,"Mar 18, 1994 (22)",https://www.facebook.com/KapinoStefanos/,68410,https://www.instagram.com/kapinosstefanos/,,,https://twitter.com/StefanosKapinos,
,,28,,,,30.06.2017,Argentina,1.FSV Mainz 05,39,"Feb 4, 1988",,Main position:Left Wing Side position: Right Wing Centre Forward,Pablo de Blasis,right,,"1,65 m","Aug 31, 2014",,Pablo Ezequiel de Blasis,,Argentina,Nike,La Plata,feel soccer GmbH,1369,Striker - Left Wing,"Mercurial Superfly FG - Radiant Reveal since Apr 1, 2016",,"Feb 4, 1988 (28)",,75446,,,,,
,,29,,both parties 1 year,,30.06.2018,Germany,SC Paderborn 07,127,"Nov 5, 1986","May 18, 2016",Main position:Left Midfield Side position: Left-Back Left Wing,Thomas Bertels,left,,"1,93 m","Jul 1, 2011",,,,Germany,,Geseke,arena11 sports group,2295,Midfield - Left Midfield,,,"Nov 5, 1986 (29)",,75680,,,,,
,,25,,,,30.06.2017,Sweden,Hannover 96,42,"Nov 30, 1990",,Main position:Left-Back Side position: Right-Back Left Midfield,Miiko Albornoz,left,,"1,80 m","Jul 1, 2014",9/1,,3700,Chile   Sweden,,Stockholm,HCM Sport Agency,2252,Defence - Left-Back,,,"Nov 30, 1990 (25)",,75852,,,,,
,,31,Sereso Geoffroy Gonzaroua Dié,,,30.06.2017,Cote d'Ivoire,VfB Stuttgart,79,"Nov 7, 1984",,Main position:Defensive Midfield Side position: Central Midfield Right Midfield,Serey Dié,right,,"1,79 m","Feb 2, 2015",28/0,,3591,Cote d'Ivoire,Nike,Facobly,Change4S,2092,Midfield - Defensive Midfield,,,"Nov 7, 1984 (31)",,77708,,,,,
,,25,,,,30.06.2018,Japan,Hertha BSC,44,"May 9, 1991",,Main position:Right Wing Side position: Left Wing Secondary Striker,Genki Haraguchi,right,,"1,77 m","Jul 1, 2014",11/1,原口 元気,3435,Japan,,"Kumagaya, Saitama",Wasserman Netherlands Management,274,Striker - Right Wing,,,"May 9, 1991 (25)",,79377,,,,,
,,24,,,,30.06.2020,Germany,1. FC Köln,3,"Jun 26, 1991","May 6, 2016",Main position:Centre Forward Side position: Secondary Striker Right Wing,Simon Zoller,right,,"1,79 m","Jul 1, 2014",,,,Germany,Nike,Friedrichshafen,GoalSky,1372,Striker - Centre Forward,"Hypervenom Phinish II FG - Radiant Reveal since Apr 1, 2016",,"Jun 26, 1991 (24)",,79967,https://www.instagram.com/zoller11/,,,https://twitter.com/SiZolli,
,,29,,,,30.06.2019,Chile,Celta de Vigo,940,"Dec 30, 1986",,Main position:Defensive Midfield Side position: Central Midfield,Marcelo Díaz,right,,"1,66 m","Jan 15, 2016",43/1,Marcelo Alfonso Díaz Rojas,3700,Chile,adidas,Santiago de Chile,Fairplay Sports Group,2112,Midfield - Defensive Midfield,"ACE 16.1 Shock Blue Synthetik since Apr 1, 2016",,"Dec 30, 1986 (29)",,83895,,,,,
,,24,,performance option,,30.06.2017,Germany,SC Paderborn 07,127,"Feb 9, 1992","Apr 24, 2015",Main position:Right-Back Side position: Left-Back,Michael Heinloth,both,,"1,77 m","Jul 11, 2013",2/0,,17368,Germany,,Roth,FP Sport Promotion,35,Defence - Right-Back,,,"Feb 9, 1992 (24)",,93535,,,,https://twitter.com/MichaelHeinloth,
,,23,,,,30.06.2016,Germany,VfB Stuttgart II,102,"Feb 9, 1993",,Main position:Right Wing Side position: Right Midfield,Jerome Kiesewetter,right,,"1,83 m","Jul 1, 2012",17/6,Jerome Julien Kiesewetter,35707,United States   Germany,,Berlin,SportsTotal,199,Midfield - Right Wing,,,"Feb 9, 1993 (23)",,94167,,,,,
,,23,,one further year,,30.06.2017,Germany,FC Utrecht,200,"Jul 6, 1992",,Main position:Defensive Midfield Side position: Centre Back Right Midfield,Rico Strieder,right,,"1,74 m","Jul 10, 2015",,,,Germany,,Dachau,Sportagentur Lokurlu,1235,Midfield - Defensive Midfield,,,"Jul 6, 1992 (23)",,94768,,,,,
,,21,,,,30.06.2017,Germany,1.FC Magdeburg,187,"Mar 4, 1995",,Main position:Attacking Midfield Side position: Right Wing Left Wing,Sebastian Ernst,left,,"1,77 m","Jan 1, 2016",,,,Germany,,Neustadt am Rübenberge,T21plus,1313,Midfield - Attacking Midfield,,,"Mar 4, 1995 (21)",,108198,,,,,
,,25,,,,30.06.2018,Germany,1. FC Köln,3,"May 27, 1990",,Main position:Left-Back Side position: Defensive Midfield Left Midfield,Jonas Hector,left,,"1,85 m","Jul 1, 2012",12/1,,3262,Germany,adidas,Saarbrücken,act,202,Defence - Left-Back,"X 15.1 White Synthetik since Apr 1, 2016","10,5","May 27, 1990 (25)",,108537,,,,,
,,26,,,,30.06.2017,Japan,1. FC Köln,3,"May 18, 1990",,Main position:Secondary Striker Side position: Right Wing Centre Forward,Yuya Osako,right,,"1,82 m","Jul 1, 2014",15/3,大迫 勇也,3435,Japan,,"Kaseda, Kagoshima",Sarcle Co. Ltd.,1681,Striker - Secondary Striker,,,"May 18, 1990 (26)",,108650,,,,,
SV Werder Bremen II (#25),87,23,,,,30.06.2017,Germany,SV Werder Bremen,86,"Feb 17, 1993",,Main position:Centre Back,Oliver Hüsing,right,,"1,93 m","Jul 1, 2014",,,,Germany,,Bühren,KL Sportsbase,1875,Defence - Centre Back,,,"Feb 17, 1993 (23)",,109436,,,,,
FC Augsburg II (#15),5379,22,,,,30.06.2017,Germany,FC Augsburg,167,"Sep 3, 1993",,Main position:Centre Back Side position: Right-Back Defensive Midfield,Tim Rieder,right,,"1,86 m","Jul 1, 2014",,,,Germany,,Dachau,Goal2Career,288,Defence - Centre Back,,,"Sep 3, 1993 (22)",,111277,,,,,
,,26,,,,30.06.2019,Poland,1. FC Köln,3,"Feb 13, 1990","Mar 23, 2015",Main position:Right-Back Side position: Right Midfield Left-Back,Pawel Olkowski,right,,"1,84 m","Jul 1, 2014",13/0,Paweł Olkowski,3442,Poland,adidas,Ozimek,BMG-SPORT,883,Defence - Right-Back,"X 15.1 White Synthetik since Apr 1, 2016",9,"Feb 13, 1990 (26)",,117469,,,,,
SV Werder Bremen II (#38),87,21,,,,30.06.2018,Germany,SV Werder Bremen,86,"Dec 8, 1994",,Main position:Right-Back Side position: Right Midfield Right Wing,Marnon Busch,right,,"1,82 m","Aug 28, 2014",1/0,Marnon-Thomas Busch,27300,Germany,,Stade,H.S.P. Sports-Management,2398,Defence - Right-Back,,,"Dec 8, 1994 (21)",,117478,,,,,
,,21,,,,30.06.2018,Germany,FC Vaduz,163,"Jul 8, 1994",,Main position:Left-Back Side position: Left Midfield Defensive Midfield,Axel Borgmann,left,,"1,78 m","Sep 24, 2015",0/0,,5709,Germany,,Mülheim an der Ruhr,Thorsten Weck,721,Defence - Left-Back,,,"Jul 8, 1994 (21)",,119032,,,,,
,,22,,,,30.06.2018,Germany,Fortuna Düsseldorf,38,"Apr 25, 1994",,Main position:Defensive Midfield Side position: Centre Back,Marcel Sobottka,right,,"1,85 m","Jul 17, 2015",1/0,,5709,Germany,,Gelsenkirchen,Thorsten Weck,721,Midfield - Defensive Midfield,,,"Apr 25, 1994 (22)",,119044,,,,,
,,22,,,,30.06.2018,Germany,1. FC Köln,3,"Mar 13, 1994",,Main position:Central Midfield Side position: Left Midfield Left-Back,Yannick Gerhardt,left,,"1,84 m","Jul 1, 2013",6/0,,3817,Germany,Nike,Würselen,Stephan Engels,3466,Midfield - Central Midfield,"Mercurial Superfly FG - Radiant Reveal since Apr 1, 2016",,"Mar 13, 1994 (22)",https://www.facebook.com/yannickgerhardt,119277,https://instagram.com/yannickgerhardt/,,,https://twitter.com/yannickgerhardt,
,,22,,,30.06.2017,30.06.2016,Germany,SpVgg Greuther Fürth,65,"May 30, 1993",,Main position:Defensive Midfield Side position: Central Midfield Right-Back,Maurice Hirsch,right,,"1,75 m","Jan 19, 2016",,,,Germany,,Mannheim,TDS SPORTS,2596,Midfield - Defensive Midfield,,,"May 30, 1993 (22)",,119555,https://www.instagram.com/mauricehirsch/,Hannover 96,42,,
VfB Stuttgart II (#10),102,23,,,,30.06.2017,Germany,VfB Stuttgart,79,"May 7, 1993",,Main position:Attacking Midfield Side position: Central Midfield Left Midfield,Marvin Wanitzek,right,,"1,79 m","Jul 1, 2015",,,,Germany   Poland,,Bruchsal,Sportagentur Lokurlu,1235,Midfield - Attacking Midfield,,,"May 7, 1993 (23)",,119581,,,,,
,,23,,,,30.06.2020,Austria,Tottenham Hotspur,148,"Nov 15, 1992",,Main position:Centre Back Side position: Left-Back,Kevin Wimmer,left,,"1,87 m","Jul 1, 2015",3/0,,3383,Austria,adidas,Wels,Stars & Friends,10,Defence - Centre Back,"X 15.1 White Synthetik since Apr 1, 2016",,"Nov 15, 1992 (23)",https://www.facebook.com/kevin.wimmer.28?fref=ts,122675,https://www.instagram.com/kevinwimmer27/,,,https://twitter.com/kevinwimmer27,
Hamburger SV II (#6),389,22,,,,30.06.2017,Germany,Hamburger SV,41,"Jul 16, 1993","Jun 30, 2014",Main position:Right-Back Side position: Left-Back Defensive Midfield,Ashton Götz,right,,"1,77 m","Jul 1, 2014",,Ashton Philip Shawn Götz,,Germany,adidas,Pirmasens,GBV Spielerprojekt,2426,Defence - Right-Back,"X 15.1 White Synthetik since Apr 1, 2016",,"Jul 16, 1993 (22)",,124083,,,,,
,,22,,,,30.06.2019,Germany,Panathinaikos Athens,265,"Apr 26, 1994",,Main position:Keeper,Odisseas Vlachodimos,right,,"1,91 m","Jan 26, 2016",0/0,Οδυσσέας Βλαχοδήμος,3817,Germany   Greece,Nike,Stuttgart,fair-sport GmbH,141,Goalkeeper,"Mercurial Superfly FG - Radiant Reveal since Apr 1, 2016",,"Apr 26, 1994 (22)",https://www.facebook.com/odi.vlachodimos,124419,,,,https://twitter.com/vlachod1mos,
,,25,,,,30.06.2017,Germany,FC Energie Cottbus,25,"May 18, 1991",,Main position:Keeper,Daniel Lück,right,,"1,89 m","Jul 1, 2015",,,,Germany,,Oberkochen,Haspel Sportconsulting,1243,Goalkeeper,,,"May 18, 1991 (25)",,125315,,,,,
,,23,,,,30.06.2018,"Korea, South",TSG 1899 Hoffenheim,533,"Jun 13, 1992","Jun 13, 2014",Main position:Left-Back,Jin-Su Kim,left,,"1,76 m","Jul 1, 2014",22/0,김진수,3589,"Korea, South",,Jeonju,ROGON,1,Defence - Left-Back,,,"Jun 13, 1992 (23)",,132529,,,,,
,,20,,,,30.06.2017,Germany,VfL Wolfsburg II,143,"Jul 7, 1995",,Main position:Keeper,Alexander Brunst,right,,"1,95 m","Jul 3, 2015",0/0,Alexander Brunst-Zöllner,5709,Germany,adidas,Neumünster,extratime GmbH,562,Goalkeeper,"X 15.1 White Synthetik since Apr 1, 2016","12,5","Jul 7, 1995 (20)",,146693,,,,,
,,20,,,,30.06.2018,Germany,FC St. Pauli,35,"Aug 28, 1995",,Main position:Left Wing Side position: Attacking Midfield Left-Back,Jeremy Dudziak,left,,"1,80 m","Aug 28, 2015",5/2,,5709,Germany,Nike,Hamburg,Hundred&Tenpercent,2570,Midfield - Left Wing,"Hypervenom Phantom II FG - Radiant Reveal since Apr 1, 2016",,"Aug 28, 1995 (20)",,147359,,,,,
,,22,,,,30.06.2017,Germany,SV Wehen Wiesbaden,108,"Jan 18, 1994",,Main position:Central Midfield Side position: Defensive Midfield,Sven Mende,right,,"1,83 m","Jul 1, 2015",3/1,Sven Lars Marten Mende,9067,Germany,,Göppingen,T21plus,1313,Midfield - Central Midfield,,,"Jan 18, 1994 (22)",,148123,,,,,
,,21,,buying option,30.06.2017,30.06.2016,Germany,Chemnitzer FC,21,"Jan 8, 1995",,Main position:Central Midfield Side position: Defensive Midfield Attacking Midfield,Matti Steinmann,both,,"1,88 m","Jul 23, 2015",5/0,Ville Matti Steinmann,5709,Germany   Finland,adidas,Hamburg,PRO Profil GmbH,12,Midfield - Central Midfield,"X 15.1 White Synthetik since Apr 1, 2016",,"Jan 8, 1995 (21)",,148209,,Hamburger SV,41,,
1.FC Köln II (#1),438,20,,,,30.06.2016,Germany,1. FC Köln,3,"Jul 24, 1995",,Main position:Keeper,Daniel Mesenhöler,right,,"1,87 m","Jul 1, 2014",4/0,,5709,Germany,,Engelskirchen,Int. Soccer Mgmt.,79,Goalkeeper,,,"Jul 24, 1995 (20)",,150080,,,,,
,,25,,,,31.12.2017,China,Beijing Guoan,3176,"Jan 23, 1991",,Main position:Left Midfield Side position: Attacking Midfield Right Midfield,Xizhe Zhang,right,,"1,80 m","Jul 15, 2015",11/3,张稀哲,5598,China,,"Wuhan, Hubei",PRO Profil GmbH,12,Midfield - Left Midfield,,,"Jan 23, 1991 (25)",,150163,,,,,
Borussia Mönchengladbach II (#10),1006,21,,,,30.06.2017,Germany,Borussia Mönchengladbach,18,"Oct 15, 1994","Jan 6, 2015",Main position:Left Wing Side position: Right Wing Secondary Striker,Marlon Ritter,both,,"1,70 m","Jul 1, 2014",,,,Germany,,Essen,KL Sportsbase,1875,Striker - Left Wing,,,"Oct 15, 1994 (21)",,151636,,,,,
,,22,,,,30.06.2017,,Borussia Mönchengladbach II,1006,"Jan 25, 1994","Jan 6, 2015",Main position:Defensive Midfield Side position: Central Midfield Attacking Midfield,Bilal Sezer,both,,"1,78 m","Jul 1, 2013",1/0,,24957,Azerbaijan   Germany,,,Daniel Neuber,1021,Midfield - Defensive Midfield,,,"Jan 25, 1994 (22)",,152641,,,,,
,,23,,,,30.06.2016,Germany,1.FSV Mainz 05 II,851,"Mar 28, 1993",,Main position:Centre Back Side position: Right-Back,Fabian Kalig,right,,"1,80 m","Jul 1, 2012",,,,Germany,,Wiesbaden,ASBW Sport Marketing,1126,Defence - Centre Back,,,"Mar 28, 1993 (23)",,153184,,,,,
,,23,,,,30.06.2017,Germany,SV Sandhausen,254,"Feb 27, 1993",,Main position:Left-Back Side position: Centre Back Left Midfield,Damian Roßbach,left,,"1,87 m","Jul 1, 2015",,,,Germany,,Frankfurt am Main,PRO Profil GmbH,12,Defence - Left-Back,,,"Feb 27, 1993 (23)",,153198,,,,,
SV Werder Bremen II (#39),87,21,,,,30.06.2017,Germany,SV Werder Bremen,86,"Jan 23, 1995",,Main position:Defensive Midfield Side position: Centre Back,Lukas Fröde,right,,"1,92 m","Jul 1, 2015",0/0,Lukas Thomas Fröde,5710,Germany,,Fulda,Karl M. Herzog Sportmanagement,76,Midfield - Defensive Midfield,,,"Jan 23, 1995 (21)",,153628,https://www.instagram.com/lukasfr_39/,,,,
,,21,,,30.06.2017,30.06.2016,,SC Paderborn 07,127,"Jul 23, 1994",,Main position:Right-Back Side position: Left-Back Right Wing,Khaled Narey,both,,"1,80 m","Jul 1, 2015",,,,Germany,Nike,,Hundred&Tenpercent,2570,Defence - Right-Back,,,"Jul 23, 1994 (21)",,153664,,Borussia Dortmund II,17,,
,,22,,,,30.06.2016,Germany,Hannover 96 II,1065,"Jan 7, 1994",,Main position:Defensive Midfield Side position: Centre Back Central Midfield,Fabian Pietler,right,,"1,76 m","Jul 1, 2013",,,,Germany,,Gehrden,Premium Sportmanagement UG,3174,Midfield - Defensive Midfield,,,"Jan 7, 1994 (22)",https://www.facebook.com/Fabian.Pietler,155377,,,,,
,,22,,,,30.06.2018,Ukraine,Bayer 04 Leverkusen,15,"Jan 22, 1994","Apr 20, 2016",Main position:Attacking Midfield Side position: Central Midfield,Vladlen Yurchenko,right,,"1,81 m","Jul 1, 2014",23/3,Юрченко Владлен Юрійович,16274,Ukraine,,Mykolaiv,Andrei Golovash,61,Midfield - Attacking Midfield,,,"Jan 22, 1994 (22)",,157373,,,,,
,,22,,,,30.06.2018,Germany,SpVgg Greuther FÃ¼rth,65,"Oct 1, 1993",,Main position:Left-Back Side position: Left Wing Centre Back,Ronny Marcos,left,,"1,74 m","Jan 9, 2016",1/0,,5129,Mozambique   Germany,,Oldenburg in Holstein,TSH Talentschmiede GmbH&Co KG,2435,Defence - Left-Back,,,"Oct 1, 1993 (22)",https://www.facebook.com/ronny.marcos.12frefts,159037,https://www.instagram.com/ronny_m31/,,,,
1.FSV Mainz 05 II (#7),851,19,,,,30.06.2016,Germany,1.FSV Mainz 05,39,"Nov 30, 1996",,Main position:Attacking Midfield Side position: Right Wing Left Wing,Patrick Pflücke,left,,"1,70 m","Jul 1, 2014",3/1,,5710,Germany,adidas,Dresden,KL Sportsbase,1875,Midfield - Attacking Midfield,"X 15.1 White Synthetik since Apr 1, 2016",7,"Nov 30, 1996 (19)",,159522,,,,,
,,20,,,,30.06.2017,Germany,SV Werder Bremen II,87,"Feb 5, 1996",,Main position:Keeper,Raif Husic,left,"Ace Zones Pro Shock Blue since Apr 1, 2016","1,90 m","Jul 1, 2015",4/0,Raif Husić,5710,Germany   Bosnia-Herzegovina,adidas,Zusmarshausen,Rummenigge,2131,Goalkeeper,"ACE 16.1 Shock Blue Synthetik since Apr 1, 2016","12,5","Feb 5, 1996 (20)",,160742,https://instagram.com/raif_husic,,,,
,,21,,,30.06.2017,30.06.2016,Germany,VfL Osnabrück,81,"Apr 25, 1995",,Main position:Keeper,Marvin Schwäbe,right,"Ace Zones Pro Shock Blue since Apr 1, 2016","1,90 m","Jul 6, 2015",1/0,,3817,Germany,adidas,Dieburg,neblung sportsnetwork,175,Goalkeeper,"ACE15 Solar Orange since Oct 2, 2015","12,5","Apr 25, 1995 (21)",,160929,,TSG 1899 Hoffenheim,533,,
,,21,,,30.06.2017,30.06.2016,Germany,Holstein Kiel,269,"Oct 28, 1994",,Main position:Keeper,Robin Zentner,both,,"1,94 m","Aug 26, 2015",1/0,,17662,Germany,adidas,Rüdesheim,W&K Fairplay,1208,Goalkeeper,"ACE 16.1 Shock Blue Synthetik since Apr 1, 2016",12,"Oct 28, 1994 (21)",,160963,,1.FSV Mainz 05,39,,
,,21,,club option 1 year,,30.06.2017,Germany,SV Grödig,10131,"Apr 3, 1995",,Main position:Right-Back Side position: Defensive Midfield Right Midfield,Pascal Itter,right,,"1,77 m","Aug 5, 2015",12/0,,5710,Germany,,Schwalmstadt,Sports 11 GmbH,2074,Defence - Right-Back,,,"Apr 3, 1995 (21)",,161544,,,,,
FC Bayern Munich II (#1),28,21,,,,30.06.2017,Austria,Bayern Munich,27,"Mar 23, 1995",,Main position:Keeper,Ivan Lucic,right,"Ace Zones Pro Shock Blue since Apr 1, 2016","1,93 m","Jul 1, 2015",1/0,,9316,Austria   Croatia,adidas,Wien,GOODWIN SPORTMANAGEMENT,993,Goalkeeper,"X 15.1 White Synthetik since Apr 1, 2016",11,"Mar 23, 1995 (21)",,164145,,,,,
FC Augsburg II (#6),5379,20,,,,30.06.2017,Germany,FC Augsburg,167,"Oct 10, 1995","Feb 6, 2014",Main position:Defensive Midfield Side position: Central Midfield Right Midfield,Marco Schuster,right,,"1,79 m","Jul 1, 2014",,,,Germany,,RÃ¶gling,arena11 sports group,2295,Midfield - Defensive Midfield,,,"Oct 10, 1995 (20)",,168186,,,,,
,,21,,,,30.06.2018,Germany,Borussia Mönchengladbach,18,"Jan 15, 1995","Aug 15, 2014",Main position:Centre Back Side position: Defensive Midfield Central Midfield,Marvin Schulz,right,,"1,86 m","Jul 1, 2014",7/0,,5709,Germany,,Mülheim an der Ruhr,Signature - ISCM AG,2377,Defence - Centre Back,,,"Jan 15, 1995 (21)",,168678,https://www.instagram.com/marvinschulz18/,,,,
Hertha BSC II (#18),45,19,,,,30.06.2019,Germany,Hertha BSC,44,"Jul 23, 1996",,Main position:Left Wing Side position: Right Wing Secondary Striker,Sinan Kurt,left,,"1,73 m","Jan 7, 2016",4/0,,5710,Germany,adidas,Mönchengladbach,EMG Mundial,2793,Striker - Left Wing,"X 15.1 White Synthetik since Apr 1, 2016","8,5","Jul 23, 1996 (19)",https://www.facebook.com/SinanKurtMoSports,170530,https://www.instagram.com/sinan_kurt_24/,,,https://twitter.com/sinan_kurt_24,
,,22,,,30.06.2018,30.06.2016,Germany,VfL Bochum,80,"Apr 2, 1994",,Main position:Secondary Striker Side position: Right Wing Centre Forward,Janik Haberer,right,,"1,87 m","Jul 1, 2015",1/0,,3817,Germany,,Wangen im Allgäu,Dietmar Kohli,2117,Striker - Secondary Striker,,,"Apr 2, 1994 (22)",,177779,,TSG 1899 Hoffenheim,533,,
,,21,,,,30.06.2018,Germany,1.FC Kaiserslautern,2,"Jun 15, 1994",,Main position:Right Wing Side position: Secondary Striker Left Wing,Lukas Görtler,left,,"1,83 m","Jul 1, 2015",,,,Germany,adidas,Bamberg,11WINS,2773,Striker - Right Wing,"X15 Bold Orange since Oct 2, 2015","10,5","Jun 15, 1994 (21)",,179638,,,,,
Bayer 04 Leverkusen UEFA U19,41569,20,,,,30.06.2018,Germany,Bayer 04 Leverkusen,15,"Mar 24, 1996","Feb 16, 2016",Main position:Defensive Midfield Side position: Attacking Midfield Central Midfield,Marlon Frey,right,,"1,81 m","Jul 1, 2015",0/0,,9067,Germany,,Düsseldorf,Sports 11 GmbH,2074,Midfield - Defensive Midfield,,,"Mar 24, 1996 (20)",,182752,,,,,
,,19,,,30.06.2018,30.06.2017,Germany,SpVgg Greuther Fürth,65,"Dec 13, 1996","May 18, 2016",Main position:Centre Back Side position: Defensive Midfield Right Midfield,Nicolai Rapp,right,,"1,85 m","Feb 1, 2016",1/0,,9067,Germany,,Heidelberg,SportsTotal,199,Defence - Centre Back,,,"Dec 13, 1996 (19)",,185427,https://www.instagram.com/nicolairapp5/,TSG 1899 Hoffenheim,533,,
,,22,,,,30.06.2018,Germany,1.FC Nuremberg,4,"Nov 30, 1993",,Main position:Left Wing Side position: Left-Back Central Midfield,Tim Leibold,left,,"1,74 m","Jul 1, 2015",3/0,,5709,Germany,,Böblingen,Karl M. Herzog Sportmanagement,76,Midfield - Left Wing,,,"Nov 30, 1993 (22)",https://www.facebook.com/Tim-Leibold-1755788274641565/,185699,https://www.instagram.com/timleibold23/,,,,
,,20,,,,30.06.2020,Germany,VfB Stuttgart,79,"Mar 4, 1996","Aug 11, 2015",Main position:Centre Back,Timo Baumgartl,right,,"1,90 m","Jan 26, 2015",0/0,,3817,Germany,adidas,Böblingen,Kögl & Partner GmbH,302,Defence - Centre Back,"ACE 16.1 Shock Blue Primeknit since Apr 1, 2016",12,"Mar 4, 1996 (20)",,187491,,,,,
,,19,,,,30.06.2018,Germany,FC Ingolstadt 04,4795,"Dec 15, 1996",,Main position:Central Midfield Side position: Right Midfield Right-Back,Maurice Multhaup,right,,"1,73 m","Aug 31, 2015",0/0,Maurice Michael Multhaup,5710,Germany,,Bottrop,KL Sportsbase,1875,Midfield - Central Midfield,,,"Dec 15, 1996 (19)",,187496,,,,,
SC Freiburg II,245,22,,,,30.06.2017,United States,SC Freiburg,60,"Jul 26, 1993",,Main position:Defensive Midfield Side position: Centre Back Right-Back,Caleb Stanko,right,,"1,80 m","Jul 1, 2014",0/0,Caleb James Stanko,3505,United States   Poland,,"Holly, Michigan",Dietmar Kohli,2117,Midfield - Defensive Midfield,,,"Jul 26, 1993 (22)",,190269,,,,,
SV Werder Bremen II (#35),87,19,,,,30.06.2018,Germany,SV Werder Bremen,86,"Dec 8, 1996","Feb 27, 2015",Main position:Attacking Midfield Side position: Left Midfield Right Midfield,Maximilian Eggestein,right,,"1,81 m","Jul 1, 2015",6/1,,5709,Germany,,Hannover,Stars & Friends,10,Midfield - Attacking Midfield,,,"Dec 8, 1996 (19)",,190284,,,,,
,,21,,,,30.06.2016,Germany,Hamburger SV II,389,"Jan 24, 1995",,Main position:Central Midfield Side position: Defensive Midfield Attacking Midfield,Tolcay Cigerci,left,,"1,80 m","Jul 1, 2014",2/0,Tolcay Ciğerci,22584,Turkey   Germany,,Nordenham,Kadir Özdogan,468,Midfield - Central Midfield,,,"Jan 24, 1995 (21)",,192266,,,,,
,,23,,,30.06.2018,30.06.2016,Tunisia,Karlsruher SC,48,"May 15, 1993",,Main position:Left Wing Side position: Right Wing Attacking Midfield,Mohamed Gouaida,left,,"1,78 m","Aug 26, 2015",3/0,,3670,Tunisia   France,,Sfax,EW Management GmbH,2023,Midfield - Left Wing,,,"May 15, 1993 (23)",,192294,,Hamburger SV,41,,
,,20,,,30.06.2017,30.06.2016,Germany,VfV Borussia 06 Hildesheim,2540,"Feb 7, 1996",,Main position:Left-Back Side position: Centre Back Defensive Midfield,Niklas Teichgräber,left,,"1,73 m","Jan 28, 2016",0/0,,9067,Germany,,Gehrden,Uwe Kathmann,6,Defence - Left-Back,,,"Feb 7, 1996 (20)",,193051,,Hannover 96,42,,
,,19,,,30.06.2018,30.06.2017,Germany,FC St. Gallen,257,"Nov 11, 1996",,Main position:Central Midfield Side position: Defensive Midfield Attacking Midfield,Gianluca Gaudino,right,,"1,74 m","Jan 9, 2016",1/0,,5709,Germany   Italy,Nike,Hanau,MG-Sport-Management GmbH,2223,Midfield - Central Midfield,,,"Nov 11, 1996 (19)",,195051,,Bayern Munich,27,,
,,19,,,,30.06.2017,Germany,FC Bayern Munich II,28,"Jul 5, 1996","May 9, 2016",Main position:Attacking Midfield Side position: Left Wing Right Wing,Lucas Scholl,right,,"1,80 m","Jul 1, 2015",0/0,Lucas-Julian Scholl,9067,Germany,,München,T21plus,1313,Midfield - Attacking Midfield,,,"Jul 5, 1996 (19)",https://www.facebook.com/lucas.scholl.37,195064,https://instagram.com/lucasschollofficial,,,,
FC Schalke 04 II,34,19,,,,30.06.2018,Germany,FC Schalke 04,33,"Sep 30, 1996",,Main position:Keeper,Alexander Nübel,right,,"1,93 m","Aug 27, 2015",,,,Germany,,Paderborn,Coaches & More GmbH,565,Goalkeeper,,,"Sep 30, 1996 (19)",,195778,,,,,
SC Paderborn 07 II,6604,20,,,,30.06.2018,Yugoslavia (Republic),SC Paderborn 07,127,"Dec 19, 1995","May 27, 2015",Main position:Attacking Midfield Side position: Left Wing Central Midfield,Mirnes Pepic,both,,"1,77 m","Jul 1, 2013",0/0,Мирнес Пепић,16267,Montenegro   Germany,,Podgorica,EMD Sports GmbH,1487,Midfield - Attacking Midfield,,,"Dec 19, 1995 (20)",,195781,,,,,
,,20,,,30.06.2018,30.06.2016,Germany,SV Darmstadt 98,105,"Feb 11, 1996",,Main position:Centre Forward Side position: Right Wing Secondary Striker,Felix Platte,right,,"1,90 m","Feb 1, 2016",2/0,,5709,Germany,,Höxter,arena11 sports group,2295,Striker - Centre Forward,,,"Feb 11, 1996 (20)",,195782,,FC Schalke 04,33,,
,,19,,,30.06.2019,30.06.2016,Germany,SK Sturm Graz,122,"Aug 25, 1996",,Main position:Secondary Striker Side position: Attacking Midfield Left Wing,Donis Avdijaj,both,,"1,72 m","Jan 13, 2015",2/0,,5710,Germany   Albania,,Osnabrück,,,Striker - Secondary Striker,,,"Aug 25, 1996 (19)",https://www.facebook.com/pages/Donis-Avdijaj/374986445918806,196227,https://www.instagram.com/donisavdijaj10/,FC Schalke 04,33,,
FC Schalke 04 II,34,20,,,,30.06.2018,Germany,FC Schalke 04,33,"Dec 13, 1995","Jun 12, 2015",Main position:Centre Back Side position: Right-Back Left-Back,Marvin Friedrich,right,,"1,90 m","Jul 1, 2014",4/0,,5709,Germany,adidas,Kassel,arena11 sports group,2295,Defence - Centre Back,"ACE 16+ Shock Blue Purecontrol since Apr 1, 2016",11,"Dec 13, 1995 (20)",,196231,https://www.instagram.com/marvinfrd/,,,,
Hamburger SV II (#8),389,21,,,,30.06.2016,Germany,Hamburger SV,41,"Mar 3, 1995",,Main position:Right Wing Side position: Left Wing Centre Forward,Philipp Müller,right,,"1,75 m","Jul 1, 2014",0/0,Philipp Sven Müller,5710,Germany,adidas,Hamburg,extratime GmbH,562,Striker - Right Wing,"X 15.1 White Synthetik since Apr 1, 2016",,"Mar 3, 1995 (21)",,196570,,,,,
,,20,,,30.06.2018,30.06.2016,Germany,FSV Frankfurt,293,"Oct 9, 1995",,Main position:Attacking Midfield Side position: Left Wing Central Midfield,Joel Gerezgiher,right,,"1,76 m","Jan 21, 2016",,,,Germany   Eritrea,adidas,Frankfurt am Main,Soccertalk GmbH,65,Midfield - Attacking Midfield,"X 15.1 White Synthetik since Apr 1, 2016",,"Oct 9, 1995 (20)",,196770,,Eintracht Frankfurt,24,,
,,20,,,,30.06.2018,Germany,SV Werder Bremen,86,"Jul 12, 1995","Jan 27, 2015",Main position:Keeper,Michael Zetterer,right,,"1,87 m","Jan 27, 2015",5/0,,5709,Germany,,München,Dietmar Kohli,2117,Goalkeeper,,,"Jul 12, 1995 (20)",,196813,,,,,
,,20,,buying option,30.06.2017,30.06.2016,Germany,RCD Mallorca,237,"Dec 3, 1995",,Main position:Keeper,Timon Wellenreuther,both,,"1,86 m","Jul 1, 2015",8/0,,3817,Germany,adidas,Karlsruhe,Dr. Michael Becker,5,Goalkeeper,"X15 Bold Orange since Oct 2, 2015",10,"Dec 3, 1995 (20)",https://www.facebook.com/Timon-Wellenreuther-252090124983941,196829,https://www.instagram.com/timonwelle/,FC Schalke 04,33,https://twitter.com/Timonwellle,
,,20,,,30.06.2018,30.06.2016,Germany,1.FC Magdeburg,187,"Dec 12, 1995",,Main position:Centre Back Side position: Defensive Midfield Left-Back,David Kinsombi,right,,"1,83 m","Jan 28, 2016",3/0,,9067,Germany   Congo DR,adidas,Rüdesheim am Rhein,EW Management GmbH,2023,Defence - Centre Back,"X 15.1 White Synthetik since Apr 1, 2016","10,5","Dec 12, 1995 (20)",,196834,,Karlsruher SC,48,,
1.FSV Mainz 05 II (#13),851,20,,,,30.06.2019,Germany,1.FSV Mainz 05,39,"Mar 16, 1996","May 20, 2016",Main position:Right Wing Side position: Left Wing Secondary Striker,Devante Parker,right,,"1,75 m","Jul 1, 2014",8/1,Devante James Parker,5710,Germany   United States,adidas,Wiesbaden,Relatives,1207,Striker - Right Wing,"X 15.1 White Synthetik since Apr 1, 2016","8,5","Mar 16, 1996 (20)",,196836,,,,,
,,19,,,,30.06.2017,The Gambia,MSV Duisburg II,808,"Dec 31, 1996",,Main position:Centre Forward,Yaffa Yusupha,right,,"1,83 m","Sep 23, 2015",6/3,,25504,Italy   The Gambia,,Serekunda,GSM Karrieremanagement&Strategie,3650,Striker - Centre Forward,,,"Dec 31, 1996 (19)",,202836,,,,,
,,21,,,,30.06.2018,Norway,1.FC Heidenheim 1846,2036,"Feb 13, 1995",,Main position:Centre Forward Side position: Secondary Striker Right Wing,Bard Finne,right,,"1,74 m","Jan 15, 2016",8/1,Bård Finne,16854,Norway,adidas,Bergen,goOn as,2075,Striker - Centre Forward,"X 15.1 White Synthetik since Apr 1, 2016",,"Feb 13, 1995 (21)",,202925,,,,,
,,20,,,,30.06.2016,Germany,Eintracht Frankfurt,24,"Mar 26, 1996",,Main position:Keeper,Yannick Zummack,right,,"1,86 m","Jul 1, 2014",,,,Germany,,Frankfurt am Main,Headtrick GmbH & Co. KG,3394,Goalkeeper,,,"Mar 26, 1996 (20)",,215784,,,,,
Hannover 96 U19 (#22),2663,19,,,,30.06.2017,Austria,Hannover 96,42,"Apr 5, 1997",,Main position:Keeper,Timo Königsmann,right,"Ace Zones Pro Shock Blue since Apr 1, 2016","1,84 m","Jul 1, 2014",4/0,,5710,Germany,adidas,Ried im Innkreis,T21plus,1313,Goalkeeper,"X 15.1 White Synthetik since Apr 1, 2016",12,"Apr 5, 1997 (19)",,217718,,,,,
SC Freiburg II,245,21,,,,30.06.2018,Germany,SC Freiburg,60,"Oct 21, 1994",,Main position:Left Wing Side position: Right Wing Left-Back,Florian Kath,left,,"1,85 m","Jul 1, 2015",,,,Germany,,Balingen,Haspel Sportconsulting,1243,Midfield - Left Wing,,,"Oct 21, 1994 (21)",,218011,,,,,
,,25,Cléber Janderson Pereira Reis,,,30.06.2018,Brazil,Hamburger SV,41,"Dec 5, 1990","Aug 27, 2014",Main position:Centre Back,Cléber Reis,right,,"1,87 m","Aug 27, 2014",,,,Brazil,adidas,São Francisco do Conde,Elenko Sports Ltda.,3557,Defence - Centre Back,"X 15.1 White Synthetik since Apr 1, 2016",11,"Dec 5, 1990 (25)",,226009,,,,,
Bayer 04 Leverkusen U19 (#5),4713,19,,,,30.06.2018,Germany,Bayer 04 Leverkusen,15,"Apr 18, 1997",,Main position:Centre Back Side position: Defensive Midfield,Lukas Boeder,right,,"1,84 m","Jul 1, 2015",7/0,,5710,Germany,,Essen,HMH Sportmanagement,2552,Defence - Centre Back,,,"Apr 18, 1997 (19)",,227078,,,,,
,,22,Wendell Nascimento Borges,,,30.06.2019,Brazil,Bayer 04 Leverkusen,15,"Jul 20, 1993",,Main position:Left-Back Side position: Left Midfield Left Wing,Wendell,left,,"1,76 m","Jul 1, 2014",7/0,,37018,Brazil,Nike,Fortaleza,Mondial Sport,2106,Defence - Left-Back,"Mercurial Superfly FG - Radiant Reveal since Apr 1, 2016",,"Jul 20, 1993 (22)",,228433,,,,,
FC Schalke 04 UEFA U19,41574,19,,,,30.06.2019,Germany,FC Schalke 04,33,"Sep 21, 1996","Jan 26, 2016",Main position:Defensive Midfield Side position: Centre Back Left-Back,Thilo Kehrer,right,,"1,86 m","Jul 1, 2015",6/1,,5709,Germany,Nike,TÃ¼bingen,Thorsten Weck,721,Midfield - Defensive Midfield,,,"Sep 21, 1996 (19)",,228948,,,,,
,,20,,,,30.06.2018,Germany,FC St. Gallen,257,"Mar 24, 1996",,Main position:Left Wing Side position: Right Wing Secondary Striker,Lucas Cueto,both,,"1,75 m","Feb 3, 2016",2/0,,5709,Germany   Spain,,Köln,SportsTotal,199,Striker - Left Wing,,,"Mar 24, 1996 (20)",,232376,,,,,
,,19,,,,30.06.2018,Germany,TSG 1899 Hoffenheim,533,"Oct 27, 1996",,Main position:Attacking Midfield Side position: Right Wing Left Wing,Nadiem Amiri,right,,"1,80 m","Aug 1, 2014",1/0,,3817,Germany   Afghanistan,,Ludwigshafen am Rhein,ISMG International Sports Management GmbH,563,Midfield - Attacking Midfield,,,"Oct 27, 1996 (19)",https://www.facebook.com/Nadiem-Amiri-1076744385676055,232454,https://www.instagram.com/nadiemamiri18/,,,,
,,21,,,,30.06.2018,Germany,Karlsruher SC,48,"Jan 9, 1995",,Main position:Defensive Midfield Side position: Right-Back Central Midfield,Grischa Prömel,both,,"1,83 m","Aug 11, 2015",15/2,,5709,Germany,,Stuttgart,ISMG International Sports Management GmbH,563,Midfield - Defensive Midfield,,,"Jan 9, 1995 (21)",,234029,,,,,
,,22,,club option 2 years,,30.06.2016,Russia,Eintracht Frankfurt,24,"Apr 17, 1994",,Main position:Keeper,Emil Balayev,right,,"1,89 m","Jan 1, 2015",4/0,Emil Nazim oğlu Balayev,24957,Azerbaijan   Russia,,Volgograd,,,Goalkeeper,,,"Apr 17, 1994 (22)",,236366,,,,,
FC Augsburg II (#26),5379,19,,,,30.06.2016,Germany,FC Augsburg,167,"Sep 23, 1996",,Main position:Centre Forward Side position: Left-Back,Bastian Kurz,left,,"1,78 m","Jul 1, 2015",,,,Germany,,Altötting,Serafino Luzzi,145,Striker - Centre Forward,,,"Sep 23, 1996 (19)",,238541,,,,,
Borussia Dortmund UEFA U19 (#12),41570,18,,,,30.06.2018,Germany,Borussia Dortmund U19,1464,"Jun 18, 1997","Apr 22, 2015",Main position:Keeper,Dominik Reimann,,,"1,86 m","Jul 1, 2014",3/0,,5710,Germany,,Münster,Coaches & More GmbH,565,Goalkeeper,,,"Jun 18, 1997 (18)",,238722,,,,,
,,22,,,,30.06.2017,Germany,KSV Hessen Kassel,373,"Sep 8, 1993",,Main position:Centre Back Side position: Right-Back Right Midfield,Tim Welker,right,,"1,88 m","Jul 1, 2015",,,,Germany,,Kassel,,,Defence - Centre Back,,,"Sep 8, 1993 (22)",,244280,,,,,
,,20,,,,30.06.2017,Slovenia,Borussia Dortmund II,17,"Jan 14, 1996",,Main position:Centre Back Side position: Defensive Midfield,Jon Gorenc-Stankovic,right,,"1,90 m","Jul 1, 2014",5/1,Jon Gorenc Stankovič,16272,Slovenia,Nike,Ljubljana,SportsPro,1203,Defence - Centre Back,,,"Jan 14, 1996 (20)",,245034,,,,,
,,21,,,,30.06.2018,Germany,Hamburger SV,41,"Sep 12, 1994","Jan 12, 2015",Main position:Defensive Midfield Side position: Centre Back,Gideon Jung,right,,"1,89 m","Jul 1, 2014",0/0,,3817,Germany   Ghana,adidas,Düsseldorf,EMD Sports GmbH,1487,Midfield - Defensive Midfield,"X 15.1 White Synthetik since Apr 1, 2016",11,"Sep 12, 1994 (21)",,247661,,,,,
,,24,,,-,-,Japan,JEF United Chiba,672,"Dec 16, 1991",,Main position:Left Wing Side position: Right Wing,Kazuki Nagasawa,right,,"1,73 m","Jan 2, 2016",,長澤 和輝,,Japan,,"Togane, Chiba",PRO Profil GmbH,12,Midfield - Left Wing,,,"Dec 16, 1991 (24)",,263685,,Urawa Red Diamonds,828,,
Hertha BSC II (#34),45,19,,,,30.06.2018,Germany,Hertha BSC,44,"Mar 18, 1997","Aug 19, 2015",Main position:Left-Back Side position: Left Midfield Right Midfield,Maximilian Mittelstädt,left,,"1,79 m","Aug 19, 2015",5/0,,5710,Germany,Nike,Berlin,elite consulta ; managing careers,2299,Defence - Left-Back,,,"Mar 18, 1997 (19)",,282660,,,,,
,,20,,,,30.06.2017,Japan,Cerezo Osaka,1022,"Jan 6, 1996",,Main position:Attacking Midfield Side position: Central Midfield Defensive Midfield,Mitsuru Maruoka,right,,"1,70 m","Jan 1, 2014",6/1,丸岡 満,40436,Japan,,"Tokushima, Tokushima",PRO Profil GmbH,12,Midfield - Attacking Midfield,,,"Jan 6, 1996 (20)",,303412,,,,,
