name,2nd club,2nd club id,Shoe model,website,Age,Complete name,Contract option,Contract there until,Contract until,Country of birth,Current club,Current club id,Date of birth,Date of last contract extension,Detailed position,Display name,Foot,Height,In the team since,Intl caps/goals,Name in home country,National team id,Nationality,Outfitter,Place of birth,Player's agent,Player's agent id,Position,birthDate,facebook,instagram,on loan from,on loan from club id,twitter,error,id
Anthony Seric,,,,,37.0,,,,-,Australia,End of career,123.0,"Jan 15, 1979",,Main position:Left-Back Side position: Left Midfield,Anthony Seric,left,"1,83 m","Jul 1, 2014",16/0,Anthony Šerić,3556.0,Croatia   Australia,,Sydney,,,Defence - Left-Back,"Jan 15, 1979 (37)",,,,,,,5967.0
Christian Obodo,,,,,32.0,,,,-,Nigeria,Concordia Chiajna,15945.0,"May 11, 1984",,Main position:Central Midfield Side position: Defensive Midfield,Christian Obodo,right,"1,80 m","Jan 19, 2016",21/4,Christian Udubuesi Obodo,3444.0,Nigeria,,Lagos,Football Capital,3452.0,Midfield - Central Midfield,"May 11, 1984 (32)",,,,,,,6087.0
Mario Santana,,,,,34.0,,,,-,Argentina,Aurora Pro Patria,4146.0,"Dec 23, 1981",,Main position:Right Wing Side position: Left Wing Attacking Midfield,Mario Santana,right,"1,77 m","Jan 16, 2016",7/1,Mario Alberto Santana,3437.0,Argentina   Italy,,Comodoro Rivadavia,Marco Piccioli,1677.0,Midfield - Right Wing,"Dec 23, 1981 (34)",,,,,,,6721.0
Per Kröldrup,,,,,36.0,,,,-,Denmark,Unattached,515.0,"Jul 31, 1979",,Main position:Centre Back,Per Kröldrup,right,"1,94 m","Jul 1, 2014",33/0,Per Billeskov Krøldrup,3436.0,Denmark,,Farsø,Ippolito Gallovich,1971.0,Defence - Centre Back,"Jul 31, 1979 (36)",,,,,,,12112.0
Johnny Leoni,,,,https://www.johnnyleoni.com,31.0,,,,-,Switzerland,AC Nagano Parceiro,25738.0,"Jun 30, 1984",,Main position:Keeper,Johnny Leoni,,"1,88 m","Apr 12, 2016",1/0,,3384.0,Switzerland   Italy,,Sion,ZUKA SOCCER,2196.0,Goalkeeper,"Jun 30, 1984 (31)",,,,,,,13326.0
Gerson Magrão,,,,,30.0,Gerson Alencar de Lima Junior,,,15.12.2016,Brazil,Clube de Regatas Brasil (AL),11449.0,"Jun 13, 1985",,Main position:Attacking Midfield Side position: Left Wing Left-Back,Gerson Magrão,left,"1,81 m","May 6, 2016",,,,Brazil,,Diadema,GP Sports,1898.0,Midfield - Attacking Midfield,"Jun 13, 1985 (30)",,,,,,,27303.0
Shikabala,,,,,30.0,Mahmoud Abdelrazak Fadlallah,,,30.06.2020,Egypt,Zamalek SC,664.0,"Mar 5, 1986",,Main position:Right Wing Side position: Left Wing Attacking Midfield,Shikabala,left,"1,83 m","Aug 30, 2015",27/1,شيكابالا,3672.0,Egypt,,Assuan,SPORTFRONT GmbH,2365.0,Midfield - Right Wing,"Mar 5, 1986 (30)",,,,,,,28463.0
John Jairo Mosquera,,,,,28.0,,,,-,Colombia,Envigado FC,7136.0,"Jan 15, 1988",,Main position:Centre Forward,John Jairo Mosquera,right,"1,92 m","Jul 1, 2014",8/4,John Jairo Mosquera Mosquera,28266.0,Colombia,,Apartadó,Colombiagol SAS,2052.0,Striker - Centre Forward,"Jan 15, 1988 (28)",,,,,,,31108.0
Sinan Bolat,,,,,27.0,,buying option,30.06.2018,30.06.2016,Turkey,Club Brugge KV,2282.0,"Sep 3, 1988",,Main position:Keeper,Sinan Bolat,right,"1,90 m","Jul 21, 2015",6/0,,3381.0,Turkey   Belgium,,Kayseri,No agent,96.0,Goalkeeper,"Sep 3, 1988 (27)",,,FC Porto,720.0,,,33862.0
Draman Haminu,,,,,30.0,,,,31.12.2017,Ghana,FC Infonet,30433.0,"Apr 1, 1986",,Main position:Left Wing Side position: Right Wing Right-Back,Draman Haminu,both,"1,73 m","Jan 15, 2016",43/4,,3441.0,Ghana,,Accra,,,Striker - Left Wing,"Apr 1, 1986 (30)",,,,,,,34395.0
Ustaritz,,,,,33.0,Ustaritz Astarloa,,,-,Spain,Unattached,515.0,"Feb 16, 1983",,Main position:Centre Back Side position: Right-Back,Ustaritz,right,"1,83 m","Jul 1, 2015",,Ustaritz Aldekoaotalora Astarloa,,Spain,,Abadiño,No agent,96.0,Defence - Centre Back,"Feb 16, 1983 (33)",,,,,,,35554.0
Miralem Sulejmani,,,,,27.0,,,,30.06.2018,Jugoslawien (SFR),BSC Young Boys,452.0,"Dec 5, 1988",,Main position:Left Midfield Side position: Right Midfield Left Wing,Miralem Sulejmani,left,"1,78 m","Jul 1, 2015",20/1,Миралем Сулејмани,3438.0,Serbia,,Belgrad,EUROPE SPORTS GROUP,1635.0,Midfield - Left Midfield,"Dec 5, 1988 (27)",,,,,https://twitter.com/MiralemS,,36080.0
Helgi Danielsson,,,,,34.0,,,,-,Sweden,End of career,123.0,"Jul 13, 1981",,Main position:Defensive Midfield Side position: Central Midfield Centre Back,Helgi Danielsson,right,"1,87 m","Jul 1, 2015",33/0,Helgi Valur Daníelsson,3574.0,Iceland   Sweden,,Uppsala,No agent,96.0,Midfield - Defensive Midfield,"Jul 13, 1981 (34)",,,,,,,36237.0
Luís Dias,,,,,29.0,,,,30.06.2016,Portugal,FC Penafiel,3327.0,"Jan 3, 1987",,Main position:Right-Back Side position: Left-Back,Luís Dias,right,"1,80 m","Jul 1, 2015",,Luís Manuel Braga Dias,,Portugal,,Penafiel,International Foot,3382.0,Defence - Right-Back,"Jan 3, 1987 (29)",,,,,,,37574.0
Guilherme Siqueira,,,,,30.0,,,30.06.2018,30.06.2017,Brazil,Valencia CF,1049.0,"Apr 28, 1986",,Main position:Left-Back,Guilherme Siqueira,left,"1,82 m","Jan 31, 2016",,Guilherme Magdalena Siqueira,,Brazil   Italy,,Florianópolis,YOU FIRST SPORTS,1406.0,Defence - Left-Back,"Apr 28, 1986 (30)",,,Atlético Madrid,13.0,,,44373.0
Eggert Gunnthor Jónsson,,,,,27.0,,one further year,,30.06.2016,Iceland,Fleetwood Town,11177.0,"Aug 18, 1988",,Main position:Defensive Midfield Side position: Centre Back Central Midfield,Eggert Gunnthor Jónsson,right,"1,88 m","Jul 8, 2015",19/0,Eggert Gunnþór Jónsson,3574.0,Iceland,Nike,Reykjavik,Total Football,1745.0,Midfield - Defensive Midfield,"Aug 18, 1988 (27)",,,,,,,45298.0
Duarte Machado,,,,,33.0,,,,30.06.2017,Portugal,Atlético CP,5227.0,"Feb 12, 1983",,Main position:Right-Back,Duarte Machado,right,"1,75 m","Jul 10, 2015",,Duarte Brás Carneiro da Costa Taveira Machado,,Portugal,,Carnaxide,,,Defence - Right-Back,"Feb 12, 1983 (33)",,,,,,,45357.0
Ljubomir Fejsa,,,,,27.0,,,,30.06.2019,Jugoslawien (SFR),SL Benfica,294.0,"Aug 14, 1988","Feb 1, 2016",Main position:Defensive Midfield,Ljubomir Fejsa,right,"1,83 m","Aug 24, 2013",22/0,Љубомир Фејса,3438.0,Serbia,,Kula,LIAN SPORTS,13.0,Midfield - Defensive Midfield,"Aug 14, 1988 (27)",,,,,,,46110.0
Igor Stefanovic,,,,,28.0,,,,30.06.2017,Jugoslawien (SFR),Moreirense FC,979.0,"Apr 12, 1988",,Main position:Keeper,Igor Stefanovic,,"1,92 m","Jul 1, 2015",2/0,,9566.0,Serbia,,Svrljig,Onsoccer,661.0,Goalkeeper,"Apr 12, 1988 (28)",,,,,,,46991.0
Etien Velikonja,,,,,27.0,,,-,30.06.2016,Jugoslawien (SFR),Lierse SK,204.0,"Dec 26, 1988",,Main position:Centre Forward Side position: Secondary Striker Right Wing,Etien Velikonja,left,"1,78 m","Aug 31, 2015",3/0,,3588.0,Slovenia,,Sempeter pri Gorici,Relatives,1207.0,Striker - Centre Forward,"Dec 26, 1988 (27)",,,Cardiff City,603.0,,,50384.0
Kadu,,,,,29.0,Ricardo Martins de Araújo,,31.12.2017,31.12.2016,Brazil,Associação Atlética Ponte Preta,1134.0,"Jul 20, 1986",,Main position:Centre Back,Kadu,right,"1,90 m","Apr 7, 2016",,,,Brazil,,Brasília,Eduardo Uram,780.0,Defence - Centre Back,"Jul 20, 1986 (29)",,,Grêmio Foot-Ball Porto Alegrense,210.0,,,52828.0
Kayke,,,,,28.0,Kayke Moreno de Andrade Rodrigues,,,31.12.2016,Brazil,Yokohama F. Marinos,3828.0,"Apr 1, 1988",,Main position:Centre Forward Side position: Right Wing Left Wing,Kayke,right,"1,82 m","Mar 8, 2016",,,,Brazil,,BrasÃ­lia,Teixeira Players Management,2102.0,Striker - Centre Forward,"Apr 1, 1988 (28)",,,,,,,55378.0
Chris Malonga,,,,,28.0,,,,30.06.2017,France,Stade Laval,1080.0,"Jul 11, 1987",,Main position:Left Wing Side position: Right Wing Attacking Midfield,Chris Malonga,left,"1,83 m","Aug 5, 2015",22/2,Francis Chris Malonga Ntsayi,3702.0,Congo   France,,Sens,EUROPE SPORTS GROUP,1635.0,Midfield - Left Wing,"Jul 11, 1987 (28)",,,,,,,56797.0
Matías Degra,,,,,32.0,,,,-,Argentina,AEL Limassol,786.0,"Jun 18, 1983",,Main position:Keeper,Matías Degra,right,"1,91 m","Jul 1, 2015",,Matías Omar Degra,,Argentina   Italy,,Córdoba,EUROPE SPORTS GROUP,1635.0,Goalkeeper,"Jun 18, 1983 (32)",,,,,,,58346.0
Miguel Rosa,,,,,27.0,,,,30.06.2018,Portugal,CF Belenenses Lissabon,2457.0,"Jan 13, 1989",,Main position:Left Wing Side position: Attacking Midfield Centre Forward,Miguel Rosa,right,"1,74 m","Aug 6, 2013",21/5,Miguel Alexandre Jesus Rosa,16372.0,Portugal,,Lissabon,FOOT EXPANDE,1773.0,Striker - Left Wing,"Jan 13, 1989 (27)",,,,,,,58944.0
Moussa Gueye,,,,,27.0,,,,30.06.2017,Senegal,Seraing United,2715.0,"Feb 20, 1989","Apr 11, 2016",Main position:Centre Forward Side position: Right Wing,Moussa Gueye,right,"1,85 m","Sep 1, 2014",12/3,,34870.0,Senegal,,Dakar,Mostar Sports Management,2575.0,Striker - Centre Forward,"Feb 20, 1989 (27)",,,,,,,66926.0
Moussa Maazou,,,,,27.0,,,,30.06.2017,Niger,Randers FC,5724.0,"Aug 25, 1988",,Main position:Centre Forward Side position: Right Wing Attacking Midfield,Moussa Maazou,right,"1,88 m","Feb 17, 2016",43/12,Ouwo Moussa Maazou,14163.0,Niger,,Niamey,Jorge Pires,3126.0,Striker - Centre Forward,"Aug 25, 1988 (27)",,,,,,,68203.0
Rafa Sousa,,,,,27.0,Rafael Sousa,,,30.06.2016,Portugal,Moreirense FC,979.0,"Aug 26, 1988",,Main position:Defensive Midfield Side position: Central Midfield,Rafa Sousa,left,"1,86 m","Jul 1, 2015",1/0,Abilio Rafael Barbosa de Sousa,16374.0,Portugal,,Paredes,FOOT EXPANDE,1773.0,Midfield - Defensive Midfield,"Aug 26, 1988 (27)",,,,,,,72486.0
Agon Mehmeti,,,,,26.0,,,,31.12.2018,Jugoslawien (SFR),Stabaek IF,1274.0,"Nov 20, 1989",,Main position:Centre Forward Side position: Right Wing Left Wing,Agon Mehmeti,right,"1,84 m","Mar 14, 2016",3/0,,3561.0,Albania   Sweden,,Podujeva,HCM Sport Agency,2252.0,Striker - Centre Forward,"Nov 20, 1989 (26)",,,,,,,72687.0
Leandro Pimenta,,,,,25.0,,,,30.06.2018,Portugal,SC Freamunde,2421.0,"Jul 9, 1990",,Main position:Central Midfield Side position: Defensive Midfield Right-Back,Leandro Pimenta,left,"1,79 m","Jan 14, 2016",2/0,Leandro António Coelho Pimenta,16374.0,Portugal,,Albufeira,Pedro Restani Romão,373.0,Midfield - Central Midfield,"Jul 9, 1990 (25)",,,,,,,72834.0
Vid Belec,,,,,25.0,,,,30.06.2016,Jugoslawien (SFR),Carpi FC 1909,4102.0,"Jun 6, 1990",,Main position:Keeper,Vid Belec,right,"1,92 m","Aug 31, 2015",1/0,,3588.0,Slovenia,,Maribor,Marcel Kacinari,1581.0,Goalkeeper,"Jun 6, 1990 (25)",,,,,,,73090.0
Fredy Montero,,,,,28.0,,,,-,Colombia,Tianjin Teda,3187.0,"Jul 26, 1987",,Main position:Centre Forward Side position: Secondary Striker,Fredy Montero,right,"1,76 m","Feb 1, 2016",4/1,Fredy Henkyer Montero Muñoz,3816.0,Colombia,,Campo de la Cruz,Colombiagol SAS,2052.0,Striker - Centre Forward,"Jul 26, 1987 (28)",,,,,https://twitter.com/Goleador17,,73852.0
Ramón Cardozo,,,,,30.0,,,,30.06.2016,Paraguay,Moreirense FC,979.0,"Apr 23, 1986","Jun 3, 2015",Main position:Centre Forward,RamÃ³n Cardozo,right,"1,90 m","Jul 28, 2014",1/0,RamÃ³n IdalÃ©cio Cardozo,3581.0,Paraguay,,Villarrica,MNM Sports Management,3470.0,Striker - Centre Forward,"Apr 23, 1986 (30)",,,,,,,75298.0
Felipe Pardo,,,,,25.0,,buying option,,30.06.2016,Colombia,Olympiacos Piraeus,683.0,"Aug 17, 1990",,Main position:Right Wing Side position: Right Midfield Left Wing,Felipe Pardo,,"1,78 m","Jul 1, 2016",1/0,Edgar Felipe Pardo Castro,3816.0,Colombia,,Quibdó,Colombiagol SAS,2052.0,Midfield - Right Wing,"Aug 17, 1990 (25)",,,,,,,76924.0
Aleksandar Miljkovic,,,,,26.0,,,,30.06.2018,Jugoslawien (SFR),RNK Split,420.0,"Feb 26, 1990",,Main position:Right-Back Side position: Centre Back,Aleksandar Miljkovic,right,"1,81 m","Jul 3, 2015",5/0,Александар Миљковић,9566.0,Serbia,,Bor,LIAN SPORTS,13.0,Defence - Right-Back,"Feb 26, 1990 (26)",,,,,,,78726.0
Theo Weeks,,,,,26.0,,,,-,Liberia,Ermis Aradippou,24326.0,"Jan 19, 1990",,Main position:Attacking Midfield Side position: Central Midfield,Theo Weeks,both,"1,75 m","Aug 31, 2015",17/1,Theo Weeks Lewis,9172.0,Liberia,,Montserrado,FR International Sport,2198.0,Midfield - Attacking Midfield,"Jan 19, 1990 (26)",,,,,,,79089.0
Raul Rusescu,,,,,27.0,,,,30.06.2018,Romania,Osmanlispor FK,2944.0,"Jul 9, 1988",,Main position:Secondary Striker Side position: Centre Forward Right Wing,Raul Rusescu,right,"1,81 m","Aug 22, 2015",9/1,Raul Andrei Rusescu,3447.0,Romania,,Râmnicu Vâlcea,Ioan Becali,201.0,Striker - Secondary Striker,"Jul 9, 1988 (27)",,,,,,,81433.0
Iván Balliu,,,,,24.0,,,,30.06.2017,Spain,FC Metz,347.0,"Jan 1, 1992",,Main position:Right-Back Side position: Left-Back,Iván Balliu,right,"1,72 m","Jul 17, 2015",,Iván Balliu Campeny,,Spain,,Caldes de Malavella,Ulisses Santos - US11,3456.0,Defence - Right-Back,"Jan 1, 1992 (24)",https://www.facebook.com/ivan.balliucampeny,,,,https://twitter.com/ivan_balliu,,85295.0
Rui Sacramento,,,,,31.0,,,,30.06.2016,Portugal,FC Arouca,8024.0,"Jan 31, 1985",,Main position:Keeper,Rui Sacramento,right,"1,84 m","Aug 1, 2013",,Rui Miguel Ferreira Neto Sacramento,,Portugal,,Matosinhos,,,Goalkeeper,"Jan 31, 1985 (31)",,,,,,,88717.0
Rodrigo Battaglia,,,,,24.0,,,30.06.2017,30.06.2017,Argentina,Club Atlético Rosario Central,1418.0,"Jul 12, 1991",,Main position:Central Midfield Side position: Attacking Midfield,Rodrigo Battaglia,right,"1,87 m","Jan 1, 2016",8/0,Rodrigo Andrés Battaglia,11940.0,Argentina   Italy,,Morón,Marcelo Simonian,266.0,Midfield - Central Midfield,"Jul 12, 1991 (24)",,,SC Braga,1075.0,,,89297.0
Filip Djuricic,,,,,24.0,,buying option,30.06.2018,30.06.2016,Jugoslawien (SFR),RSC Anderlecht,58.0,"Jan 30, 1992",,Main position:Attacking Midfield Side position: Left Wing Secondary Striker,Filip Djuricic,both,"1,81 m","Jan 25, 2016",24/4,Филип Ђуричић,3438.0,Serbia,,Obrenovac,LIAN SPORTS,13.0,Midfield - Attacking Midfield,"Jan 30, 1992 (24)",,,SL Benfica,294.0,,,94307.0
Patrick Bauer,,,,,23.0,,,,30.06.2019,Germany,Charlton Athletic,358.0,"Oct 28, 1992",,Main position:Centre Back,Patrick Bauer,right,"1,92 m","Jul 1, 2015",2/1,,5709.0,Germany,,Backnang,BMS Sportconsulting GmbH,7.0,Defence - Centre Back,"Oct 28, 1992 (23)",,,,,https://twitter.com/patrick5bauer,,94603.0
Vítor Bastos,,,,,26.0,,,,30.06.2016,Portugal,Red Star 93,1154.0,"May 1, 1990",,Main position:Centre Back Side position: Right-Back,Vítor Bastos,right,"1,90 m","Jul 3, 2015",3/0,Vítor Manuel dos Santos Bastos,16374.0,Portugal,,Guimarães,MNM Sports Management,3470.0,Defence - Centre Back,"May 1, 1990 (26)",,,,,,,95255.0
Sebastian Mladen,,,,,24.0,,,,30.06.2016,Romania,FC Südtirol - Alto Adige,4554.0,"Dec 11, 1991",,Main position:Centre Back Side position: Right-Back,Sebastian Mladen,right,"1,86 m","Jul 15, 2015",3/0,,16864.0,Romania,,Calafat,Pietro Chiodi Soccer Management,3570.0,Defence - Centre Back,"Dec 11, 1991 (24)",,,,,,,96790.0
Rafael Martins,,,,,27.0,Clecildo Rafael Martins de Souza Ladislau,,30.06.2017,30.06.2016,Brazil,Moreirense FC,979.0,"Mar 17, 1989",,Main position:Centre Forward Side position: Left Wing Right Wing,Rafael Martins,right,"1,77 m","Aug 25, 2015",,,,Brazil,,Santos,EUROPE SPORTS GROUP,1635.0,Striker - Centre Forward,"Mar 17, 1989 (27)",,,Levante UD,3368.0,,,99499.0
Lassad Nouioui,,,,,30.0,,,,30.06.2017,France,Club Africain Tunis,819.0,"Mar 8, 1986",,Main position:Secondary Striker Side position: Centre Forward,Lassad Nouioui,right,"1,88 m","Sep 7, 2015",4/0,Lassad Hassen Nouioui,3670.0,Tunisia   France,,Marseille,,,Striker - Secondary Striker,"Mar 8, 1986 (30)",,,,,,,101015.0
Jakub Vojtus,,,,,22.0,,,,-,Slovakia,Universitatea Cluj,6429.0,"Oct 22, 1993",,Main position:Centre Forward Side position: Secondary Striker,Jakub Vojtus,both,"1,86 m","Jan 1, 2016",6/0,Jakub Vojtuš,24965.0,Slovakia,,Spisska Nova Ves,Jozef Tokos,307.0,Striker - Centre Forward,"Oct 22, 1993 (22)",,,,,,,104990.0
Jean-Christophe Coubronne,,,,,26.0,,,,-,France,SC Olhanense,4750.0,"Jul 30, 1989",,Main position:Centre Back Side position: Defensive Midfield Right-Back,Jean-Christophe Coubronne,right,"1,80 m","Jul 1, 2013",4/0,,23658.0,France,,Lyon,,,Defence - Centre Back,"Jul 30, 1989 (26)",,,,,,,111042.0
Fransérgio,,,,,25.0,FransÃ©rgio Rodrigues Barbosa,,,30.06.2018,Brazil,CS MarÃ­timo,1301.0,"Oct 18, 1990",,Main position:Defensive Midfield Side position: Central Midfield Centre Back,FransÃ©rgio,right,"1,87 m","Jan 20, 2014",,,,Brazil,,RondonÃ³polis,,,Midfield - Defensive Midfield,"Oct 18, 1990 (25)",,,,,,,111828.0
Leandro Kappel,,,,,26.0,,,,30.06.2016,Netherlands,Panetolikos Agrinio,6418.0,"Nov 14, 1989",,Main position:Left Wing Side position: Right Wing,Leandro Kappel,left,"1,83 m","Jul 9, 2014",,Leandro Deyrinio Kappel,,Netherlands   Suriname,,Amsterdam,,,Striker - Left Wing,"Nov 14, 1989 (26)",,,,,,,113052.0
Érick Moreno,,,,,24.0,,,30.06.2018,30.06.2016,Colombia,CD Tondela,7179.0,"Nov 24, 1991",,Main position:Centre Forward,Érick Moreno,right,"1,84 m","Jan 21, 2016",,Érick Andrés Moreno Serna,,Colombia,,Bagadó,No agent,96.0,Striker - Centre Forward,"Nov 24, 1991 (24)",,,SC Braga,1075.0,,,119028.0
Federico Dionisi,,,,,28.0,,,,30.06.2017,Italy,Frosinone Calcio,8970.0,"Jun 16, 1987",,Main position:Centre Forward Side position: Right Wing Left Wing,Federico Dionisi,right,"1,79 m","Jul 28, 2014",,,,Italy,,Rieti,Davide Torchia,2225.0,Striker - Centre Forward,"Jun 16, 1987 (28)",,,,,,,119369.0
Héctor Herrera,,,,,26.0,,,,30.06.2019,Mexico,FC Porto,720.0,"Apr 19, 1990","Sep 14, 2015",Main position:Central Midfield Side position: Defensive Midfield Attacking Midfield,Héctor Herrera,right,"1,78 m","Jul 1, 2013",39/3,Héctor Miguel Herrera López,6303.0,Mexico,,Tijuana,SHINE Entertainment Media,3701.0,Midfield - Central Midfield,"Apr 19, 1990 (26)",,,,,,,122043.0
Juan Quintero,,,,,23.0,,,,30.06.2021,Colombia,FC Porto,720.0,"Jan 18, 1993","Jan 18, 2016",Main position:Attacking Midfield Side position: Left Wing Right Wing,Juan Quintero,left,"1,69 m","Jul 13, 2013",0/0,Juan Fernando Quintero Paniagua,45444.0,Colombia,,Medellín,Univers Management,3304.0,Midfield - Attacking Midfield,"Jan 18, 1993 (23)",https://www.facebook.com/JuanferQuinteroFcPorto,,,,,,122582.0
Iván Piris,,,,,27.0,,,,30.06.2020,Paraguay,Udinese Calcio,410.0,"Mar 10, 1989",,Main position:Right Midfield Side position: Centre Back Right-Back,Iván Piris,right,"1,74 m","Jul 17, 2015",23/0,Iván Rodrigo Piris Leguizamón,3581.0,Paraguay   Italy,,Itauguá,EUROPE SPORTS GROUP,1635.0,Midfield - Right Midfield,"Mar 10, 1989 (27)",,,,,https://twitter.com/Ivanpirispfc,,125251.0
Luis Fariña,,,,,25.0,,,30.06.2018,30.06.2016,Argentina,Club Universidad de Chile,1037.0,"Apr 20, 1991",,Main position:Attacking Midfield Side position: Left Wing Right Wing,Luis Fariña,right,"1,77 m","Jan 20, 2016",7/2,Luis Carlos Fariña Olivera,11940.0,Argentina   Paraguay,,Buenos Aires,EUROPE SPORTS GROUP,1635.0,Midfield - Attacking Midfield,"Apr 20, 1991 (25)",,,SL Benfica,294.0,,,125735.0
Flávio Boaventura,,,,,28.0,,,,-,Brazil,Clube de Regatas Brasil (AL),11449.0,"Jul 12, 1987",,Main position:Centre Back,FlÃ¡vio Boaventura,right,"1,83 m","May 20, 2016",,FlÃ¡vio de Souza Boaventura,,Brazil,,Feira de Santana,No agent,96.0,Defence - Centre Back,"Jul 12, 1987 (28)",,,,,,,126480.0
Juankar,,,,,26.0,Juan Carlos Pérez López,buying option,-,30.06.2016,Spain,Málaga CF,1084.0,"Mar 30, 1990",,Main position:Left Wing Side position: Left Midfield Left-Back,Juankar,left,"1,79 m","Jul 1, 2015",5/0,,9567.0,Spain,,Boadillo del Camino,MRHfutbol,3123.0,Midfield - Left Wing,"Mar 30, 1990 (26)",,,SC Braga,1075.0,,,126625.0
Matt Jones,,,,,30.0,,,30.06.2018,31.12.2016,England,Philadelphia Union,25467.0,"May 11, 1986",,Main position:Keeper,Matt Jones,right,"1,90 m","Feb 9, 2016",,Matthew Robert Jones,,England,,Stoke-on-Trent,World in Motion,1061.0,Goalkeeper,"May 11, 1986 (30)",,,CF Belenenses Lissabon,2457.0,,,128063.0
Kayembe,,,,,,,,,,,,,,,,,,,,,,,,,,,,,,,,,,,'NoneType' object has no attribute 'find_all',129586.0
Rudy,,,,,27.0,Carlos Wilson Cachicote Rocha,,,31.12.2016,Portugal,Recreativo do Libolo,26740.0,"Jan 5, 1989",,Main position:Secondary Striker Side position: Right Wing Left Wing,Rudy,right,"1,87 m","Jan 1, 2015",4/0,,3585.0,Angola   Sao Tome and Principe,,Oeiras,Monte Areo Sports,1958.0,Striker - Secondary Striker,"Jan 5, 1989 (27)",,,,,,,130963.0
Diego Reyes,,,,,23.0,,,30.06.2018,30.06.2016,Mexico,Real Sociedad,681.0,"Sep 19, 1992","Jul 14, 2015",Main position:Centre Back Side position: Defensive Midfield,Diego Reyes,right,"1,89 m","Jul 14, 2015",32/0,Diego Antonio Reyes Rosales,6303.0,Mexico,,Mexiko-Stadt,c.u.p.a. international,3737.0,Defence - Centre Back,"Sep 19, 1992 (23)",,,FC Porto,720.0,https://twitter.com/Diego_Reyes13,,131090.0
Diego Galo,,,,,32.0,Diego Queiroz,,,30.06.2017,Brazil,CF União Madeira,976.0,"Jan 14, 1984",,Main position:Centre Back,Diego Galo,right,"1,85 m","Jul 1, 2015",,Diego Fortunato Santos Queiroz,,Brazil,,Diadema,,,Defence - Centre Back,"Jan 14, 1984 (32)",,,,,,,131753.0
Coronas,,,,,25.0,Pedro Emanuel Moreira de Sousa,,,30.06.2016,Portugal,Moreirense FC,979.0,"Sep 19, 1990",,Main position:Right-Back Side position: Right Wing Right Midfield,Coronas,right,"1,78 m","Jul 8, 2014",,,,Portugal,,Penafiel,FOOT EXPANDE,1773.0,Defence - Right-Back,"Sep 19, 1990 (25)",,,,,,,134603.0
Rogelio Funes Mori,,,,,25.0,,,,-,Argentina,CF Monterrey,2407.0,"Mar 5, 1991",,Main position:Centre Forward Side position: Left Wing,Rogelio Funes Mori,right,"1,85 m","Jul 1, 2015",1/0,Rogelio Gabriel Funes Mori,3437.0,Argentina,,Mendoza del Nuevo Valle de La Rioja,Not clarified,946.0,Striker - Centre Forward,"Mar 5, 1991 (25)",,,,,,,135082.0
Zainadine Júnior,,,,,27.0,,one further year,,31.12.2017,Mozambique,Tianjin Teda,3187.0,"Jun 24, 1988",,Main position:Centre Back Side position: Right-Back,Zainadine Júnior,right,"1,80 m","Feb 5, 2016",21/0,Zainadine Abdula Chavango Júnior,5129.0,Mozambique,,Maputo,MFS - Managing Football Stars,3754.0,Defence - Centre Back,"Jun 24, 1988 (27)",,,,,,,137192.0
Luís Gustavo,,,,,23.0,Luís Gustavo Ledes Evangelista dos Santos,,,30.06.2020,Portugal,Celta Vigo B,8733.0,"Sep 28, 1992",,Main position:Attacking Midfield Side position: Central Midfield,Luís Gustavo,left,"1,73 m","Jan 1, 2016",9/0,Luís Gustavo Ledes Evangelista dos Santos,16374.0,Portugal   Brazil,,Braga,,,Midfield - Attacking Midfield,"Sep 28, 1992 (23)",,,,,,,139352.0
Daniel Bessa,,,,,23.0,,,30.06.2017,30.06.2016,Brazil,Calcio Como,1047.0,"Jan 14, 1993",,Main position:Attacking Midfield Side position: Right Wing Central Midfield,Daniel Bessa,right,"1,73 m","Aug 6, 2015",0/0,,21746.0,Italy   Brazil,,San Paolo,Not clarified,946.0,Midfield - Attacking Midfield,"Jan 14, 1993 (23)",,,Inter Milan,46.0,,,140757.0
Danilo Pereira,,,,,24.0,,,,30.06.2019,Guinea-Bissau,FC Porto,720.0,"Sep 9, 1991",,Main position:Defensive Midfield Side position: Centre Back Central Midfield,Danilo Pereira,right,"1,88 m","Jul 2, 2015",9/0,Danilo Luís Hélio Pereira,3300.0,Portugal   Guinea-Bissau,,Bissau,OML Sport&Marketing,937.0,Midfield - Defensive Midfield,"Sep 9, 1991 (24)",,,,,,,141050.0
Stefan Mitrovic,,,,,26.0,,buying option,,30.06.2016,Jugoslawien (SFR),KAA Gent,157.0,"May 22, 1990 Happy Birthday",,Main position:Centre Back,Stefan Mitrovic,left,"1,89 m","Jul 1, 2016",8/0,Стефан Митровић,3438.0,Serbia,,Belgrad,Sbsfoot,2060.0,Defence - Centre Back,"May 22, 1990 (26)",,,,,,,143029.0
Lazar Markovic,,,,,22.0,,,30.06.2019,30.06.2016,Yugoslavia (Republic),Fenerbahce SK,36.0,"Mar 2, 1994",,Main position:Right Wing Side position: Left Wing Secondary Striker,Lazar Markovic,right,"1,75 m","Aug 30, 2015",21/3,Лазар Марковић,3438.0,Serbia,,Čačak,LIAN SPORTS,13.0,Striker - Right Wing,"Mar 2, 1994 (22)",,,Liverpool FC,31.0,,,144303.0
Mikel Agu,,,,,22.0,,,30.06.2017,30.06.2016,Nigeria,Club Brugge KV,2282.0,"May 27, 1993",,Main position:Defensive Midfield Side position: Centre Back,Mikel Agu,right,"1,84 m","Aug 31, 2015",,Mikel Ndubusi Agu,,Nigeria,,Benin City,,,Midfield - Defensive Midfield,"May 27, 1993 (22)",,,FC Porto B,10331.0,,,148489.0
Rafael Veloso,,,,,22.0,,,-,30.06.2016,Portugal,Clube Oriental Lissabon,4864.0,"Nov 3, 1993",,Main position:Keeper,Rafael Veloso,right,"1,92 m","Jul 8, 2015",0/0,Rafael Henrique Vasquez Veloso,16373.0,Portugal   Spain,,Lourinhã,,,Goalkeeper,"Nov 3, 1993 (22)",,,CF Belenenses Lissabon,2457.0,,,149650.0
Daniel Martins,,,,,22.0,,,,30.06.2016,Portugal,FC Penafiel,3327.0,"Jul 20, 1993",,Main position:Left-Back Side position: Centre Back,Daniel Martins,left,"1,89 m","Jul 1, 2015",1/0,Daniel Santos Martins,16374.0,Portugal,,Lisboa,Proeleven Gestão Desportiva Lda,847.0,Defence - Left-Back,"Jul 20, 1993 (22)",,,,,,,149655.0
Ivan Cavaleiro,,,,,22.0,,,,30.06.2020,Portugal,AS Monaco,162.0,"Oct 18, 1993",,Main position:Left Wing Side position: Right Wing Centre Forward,Ivan Cavaleiro,right,"1,75 m","Jul 10, 2015",14/7,Ivan Ricardo Neves Abreu Cavaleiro,16374.0,Portugal   Cape Verde,,Vila Franca de Xira,Gestifute,413.0,Midfield - Left Wing,"Oct 18, 1993 (22)",,,,,,,149716.0
André Teixeira,,,,,22.0,,,-,30.06.2016,Portugal,CD Mafra,7056.0,"Aug 14, 1993",,Main position:Right-Back Side position: Centre Back,André Teixeira,right,"1,80 m","Jul 1, 2015",9/0,André Ferreira Teixeira,16372.0,Portugal,,Porto,,,Defence - Right-Back,"Aug 14, 1993 (22)",,,CF Belenenses Lissabon,2457.0,,,149724.0
Nikola Vukcevic,,,,,24.0,,,,30.06.2017,Jugoslawien (SFR),SC Braga,1075.0,"Dec 13, 1991",,Main position:Defensive Midfield Side position: Central Midfield Attacking Midfield,Nikola Vukcevic,right,"1,84 m","Jul 1, 2015",15/0,,11953.0,Montenegro,,Podgorica,,,Midfield - Defensive Midfield,"Dec 13, 1991 (24)",,,,,,,151470.0
André Geraldes,,,,,25.0,,,30.06.2019,30.06.2016,Portugal,CF Belenenses Lissabon,2457.0,"May 2, 1991",,Main position:Right-Back Side position: Left-Back,André Geraldes,right,"1,81 m","Jul 14, 2015",,André Geraldes de Barros,,Portugal,,Maia,Gestifute,413.0,Defence - Right-Back,"May 2, 1991 (25)",,,Sporting CP B,10949.0,,,154319.0
Bruno Lopes,,,,,29.0,,,,30.06.2016,Brazil,Hajer Club,32343.0,"Aug 19, 1986",,Main position:Centre Forward,Bruno Lopes,right,"1,80 m","Jan 1, 2016",,Bruno da Silva Lopes,,Brazil,,Curitiba,EUROPE SPORTS GROUP,1635.0,Striker - Centre Forward,"Aug 19, 1986 (29)",,,,,,,155469.0
Rambé,,,,,26.0,Ramilton Jorge Santos do Rosário,,,30.06.2017,Cape Verde,SC Farense,4294.0,"Oct 4, 1989",,Main position:Centre Forward Side position: Right Wing,Rambé,right,"1,89 m","Aug 26, 2015",6/0,Ramilton Jorge Santos do Rosário,4311.0,Cape Verde,,São Vicente,GOLDFOOT INTERNACIONAL,3595.0,Striker - Centre Forward,"Oct 4, 1989 (26)",,,,,,,157884.0
Mario Sampirisi,,,,,23.0,,buying option,,30.06.2016,Italy,Vicenza Calcio,2655.0,"Oct 31, 1992",,Main position:Right-Back Side position: Centre Back Left-Back,Mario Sampirisi,right,"1,88 m","Jul 1, 2016",1/0,,11947.0,Italy,adidas,Caltagirone,,,Defence - Right-Back,"Oct 31, 1992 (23)",,,,,,,160357.0
Mirko Bigazzi,,,,,27.0,,,,-,Italy,Aurora Pro Patria,4146.0,"Apr 3, 1989",,Main position:Right Wing Side position: Attacking Midfield Left Wing,Mirko Bigazzi,both,"1,83 m","Sep 16, 2015",,,,Italy,,Cecina,,,Midfield - Right Wing,"Apr 3, 1989 (27)",,,,,,,160683.0
Nelson Agra,,,,,25.0,,,,30.06.2016,Portugal,Varzim SC,4297.0,"Jan 6, 1991",,Main position:Centre Back Side position: Defensive Midfield,Nelson Agra,both,"1,75 m","Sep 15, 2014",1/0,Nelson José Figueiredo Agra,16373.0,Portugal,,Póvoa de Varzim,,,Defence - Centre Back,"Jan 6, 1991 (25)",,,,,,,164044.0
Cristian Ceballos,,,,,23.0,,,,30.06.2018,Spain,Charlton Athletic,358.0,"Dec 3, 1992",,Main position:Secondary Striker Side position: Left Wing Right Wing,Cristian Ceballos,left,"1,73 m","Jul 23, 2015",,Cristian Ceballos Prieto,,Spain,,Barcelona,Not clarified,946.0,Striker - Secondary Striker,"Dec 3, 1992 (23)",,,,,,,166640.0
Pedro Tiba,,,,,27.0,Pedro Miguel Amorim Pereira Silva,,30.06.2019,30.06.2016,Portugal,Real Valladolid CF,366.0,"Aug 31, 1988",,Main position:Central Midfield Side position: Attacking Midfield Secondary Striker,Pedro Tiba,right,"1,74 m","Aug 31, 2015",0/0,,3300.0,Portugal,,Arcos de Valdevez,Bruno Carvalho,2824.0,Midfield - Central Midfield,"Aug 31, 1988 (27)",,,SC Braga,1075.0,,,167165.0
Ousmane Dramé,,,,,23.0,,,,30.06.2018,France,Sporting CP B,10949.0,"Aug 25, 1992",,Main position:Left Wing Side position: Right Wing Attacking Midfield,Ousmane Dramé,left,"1,74 m","Jan 29, 2014",,,,France   Mali,,Paris,,,Striker - Left Wing,"Aug 25, 1992 (23)",,,,,,,167317.0
Carlos Servín,,,,,28.0,,,,-,Paraguay,CD Capiatá,28609.0,"May 24, 1987",,Main position:Keeper,Carlos Servín,right,"1,86 m","Jan 1, 2016",0/0,Carlos María Servín Caballero,3581.0,Paraguay,,Asunción,,,Goalkeeper,"May 24, 1987 (28)",,,,,,,168106.0
Kay,,,,,28.0,Carlos Daniel Silveira da Graça,,,-,Cape Verde,CS U Craiova,40812.0,"Jan 5, 1988",,Main position:Centre Back Side position: Left-Back Defensive Midfield,Kay,,"1,84 m","Jul 1, 2014",6/0,,4311.0,Cape Verde,,"Nossa Senhora da Luz, São Vicente",JSMG,2760.0,Defence - Centre Back,"Jan 5, 1988 (28)",,,,,,,168125.0
Tiago Caeiro,,,,,32.0,Tiago David Janeiro Caiero,,,30.06.2018,Portugal,CF Belenenses Lissabon,2457.0,"Mar 29, 1984","Nov 23, 2015",Main position:Centre Forward,Tiago Caeiro,right,"1,92 m","Jul 1, 2012",,Tiago David Janeiro Caeiro,,Portugal,,Vila Franca de Xira,,,Striker - Centre Forward,"Mar 29, 1984 (32)",,,,,,,172137.0
João Meira,,,,,29.0,,,,31.12.2016,Portugal,Chicago Fire,432.0,"Apr 30, 1987",,Main position:Centre Back Side position: Right-Back,João Meira,right,"1,85 m","Jan 23, 2016",,João Diogo Serpa Meira,,Portugal,Puma,Lisboa,Dea football investment,3525.0,Defence - Centre Back,"Apr 30, 1987 (29)",,,,,,,172143.0
Hélder Costa,,,,,22.0,,buying option,-,30.06.2016,Angola,AS Monaco,162.0,"Jan 12, 1994",,Main position:Left Wing Side position: Attacking Midfield Right Wing,Hélder Costa,left,"1,82 m","Jul 10, 2015",1/0,Hélder Wander Sousa Azevedo Costa,53246.0,Portugal   Angola,,Luanda,Gestifute,413.0,Midfield - Left Wing,"Jan 12, 1994 (22)",,,SL Benfica B,10330.0,,,173900.0
Islam Slimani,,,,,27.0,,,,30.06.2020,Algeria,Sporting CP,336.0,"Jun 18, 1988","Aug 13, 2015",Main position:Centre Forward,Islam Slimani,right,"1,88 m","Aug 8, 2013",43/23,إسلام سليماني,3614.0,Algeria,,Algier,Soccertalents,3381.0,Striker - Centre Forward,"Jun 18, 1988 (27)",,,,,,,174915.0
Jean Michaël Seri,,,,,24.0,,,,30.06.2019,Cote d'Ivoire,OGC Nice,417.0,"Jul 19, 1991",,Main position:Central Midfield Side position: Defensive Midfield,Jean Michaël Seri,right,"1,65 m","Jul 1, 2015",6/1,,3591.0,Cote d'Ivoire,,Grand-Bereby,MNM Sports Management,3470.0,Midfield - Central Midfield,"Jul 19, 1991 (24)",,,,,,,178614.0
Jorge Rojas,,,,,23.0,,,-,30.06.2016,Paraguay,Club Cerro Porteño,1214.0,"Jan 7, 1993",,Main position:Right Wing Side position: Left Wing Centre Forward,Jorge Rojas,right,"1,68 m","Jan 8, 2016",14/1,Jorge Luis Rojas Meza,3581.0,Paraguay,,Concepción,EUROPE SPORTS GROUP,1635.0,Midfield - Right Wing,"Jan 7, 1993 (23)",,,SL Benfica,294.0,,,180189.0
Bruno Cortez,,,,,29.0,Bruno Cortez Barbosa,,30.06.2017,31.12.2016,Brazil,Albirex Niigata,8344.0,"Mar 11, 1987",,Main position:Left-Back Side position: Left Midfield,Bruno Cortez,left,"1,79 m","Jan 20, 2015",1/0,,3439.0,Brazil,,Rio de Janeiro,Eduardo Uram,780.0,Defence - Left-Back,"Mar 11, 1987 (29)",,,São Paulo Futebol Clube,585.0,,,182216.0
Carlos Mané,,,,,22.0,,,,30.06.2020,Portugal,Sporting CP,336.0,"Mar 11, 1994","Jul 29, 2015",Main position:Right Wing Side position: Left Wing Secondary Striker,Carlos Mané,right,"1,72 m","Jan 9, 2014",14/3,Carlos Manuel Cardoso Mané,16374.0,Portugal   Guinea-Bissau,,Lisboa,10 Sports,3331.0,Midfield - Right Wing,"Mar 11, 1994 (22)",https://www.facebook.com/carlos.mane.9,,,,,,182711.0
João Cancelo,,,,,21.0,,,,30.06.2021,Portugal,Valencia CF,1049.0,"May 27, 1994",,Main position:Right-Back Side position: Left-Back Right Wing,João Cancelo,right,"1,82 m","Jul 1, 2015",8/1,João Pedro Cavaco Cancelo,16374.0,Portugal,,Barreiro,Fairplay Sports Group,2112.0,Defence - Right-Back,"May 27, 1994 (21)",,https://www.instagram.com/jcancelo2/,,,,,182712.0
Filipe Ferreira,,,,,25.0,,,,30.06.2017,Portugal,CF Belenenses Lissabon,2457.0,"Sep 27, 1990",,Main position:Left-Back Side position: Left Midfield Left Wing,Filipe Ferreira,left,"1,78 m","Jul 1, 2012",2/0,Filipe Miguel Neves Ferreira,16374.0,Portugal,,Lissabon,MK Sport Consulting,2874.0,Defence - Left-Back,"Sep 27, 1990 (25)",,,,,,,182936.0
Yacine Si Salem,,,,,28.0,,,,-,Algeria,Rodez Aveyron Football,11273.0,"Jan 10, 1988",,Main position:Right Wing,Yacine Si Salem,,"1,80 m","Aug 17, 2015",1/0,ياسين سي سالم,9323.0,France   Algeria,,Souk El Thenine,No agent,96.0,Striker - Right Wing,"Jan 10, 1988 (28)",,,,,,,183204.0
Weldinho,,,,,25.0,Welder da Silva Marçal,,31.12.2016,10.12.2016,Brazil,Grêmio Esportivo Brasil RS,10560.0,"Jan 16, 1991",,Main position:Right-Back Side position: Left-Back,Weldinho,right,"1,81 m","Feb 13, 2016",,,,Brazil,,Franca,,,Defence - Right-Back,"Jan 16, 1991 (25)",,,Sociedade Esportiva Palmeiras,1023.0,,,183968.0
Victor Lindelöf,,,,,21.0,,,,30.06.2020,Sweden,SL Benfica,294.0,"Jul 17, 1994",,Main position:Centre Back Side position: Defensive Midfield Right-Back,Victor LindelÃ¶f,right,"1,87 m","Jul 1, 2015",2/0,Victor Nilsson-LindelÃ¶f,3557.0,Sweden,,VÃ¤sterÃ¥s,,,Defence - Centre Back,"Jul 17, 1994 (21)",,,,,,,184573.0
Chidi Osuchukwu,,,,,22.0,,,,30.06.2017,Nigeria,SC Braga B,10789.0,"Oct 11, 1993",,Main position:Central Midfield Side position: Attacking Midfield Left Wing,Chidi Osuchukwu,left,"1,78 m","Jul 1, 2013",18/2,,22981.0,Nigeria,,Benin City,just football,1423.0,Midfield - Central Midfield,"Oct 11, 1993 (22)",,,,,,,184953.0
Nick,,,,,23.0,Nikolas Silva,,,-,Brazil,UD Oliveirense,8827.0,"Mar 4, 1993",,Main position:Centre Back Side position: Left-Back,Nick,left,"1,87 m","Jul 1, 2015",,Nikolas Mariano da Silva,,Brazil,,São Paulo,,,Defence - Centre Back,"Mar 4, 1993 (23)",,,,,,,185147.0
Saleh Gomaa,,,,,22.0,,,,30.06.2020,Egypt,El Ahly Cairo,7.0,"Aug 1, 1993",,Main position:Central Midfield Side position: Attacking Midfield,Saleh Gomaa,right,"1,75 m","Jul 22, 2015",11/0,صالح جمعة,3672.0,Egypt,,"El Arish, Sinai",SPOCS,728.0,Midfield - Central Midfield,"Aug 1, 1993 (22)",,,,,,,185237.0
Rodrigo Lindoso,,,,,26.0,,,,31.12.2017,Brazil,Botafogo Rio de Janeiro,537.0,"Jun 6, 1989",,Main position:Defensive Midfield Side position: Central Midfield,Rodrigo Lindoso,right,"1,82 m","Dec 4, 2015",,Rodrigo Oliveira Lindoso,,Brazil,,São Luís,EUROPE SPORTS GROUP,1635.0,Midfield - Defensive Midfield,"Jun 6, 1989 (26)",,,,,,,186922.0
Derley,,,,,28.0,Vanderley Marinho,buying option,30.06.2018,30.06.2016,Brazil,Kayserispor,3205.0,"Dec 29, 1987",,Main position:Centre Forward,Derley,right,"1,85 m","Jul 17, 2015",,Vanderley Dias Marinho,,Brazil,,São Luís,PRO Profil GmbH,12.0,Striker - Centre Forward,"Dec 29, 1987 (28)",,,SL Benfica,294.0,,,189516.0
Fernando Ferreira,,,,,29.0,,,,30.06.2016,Portugal,CS Marítimo,1301.0,"Nov 20, 1986",,Main position:Central Midfield Side position: Defensive Midfield,Fernando Ferreira,right,"1,83 m","Aug 2, 2014",,Fernando José Almeida Sequeira Ferreira,,Portugal,,Viseu,,,Midfield - Central Midfield,"Nov 20, 1986 (29)",,,,,,,190553.0
Amar Zildzovic,,,,,25.0,,,,-,Jugoslawien (SFR),AD Camacha,5753.0,"Jun 29, 1990",,Main position:Attacking Midfield Side position: Right Wing Right Midfield,Amar Zildzovic,right,"1,72 m","Jul 7, 2015",,,,Serbia,,Belgrad,,,Midfield - Attacking Midfield,"Jun 29, 1990 (25)",,,,,,,191192.0
Nuno Sequeira,,,,,25.0,,,,30.06.2017,Portugal,CD Nacional,982.0,"Aug 19, 1990",,Main position:Left-Back,Nuno Sequeira,left,"1,84 m","Jul 1, 2013",,Nuno Miguel Ribeiro Cruz Jerónimo Sequeira,,Portugal,,Porto,FOOT EXPANDE,1773.0,Defence - Left-Back,"Aug 19, 1990 (25)",,,,,,,193303.0
Luís Silva,,,,,23.0,Luís Silva,,,30.06.2016,Portugal,GD Chaves,3325.0,"Sep 29, 1992",,Main position:Central Midfield Side position: Defensive Midfield Attacking Midfield,Luís Silva,left,"1,85 m","Jul 22, 2015",,Luís Manuel Costa Silva,,Portugal,,Matosinhos,Footinvest Management SA,3403.0,Midfield - Central Midfield,"Sep 29, 1992 (23)",,,,,,,193319.0
Gladestony,,,,,22.0,Gladestony da Silva,,30.06.2017,30.06.2016,Brazil,FC Cartagena,7077.0,"Aug 5, 1993",,Main position:Central Midfield Side position: Defensive Midfield,Gladestony,right,"1,83 m","Feb 2, 2016",,Gladestony Estevão Paulino da Silva,,Brazil   Italy,,Bebedouro (SP),EUROPE SPORTS GROUP,1635.0,Midfield - Central Midfield,"Aug 5, 1993 (22)",,,GD EstorilPraia,1465.0,,,194019.0
Minhoca,,,,https://www.eurofootbv.com,28.0,Nélson Alexandre Farpelha Estrela,,,30.06.2017,Portugal,FC Paços de Ferreira,2995.0,"Apr 29, 1988",,Main position:Attacking Midfield Side position: Right Wing Left Wing,Minhoca,both,"1,75 m","Jan 20, 2014",,Nélson Alexandre Farpelha Estrela,,Portugal,,Ponta Delgada,EUROFOOT BV,2651.0,Midfield - Attacking Midfield,"Apr 29, 1988 (28)",,,,,,,194177.0
Vítor Gonçalves,,,,,24.0,Vítor Bruno Rodrigues Gonçalves,,,-,Portugal,Gil Vicente FC,2424.0,"Mar 29, 1992",,Main position:Attacking Midfield Side position: Right Wing Central Midfield,Vítor Gonçalves,right,"1,74 m","Jul 1, 2013",1/0,Vítor Bruno Rodrigues Gonçalves,16374.0,Portugal,,São Bartolomeu de Messines,,,Midfield - Attacking Midfield,"Mar 29, 1992 (24)",https://www.facebook.com/pages/V%C3%ADto,,,,,,194547.0
Simmy,,,,,24.0,Simeon Tochukwu Nwankwo,,,-,Nigeria,Gil Vicente FC,2424.0,"May 7, 1992",,Main position:Centre Forward,Simmy,right,"1,95 m","Jul 1, 2013",,,,Nigeria,,Lagos,Smart Sports Management,2757.0,Striker - Centre Forward,"May 7, 1992 (24)",,,,,,,194549.0
Fábio Sturgeon,,,,,22.0,,,,30.06.2018,Portugal,CF Belenenses Lissabon,2457.0,"Feb 4, 1994",,Main position:Right Wing Side position: Secondary Striker Attacking Midfield,Fábio Sturgeon,both,"1,83 m","Jul 1, 2013",1/0,Fábio Miguel Santos Sturgeon,16374.0,Portugal,,Almada,Proeleven Gestão Desportiva Lda,847.0,Striker - Right Wing,"Feb 4, 1994 (22)",,,,,,,194641.0
Víctor García,FC Porto (#42),720.0,,,21.0,,,,30.06.2020,Venezuela,FC Porto B,10331.0,"Jun 11, 1994","Dec 18, 2015",Main position:Right-Back Side position: Right Wing Right Midfield,Víctor García,right,"1,75 m","Jan 1, 2014",1/0,Víctor Hugo García Fernández,3504.0,Venezuela,,Cúa,Go Pro Sport Management,3654.0,Defence - Right-Back,"Jun 11, 1994 (21)",,,,,,,195762.0
Rúben Semedo,,,,,22.0,,,,30.06.2022,Portugal,Sporting CP,336.0,"Apr 4, 1994","Mar 9, 2016",Main position:Centre Back Side position: Defensive Midfield,Rúben Semedo,right,"1,89 m","Jul 1, 2015",1/1,Rúben Afonso Borges Semedo,16374.0,Portugal   Cape Verde,,Amadora,"Golden Goal Worldwide Promotions & Marketing, LLC. (GGWP&M)",1854.0,Defence - Centre Back,"Apr 4, 1994 (22)",,,,,,,197602.0
Ruben Alfaiate,,,,,20.0,,,,-,Portugal,SC Penalva do Castelo,8282.0,"Aug 17, 1995",,Main position:Keeper,Ruben Alfaiate,right,"1,81 m","Aug 1, 2015",1/0,Ruben Correia Alfaiate,16371.0,Portugal,,Peniche,,,Goalkeeper,"Aug 17, 1995 (20)",,,,,,,197868.0
Tozé,,,,,23.0,António Carvalho,,,30.06.2019,Portugal,Vitória Guimarães SC,2420.0,"Jan 14, 1993",,Main position:Attacking Midfield Side position: Central Midfield,Tozé,right,"1,65 m","Jul 16, 2015",12/0,António José Pinheiro de Carvalho,16374.0,Portugal,,Forjães,Relatives,1207.0,Midfield - Attacking Midfield,"Jan 14, 1993 (23)",,,,,,,203654.0
Alex Soares,,,,,25.0,,,,30.06.2017,Portugal,CS Marítimo,1301.0,"Mar 1, 1991","May 13, 2014",Main position:Central Midfield Side position: Attacking Midfield Defensive Midfield,Alex Soares,right,"1,79 m","Jul 1, 2013",,Alexandre Miguel Barros Soares,,Portugal,,Lisboa,Proeleven Gestão Desportiva Lda,847.0,Midfield - Central Midfield,"Mar 1, 1991 (25)",,,,,,,207571.0
Avto,,,,,24.0,Avtandil Ebralidze,,,30.06.2017,Georgia,Gil Vicente FC,2424.0,"Oct 3, 1991",,Main position:Left Wing Side position: Left Midfield Right Wing,Avto,left,"1,78 m","Sep 2, 2013",3/0,ავთანდილ ებრალიძე,3669.0,Georgia,,Tiflis,Monte Areo Sports,1958.0,Striker - Left Wing,"Oct 3, 1991 (24)",,,,,,,209012.0
Pedró,,,,,28.0,José Ferreira,,,30.06.2017,Portugal,Desportivo Aves,3336.0,"Sep 1, 1987","May 17, 2016",Main position:Central Midfield Side position: Attacking Midfield,Pedró,right,"1,80 m","Jul 20, 2015",,José Pedro Azevedo Ferreira,,Portugal,,Braga,,,Midfield - Central Midfield,"Sep 1, 1987 (28)",,,,,,,210057.0
Rafael Oliveira,,,,,28.0,,,,18.07.2018,Brazil,Associação Atlética Santa Rita (AL),20831.0,"Jul 6, 1987",,Main position:Centre Forward,Rafael Oliveira,right,"1,87 m","Jul 18, 2013",,Rafael Oliveira Nascimento,,Brazil,,Ananindeua,EUROPE SPORTS GROUP,1635.0,Striker - Centre Forward,"Jul 6, 1987 (28)",,,,,,,210120.0
Joel Silva,,,,,25.0,Pedro Joel Pereira Silva,,,-,Portugal,Unattached,515.0,"Oct 24, 1990",,Main position:Left Wing Side position: Secondary Striker,Joel Silva,,"1,80 m","May 18, 2016",,,,Portugal,,Barcelos,,,Striker - Left Wing,"Oct 24, 1990 (25)",,,,,,,211083.0
João Afonso,,,,,25.0,,,,30.06.2019,Portugal,Vitória Guimarães SC,2420.0,"May 28, 1990","Feb 12, 2015",Main position:Centre Back,João Afonso,right,"1,88 m","Jul 1, 2014",,João Ricardo Silva Afonso,,Portugal,,Castelo Branco,NCfoot,3081.0,Defence - Centre Back,"May 28, 1990 (25)",https://www.facebook.com/JoaoAfonsoDC,,,,,,211107.0
Tin Karamatic,,,,,23.0,,,,01.06.2016,Croatia,NK Zavrc,23253.0,"Mar 1, 1993",,Main position:Centre Back,Tin Karamatic,right,"1,90 m","Jan 31, 2016",,Tin Karamatić,,Croatia,,Zagreb,,,Defence - Centre Back,"Mar 1, 1993 (23)",,,,,,,213048.0
Jean Pablo,,,,,27.0,Jean Pablo Mazaro,,,09.05.2016,Brazil,Guarani Esporte Clube (MG),22331.0,"Aug 26, 1988",,Main position:Centre Back,Jean Pablo,right,"1,95 m","Jan 18, 2016",,,,Brazil,,Descalvado,,,Defence - Centre Back,"Aug 26, 1988 (27)",,,,,,,215817.0
Reginaldo,,,,,25.0,Reginaldo Artur Faife,,,-,Mozambique,CD Santa Clara,2423.0,"Jun 4, 1990",,Main position:Attacking Midfield Side position: Left Wing Secondary Striker,Reginaldo,right,"1,72 m","Aug 21, 2015",6/1,,5129.0,Mozambique,,Quelimane,,,Midfield - Attacking Midfield,"Jun 4, 1990 (25)",,,,,,,221799.0
Wilder Cartagena,,,,,21.0,,,,31.12.2018,Peru,Universidad San Martín de Porres,11622.0,"Sep 23, 1994",,Main position:Defensive Midfield,Wilder Cartagena,right,"1,79 m","Jan 1, 2015",8/0,Wilder José Cartagena Mendoza,29174.0,Peru,,Lima,FFOSA,3105.0,Midfield - Defensive Midfield,"Sep 23, 1994 (21)",,,,,,,224669.0
Fernando Neto,,,,,23.0,,,31.12.2018,31.12.2016,Brazil,Vila Nova Futebol Clube (GO),5677.0,"Jan 27, 1993",,Main position:Left Midfield Side position: Attacking Midfield Left Wing,Fernando Neto,left,"1,79 m","Jan 28, 2016",,Fernando José da Cunha Neto,,Brazil,,São Domingos,,,Midfield - Left Midfield,"Jan 27, 1993 (23)",,,Fluminense Football Club,2462.0,,,225477.0
Fabinho,,,,,22.0,Fabio Henrique Tavares,,,30.06.2019,Brazil,AS Monaco,162.0,"Oct 23, 1993",,Main position:Right-Back Side position: Defensive Midfield,Fabinho,right,"1,88 m","Jul 1, 2015",3/0,,3439.0,Brazil,,Campinas,KICK & RUN SPORTS,1865.0,Defence - Right-Back,"Oct 23, 1993 (22)",,,,,,,225693.0
Leandro Borges,,,,,24.0,,,,30.06.2016,Portugal,SC Olhanense,4750.0,"Apr 29, 1992",,Main position:Left Wing Side position: Right Wing Left Midfield,Leandro Borges,left,"1,78 m","Jul 1, 2015",,Leandro Miguel Pereira Borges,,Portugal,,Sintra,Pedro Restani Romão,373.0,Striker - Left Wing,"Apr 29, 1992 (24)",,,,,,,227685.0
Marcos Acosta,,,,,24.0,,,,-,Paraguay,Club Rubio Ñú (Asunción),23170.0,"Dec 7, 1991",,Main position:Left-Back Side position: Left Midfield,Marcos Acosta,left,"1,83 m","Jan 3, 2016",,Marcos Antonio Acosta Rojas,,Paraguay,,San Estanislao,,,Defence - Left-Back,"Dec 7, 1991 (24)",,,,,,,234577.0
Lucas João,,,,,22.0,,,,30.06.2019,Angola,Sheffield Wednesday,1035.0,"Sep 4, 1993",,Main position:Centre Forward,Lucas João,right,"1,93 m","Jul 31, 2015",1/0,Lucas Eduardo Santos João,53246.0,Portugal   Angola,,Luanda,Doyen Sports,3699.0,Striker - Centre Forward,"Sep 4, 1993 (22)",,,,,,,234787.0
Káká,,,,,23.0,Carlos Batista,,,30.06.2016,Portugal,UD Oliveirense,8827.0,"Oct 6, 1992",,Main position:Left-Back,Káká,left,"1,72 m","Aug 10, 2015",1/0,Carlos Eduardo Ferreira Batista,16374.0,Portugal,,Guimarães,MNM Sports Management,3470.0,Defence - Left-Back,"Oct 6, 1992 (23)",,,,,,,235610.0
Piqueti,,,,,23.0,Piqueti Silva,,,30.06.2019,Guinea-Bissau,SC Braga B,10789.0,"Feb 12, 1993",,Main position:Right Wing Side position: Left Wing,Piqueti,left,"1,73 m","Jul 1, 2012",3/0,Piqueti Djassi Brito Silva,3701.0,Guinea-Bissau   Portugal,,Bissau,,,Midfield - Right Wing,"Feb 12, 1993 (23)",,,,,,,236950.0
Tomás Dabó,,,,,22.0,,,,30.06.2017,Guinea-Bissau,FC Arouca,8024.0,"Oct 20, 1993",,Main position:Right-Back Side position: Left-Back,Tomás Dabó,right,"1,73 m","Jul 1, 2014",0/0,Tomás Soares Dabó,3701.0,Guinea-Bissau   Portugal,,Bissau,,,Defence - Right-Back,"Oct 20, 1993 (22)",,,,,,,236960.0
Mamadou Diawara,,,,,26.0,,,,-,France,Recreativo do Libolo,26740.0,"Jul 26, 1989",,,Mamadou Diawara,,"1,92 m","Jan 27, 2014",,,,France   Guine,,Clairemonferrant,Essentially France Limited,2755.0,Striker,"Jul 26, 1989 (26)",,,,,,,236964.0
André Ferreira,,,,,25.0,,,,30.06.2016,Portugal,Portimonense SC,7378.0,"Jun 15, 1990",,Main position:Right Wing,André Ferreira,right,"1,82 m","Jul 1, 2015",,André Francisco Bruno Ferreira,,Portugal,,Santarém,DCI Sport,2309.0,Striker - Right Wing,"Jun 15, 1990 (25)",,,,,,,237665.0
Rafa Silva,,,,,23.0,Rafael Silva,,,30.06.2019,Portugal,SC Braga,1075.0,"May 17, 1993","Jun 30, 2014",Main position:Left Wing Side position: Right Wing Attacking Midfield,Rafa Silva,right,"1,70 m","Jul 8, 2013",5/0,Rafael Alexandre Fernandes Ferreira Silva,3300.0,Portugal,,Vila Franca de Xira,Onsoccer,661.0,Midfield - Left Wing,"May 17, 1993 (23)",,,,,,,238055.0
Luiz Phellype,,,,,22.0,Luiz Silva,,-,-,Brazil,Recreativo do Libolo,26740.0,"Sep 27, 1993",,Main position:Centre Forward,Luiz Phellype,right,"1,88 m","Jan 8, 2016",,Luiz Phellype Luciano Silva,,Brazil,,Sao Goncalo do Sapucai (MG),,,Striker - Centre Forward,"Sep 27, 1993 (22)",,,GD EstorilPraia,1465.0,,,240578.0
Hebert,,,,,24.0,Hebert Silva Santos,one further year,,30.06.2017,Brazil,Piast Gliwice,6112.0,"May 23, 1991","Dec 9, 2015",Main position:Centre Back,Hebert,left,"1,91 m","Aug 28, 2014",,,,Brazil,,Barra Mansa (RJ),MNM Sports Management,3470.0,Defence - Centre Back,"May 23, 1991 (24)",,,,,,,240912.0
Bernardo Silva,,,,,21.0,,,,30.06.2020,Portugal,AS Monaco,162.0,"Aug 10, 1994","Aug 10, 2015",Main position:Right Wing Side position: Attacking Midfield Left Wing,Bernardo Silva,left,"1,73 m","Jan 20, 2015",7/0,Bernardo Mota Veiga de Carvalho e Silva,3300.0,Portugal,adidas,Lisboa,Gestifute,413.0,Midfield - Right Wing,"Aug 10, 1994 (21)",,,,,,,241641.0
Deyverson,,,"X 15.1 White Synthetik since Apr 1, 2016",,25.0,Deyverson Brum Silva Acosta,one further year,,30.06.2019,Brazil,Levante UD,3368.0,"May 8, 1991",,Main position:Centre Forward,Deyverson,left,"1,87 m","Jul 26, 2015",,,,Brazil,adidas,Santa Margarida,athletes first,2444.0,Striker - Centre Forward,"May 8, 1991 (25)",,,,,,,243541.0
Marcelo Goiano,,,,,28.0,Marcelo Augusto Ferreira Teixeira,,,30.06.2018,Brazil,SC Braga,1075.0,"Oct 13, 1987",,Main position:Left-Back Side position: Right-Back,Marcelo Goiano,right,"1,76 m","Jul 4, 2014",,,,Brazil,,Goiânia,,,Defence - Left-Back,"Oct 13, 1987 (28)",,,,,,,248903.0
José Sá,FC Porto B (#24),10331.0,,,23.0,,,,30.06.2020,Portugal,FC Porto,720.0,"Jan 17, 1993",,Main position:Keeper,José Sá,right,"1,92 m","Jan 25, 2016",1/0,José Pedro Malheiro de Sá,53246.0,Portugal,,Braga,Gestifute,413.0,Goalkeeper,"Jan 17, 1993 (23)",https://www.facebook.com/JoseSa.Portugal/,https://www.instagram.com/josesa93/,,,,,249994.0
Femi Balogun,,,,,23.0,Femi Emmanuel Balogun,,,-,Nigeria,SC Farense,4294.0,"Dec 27, 1992",,Main position:Left Wing Side position: Left Midfield,Femi Balogun,left,"1,76 m","Jan 18, 2016",,,,Nigeria,,Kaduna,MNM Sports Management,3470.0,Midfield - Left Wing,"Dec 27, 1992 (23)",,,,,,,250682.0
Alphonse,,,,,22.0,Kódjo Kassé Alphonse,,,30.06.2017,Cote d'Ivoire,Gil Vicente FC,2424.0,"May 28, 1993",,Main position:Central Midfield Side position: Defensive Midfield,Alphonse,both,"1,80 m","Jan 31, 2014",,,,Cote d'Ivoire   Portugal,,Abidjan,SIKAROT&GESFUT.SARL,3262.0,Midfield - Central Midfield,"May 28, 1993 (22)",,,,,,,257135.0
Wallyson Mallmann,,,,,22.0,,buying option,30.06.2021,30.06.2016,Brazil,OGC Nice,417.0,"Feb 16, 1994",,Main position:Central Midfield Side position: Attacking Midfield Defensive Midfield,Wallyson Mallmann,left,"1,83 m","Aug 12, 2015",,Wallyson Teixeira Mallmann,,Brazil,,Mato Grosso do Sul,,,Midfield - Central Midfield,"Feb 16, 1994 (22)",,,Sporting CP,336.0,,,257459.0
Rúben Vezo,,,,,22.0,,,,30.06.2018,Portugal,Valencia CF,1049.0,"Apr 25, 1994",,Main position:Centre Back Side position: Right-Back,Rúben Vezo,right,"1,84 m","Jan 1, 2014",5/2,Rúben Miguel Nunes Vezo,16374.0,Portugal   Cape Verde,,Setúbal,,,Defence - Centre Back,"Apr 25, 1994 (22)",,https://www.instagram.com/rubenvezo3/,,,https://twitter.com/vezoruben,,257851.0
Ricardo Gomes,,,,,24.0,Ricardo Gomes,,30.06.2017,30.06.2016,Cape Verde,CD Nacional,982.0,"Dec 18, 1991",,Main position:Left Wing Side position: Secondary Striker Centre Forward,Ricardo Gomes,both,"1,88 m","Jan 18, 2016",1/0,Ricardo Jorge Pires Gomes,4311.0,Cape Verde   Portugal,,Praia,,,Striker - Left Wing,"Dec 18, 1991 (24)",,,Vitória Guimarães SC,2420.0,,,258835.0
Oumar Diakhite,,,,,22.0,,,30.06.2016,30.06.2016,Senegal,GD EstorilPraia,1465.0,"Dec 9, 1993",,Main position:Centre Back,Oumar Diakhite,right,"1,90 m","Jul 1, 2015",,,,Senegal,,Kédougou,,,Defence - Centre Back,"Dec 9, 1993 (22)",,,SC Olhanense,4750.0,,,265136.0
João Camacho,,,,,21.0,,,-,30.06.2016,Portugal,SD Compostela,2855.0,"Jun 23, 1994",,Main position:Left Midfield Side position: Right Midfield,João Camacho,right,"1,74 m","Jan 29, 2016",,João Pedro Gomes Camacho,,Portugal,,Funchal,,,Midfield - Left Midfield,"Jun 23, 1994 (21)",,,CD Nacional,982.0,,,268732.0
César Martins,,,,,23.0,,,30.06.2019,30.06.2016,Brazil,Clube de Regatas do Flamengo,614.0,"Dec 28, 1992",,Main position:Centre Back Side position: Right-Back,César Martins,right,"1,90 m","Jul 17, 2015",,César Henrique Martins,,Brazil,,Mairinque,Bucket Group Consultoria Ltda,3720.0,Defence - Centre Back,"Dec 28, 1992 (23)",,,SL Benfica,294.0,,,269467.0
Francis Koné,,,,,25.0,,,,-,Cote d'Ivoire,1.FC Slovácko,5544.0,"Nov 22, 1990",,Main position:Centre Forward,Francis Koné,right,"1,89 m","Jul 1, 2015",2/0,,3815.0,Togo   Cote d'Ivoire,,Abidjan,,,Striker - Centre Forward,"Nov 22, 1990 (25)",,,,,,,273812.0
Paulo Freitas,,,,,21.0,,,,30.06.2016,Portugal,Mondinense FC,25914.0,"Aug 26, 1994",,Main position:Keeper,Paulo Freitas,right,"1,81 m","Jul 1, 2015",,Paulo Filipe da Silva Freitas,,Portugal,,PaÃ§os de Ferreira,,,Goalkeeper,"Aug 26, 1994 (21)",,,,,,,279935.0
Sandro Lima,,,,,25.0,,,31.12.2017,30.06.2016,Brazil,GD Chaves,3325.0,"Oct 28, 1990",,Main position:Centre Forward,Sandro Lima,right,"1,86 m","Jul 1, 2015",,Sandro César Cordovil de Lima,,Brazil,,Belém,,,Striker - Centre Forward,"Oct 28, 1990 (25)",,,Grêmio Esportivo Anápolis (GO),25243.0,,,284739.0
Fernando Russi,,,,,27.0,,,,-,Brazil,Unattached,515.0,"Apr 21, 1989",,Main position:Centre Forward Side position: Left Wing,Fernando Russi,left,"1,84 m","Jul 1, 2014",,Fernando Russi dos Reis,,Brazil,,Campinas,,,Striker - Centre Forward,"Apr 21, 1989 (27)",,,,,,,284744.0
Tiago Silva,,,,,24.0,,,,-,Portugal,FC Tirsense,2459.0,"Jan 21, 1992",,Main position:Left Wing,Tiago Silva,left,"1,77 m","Jan 8, 2015",,Tiago da Cunha Costa e Silva,,Portugal,,Vila do Conde,,,Striker - Left Wing,"Jan 21, 1992 (24)",,,,,,,284746.0
Adilson Júnior,,,,,27.0,,,,-,Brazil,Unattached,515.0,"Jul 30, 1988",,Main position:Keeper,Adilson Júnior,right,"1,89 m","Apr 22, 2016",,Adilson Tinoco Rezende Júnior,,Brazil,,Brasília,,,Goalkeeper,"Jul 30, 1988 (27)",,,,,,,286837.0
Núrio,,,,,21.0,Núrio Fortuna,,,30.06.2019,Angola,SC Braga B,10789.0,"Mar 24, 1995",,Main position:Left-Back,Núrio,left,"1,77 m","Jul 1, 2013",0/0,Núrio Domingos Matias Fortuna,16374.0,Portugal   Angola,,Luanda,,,Defence - Left-Back,"Mar 24, 1995 (21)",https://www.facebook.com/nurio.fortune,,,,,,290261.0
Erivaldo,,,,,22.0,Erivaldo Jorge Paulo Ferreira,,30.06.2016,30.06.2016,Portugal,Recreativo do Libolo,26740.0,"Feb 8, 1994",,Main position:Right Wing Side position: Centre Forward,Erivaldo,right,"1,78 m","Jan 1, 2016",,,,Portugal   Angola,,Aveiro,MNM Sports Management,3470.0,Striker - Right Wing,"Feb 8, 1994 (22)",,,SC Braga B,10789.0,,,290269.0
Diego Gonçalves,,,,,21.0,,,,30.11.2016,Brazil,Associação Portuguesa de Desportos (SP),10247.0,"Jul 22, 1994","Jan 21, 2016",Main position:Attacking Midfield,Diego Gonçalves,right,"1,82 m","Jan 5, 2015",,,,Brazil,,Guarujá,,,Midfield - Attacking Midfield,"Jul 22, 1994 (21)",,,,,,,290750.0
Bruno Moura,,,,,23.0,,,,31.12.2018,Brazil,Angra dos Reis Esporte Clube (RJ),32079.0,"Jul 13, 1992","Jan 20, 2016",Main position:Right-Back,Bruno Moura,right,"1,83 m",-,,Bruno de Moura Fróes de Menezes,,Brazil,,Rio de Janeiro,,,Defence - Right-Back,"Jul 13, 1992 (23)",,,,,,,290780.0
Djavan,,,,,28.0,Djavan da Silva Ferreira,,,30.06.2018,Brazil,SC Braga,1075.0,"Dec 31, 1987",,Main position:Left-Back Side position: Centre Back,Djavan,left,"1,84 m","Aug 2, 2014",,,,Brazil,,Serrinha (BA),International Foot,3382.0,Defence - Left-Back,"Dec 31, 1987 (28)",,,,,,,291981.0
Jaílson Araújo,,,,,25.0,,,31.12.2017,30.06.2016,,FC Arouca,8024.0,"Feb 21, 1991",,Main position:Right-Back,Jaílson Araújo,right,"1,70 m","Jul 1, 2015",,Jaílson de Lima Araújo,,Brazil,,,,,Defence - Right-Back,"Feb 21, 1991 (25)",,,Grêmio Esportivo Anápolis (GO),25243.0,,,292203.0
PC,,,,,22.0,Victor Pagliari Giro,,,30.11.2016,Brazil,Fort Lauderdale Strikers,9713.0,"Mar 10, 1994",,Main position:Left-Back Side position: Left Midfield Left Wing,PC,left,"1,73 m","Jan 1, 2016",,,,Brazil,,São Paulo,,,Defence - Left-Back,"Mar 10, 1994 (22)",,,,,,,292221.0
Oto'o,,,,,21.0,Junior Randal Oto'o Zué,,-,30.06.2016,Gabon,CD Tondela,7179.0,"May 23, 1994",,Main position:Right-Back,Oto'o,right,"1,82 m","Jul 3, 2015",10/0,,5704.0,Gabon,,Libreville,Louis DENOLLE,3373.0,Defence - Right-Back,"May 23, 1994 (21)",,,SC Braga B,10789.0,,,293523.0
Murilo,,,,,21.0,Murilo Otávio Mendes,,,-,,SC Olhanense,4750.0,"Mar 8, 1995",,Main position:Centre Forward Side position: Left Wing Secondary Striker,Murilo,right,"1,79 m","Jul 1, 2014",,,,Brazil,,,,,Striker - Centre Forward,"Mar 8, 1995 (21)",,,,,,,293941.0
Nélson Monte,,,,,,,,,-,,Delete player,10194.0,,,Main position:Centre Back Side position: Right-Back,Nélson Monte,right,,-,,,,Portugal,,,,,Defence - Centre Back,,,,,,,,301830.0
Ricardo Vaz,,,,,21.0,,,,30.06.2020,Portugal,CF Reus Deportiu,13225.0,"Nov 26, 1994",,Main position:Right Wing Side position: Centre Forward,Ricardo Vaz,right,"1,72 m","Jan 27, 2015",,,,Portugal,,Alcabideche,,,Striker - Right Wing,"Nov 26, 1994 (21)",,,,,,,304214.0
Marlon,,,,,21.0,Marlon Costa,,30.06.2017,30.06.2016,Guinea-Bissau,SC Vila Real,7118.0,"Jan 25, 1995",,Main position:Defensive Midfield Side position: Centre Back,Marlon,right,"1,92 m","Feb 2, 2016",,Marlon Rezende Emídio Costa,,Guinea-Bissau   Portugal,,Bissau,,,Midfield - Defensive Midfield,"Jan 25, 1995 (21)",,,SC Farense,4294.0,,,306463.0
Rui Caniço,,,,,20.0,,,-,-,Portugal,GD Estoril-Praia U19,15605.0,"Oct 18, 1995",,Main position:Centre Forward,Rui Caniço,right,"1,74 m","Aug 1, 2012",,Rui Gonçalo Adão Manique Caniço,,Portugal,,Salvaterra de Magos,Proeleven Gestão Desportiva Lda,847.0,Striker - Centre Forward,"Oct 18, 1995 (20)",,,SL Benfica U19,8889.0,,,310468.0
Joao Manuel,,,,,21.0,,,,-,,Sertanense FC,19561.0,"May 28, 1994",,Main position:Keeper,Joao Manuel,right,"1,82 m","Dec 1, 2015",,João Leitão Gonçalves Manuel,,Portugal,,,,,Goalkeeper,"May 28, 1994 (21)",,,,,,,310482.0
Johane Nizeyimana,,,,,23.0,,,,-,Burundi,Unknown,75.0,"May 10, 1993",,Main position:Right Wing,Johane Nizeyimana,left,"1,79 m","Jul 1, 2014",,,,Burundi   Mozambique,,Burundi,,,Striker - Right Wing,"May 10, 1993 (23)",,,,,,,311397.0
Ernest,,,,,20.0,Ernest Ohemeng,,,30.06.2019,,Moreirense FC,979.0,"Jan 17, 1996",,Main position:Left Wing Side position: Right Wing,Ernest,right,"1,75 m","Jul 7, 2015",,,,Ghana,,,,,Striker - Left Wing,"Jan 17, 1996 (20)",,,,,,,321919.0
Silvério,,,,,20.0,Silvério Silva,,-,30.06.2016,Portugal,FC Famalicão,3329.0,"Dec 26, 1995",,Main position:Centre Back,Silvério,both,"1,86 m","Aug 7, 2015",,Silvério Júnio Gonçalves da Silva,,Portugal,,Caxinas,,,Defence - Centre Back,"Dec 26, 1995 (20)",,,Rio Ave FC,2425.0,,,321934.0
Barnes Osei,,,,,21.0,,,,30.06.2018,Ghana,FC PaÃ§os de Ferreira,2995.0,"Jan 8, 1995",,Main position:Right Wing Side position: Centre Forward Left Wing,Barnes Osei,,"1,79 m","Jul 1, 2013",0/0,,22978.0,Ghana,,Accra,,,Midfield - Right Wing,"Jan 8, 1995 (21)",,,,,,,324329.0
Isaac Cissé,,,,,22.0,,,,30.06.2016,,Vitória Guimarães SC B,15136.0,"Feb 3, 1994",,Main position:Centre Forward Side position: Right Wing,Isaac Cissé,right,"1,91 m","Jul 1, 2013",,,,Cote d'Ivoire,,,,,Striker - Centre Forward,"Feb 3, 1994 (22)",,,,,,,325175.0
