name,Contract option,Contract there until,Outfitter,Shoe model,facebook,instagram,on loan from,on loan from club id,twitter,website,Age,Complete name,Contract until,Country of birth,Current club,Current club id,Date of birth,Date of last contract extension,Detailed position,Display name,Foot,Height,In the team since,Intl caps/goals,Name in home country,National team id,Nationality,Place of birth,Player's agent,Player's agent id,Position,birthDate,id
Kevin Kuranyi,,,Nike,"Magista Opus FG - Radiant Reveal since Apr 1, 2016",,,,,,https://www.kevin-kuranyi.de,34.0,,30.06.2016,Brazil,TSG 1899 Hoffenheim,533.0,"Mar 2, 1982",,Main position:Centre Forward,Kevin Kuranyi,right,"1,90 m","Jul 24, 2015",52/19,Kevin Dennis Kurányi Rodríguez,3262.0,Germany   Panama,Rio de Janeiro,ROGON,1.0,Striker - Centre Forward,"Mar 2, 1982 (34)",1331.0
Ewerthon,,,,,,,,,,,34.0,Ewerthon Henrique de Souza,-,Brazil,End of career,123.0,"Jun 10, 1981",,Main position:Centre Forward Side position: Right Wing,Ewerthon,right,"1,72 m","May 1, 2014",8/0,,3439.0,Brazil   Spain,São Paulo,EUROPE SPORTS GROUP,1635.0,Striker - Centre Forward,"Jun 10, 1981 (34)",1396.0
Nelson Valdez,,,adidas,"X 15.1 White Synthetik since Apr 1, 2016",,,,,,https://www.nelsonhaedovaldez18.com,32.0,,-,Paraguay,Seattle Sounders FC,9636.0,"Nov 28, 1983",,Main position:Centre Forward Side position: Secondary Striker,Nelson Valdez,right,"1,79 m","Aug 7, 2015",74/13,Nelson Antonio Haedo Valdez,3581.0,Paraguay,Caaguazú,GES ELEVEN s.r.l.,2258.0,Striker - Centre Forward,"Nov 28, 1983 (32)",2050.0
Zvjezdan Misimovic,,,,,,,,,,https://www.misimovic.de,33.0,,31.12.2017,Germany,Beijing Renhe,17250.0,"Jun 5, 1982","Dec 25, 2015",Main position:Attacking Midfield Side position: Left Midfield Right Midfield,Zvjezdan Misimovic,both,"1,79 m","Jun 22, 2015",84/26,Zvjezdan Misimović,3446.0,Bosnia-Herzegovina   Germany,München,LIAN SPORTS,13.0,Midfield - Attacking Midfield,"Jun 5, 1982 (33)",2309.0
Samuel Eto'o,,,,,,,,,https://twitter.com/samueletoofils,https://www.samueletoo-officiel.com,35.0,,30.06.2018,Cameroon,Antalyaspor,589.0,"Mar 10, 1981",,Main position:Centre Forward Side position: Secondary Striker Right Wing,Samuel Eto'o,right,"1,80 m","Jul 1, 2015",118/56,Samuel Eto'o Fils,3434.0,Cameroon   Spain,Nkon,Smart Sports Management,2757.0,Striker - Centre Forward,"Mar 10, 1981 (35)",4257.0
Steeve Joseph-Reinette,,,,,,,,,,,32.0,,-,France,Unattached,515.0,"Dec 2, 1983",,Main position:Right-Back Side position: Left-Back Centre Back,Steeve Joseph-Reinette,right,"1,82 m","Jul 1, 2013",,,,France   Martinique,Paris,Etar Ltd. Sports Management Division,902.0,Defence - Right-Back,"Dec 2, 1983 (32)",5452.0
Obafemi Martins,,,Nike,,,https://www.instagram.com/obagoal/,,,https://twitter.com/obafemimartins,https://www.obafemimartins9.com//home,31.0,,30.12.2016,Nigeria,Shanghai Greenland Shenhua,3183.0,"Oct 28, 1984",,Main position:Centre Forward,Obafemi Martins,both,"1,72 m","Feb 18, 2016",42/18,Obafemi Akinwunmi Martins,3444.0,Nigeria   Italy,Lagos,Tekin Birinci,1607.0,Striker - Centre Forward,"Oct 28, 1984 (31)",5794.0
Martin Lejsal,,,,,,,,,,,33.0,,-,CSSR,End of career,123.0,"Sep 16, 1982",,Main position:Keeper,Martin Lejsal,,"1,96 m","Aug 1, 2011",2/0,,8771.0,Czech Republic,Kyjov,,,Goalkeeper,"Sep 16, 1982 (33)",6059.0
Roberto Carlos,,,,,,,,,,,43.0,Roberto Carlos da Silva Rocha,-,Brazil,End of career,123.0,"Apr 10, 1973",,Main position:Left-Back Side position: Defensive Midfield Left Midfield,Roberto Carlos,left,"1,68 m","Jan 31, 2016",125/11,,3439.0,Brazil   Spain,Garça,Joseph Lee,1221.0,Defence - Left-Back,"Apr 10, 1973 (43)",7518.0
Rodri,,,,,,,,,,,31.0,Sergio Rodríguez García,-,Spain,Unattached,515.0,"Aug 17, 1984",,Main position:Centre Back,Rodri,right,"1,85 m","Feb 10, 2016",2/0,,9567.0,Spain,Mataró,MagicPlayers,2975.0,Defence - Centre Back,"Aug 17, 1984 (31)",8163.0
Michal Papadopoulos,,,,,,,,,,,31.0,,30.06.2017,CSSR,Zaglebie Lubin,168.0,"Apr 14, 1985",,Main position:Centre Forward Side position: Right Wing,Michal Papadopoulos,right,"1,83 m","Jul 1, 2012",6/0,Μιχάλ Παπαδόπυλος,3445.0,Czech Republic   Greece,Ostrava,"SPORT INVEST International, a. s.",11.0,Striker - Centre Forward,"Apr 14, 1985 (31)",9329.0
Bruno Alves,,,Nike,,,,,,,,34.0,,30.06.2016,Portugal,Fenerbahce SK,36.0,"Nov 27, 1981",,Main position:Centre Back,Bruno Alves,right,"1,89 m","Jul 1, 2013",84/11,Bruno Eduardo Regufe Alves,3300.0,Portugal   Brazil,Póvoa de Varzim,Gestifute,413.0,Defence - Centre Back,"Nov 27, 1981 (34)",13121.0
,,,,,,,,,,,36,Márcio Nuno Ornelas Abreu,-,Portugal,End of career,123,"Apr 25, 1980",,Main position:Central Midfield Side position: Attacking Midfield Defensive Midfield,Márcio Abreu,left,"1,70 m","Aug 4, 2014",,Márcio Nuno Ornelas Abreu,,Portugal,Funchal,Nikola Jokisic,1892,Midfield - Central Midfield,"Apr 25, 1980 (36)",14118.0
João Carlos,one further year,,,,,,,,,,34.0,João Carlos Pinto Chaves,30.06.2017,Brazil,KSC Lokeren,498.0,"Jan 1, 1982",,Main position:Centre Back,João Carlos,both,"1,89 m","Jan 14, 2016",0/0,,3439.0,Brazil   Belgium,Realengo,TALENT TRANSFAIR,2367.0,Defence - Centre Back,"Jan 1, 1982 (34)",15018.0
Aleksey Katulskiy,,,,,,,,,,,38.0,,-,UDSSR,End of career,123.0,"Aug 16, 1977",,Main position:Centre Back Side position: Defensive Midfield,Aleksey Katulskiy,right,"1,80 m","Apr 1, 2012",,Катульский Алексей Владимирович,,Russia,St. Petersburg,,,Defence - Centre Back,"Aug 16, 1977 (38)",15656.0
Igor Lolo,both parties 1 year,,,,,,,,,,33.0,,30.06.2016,Cote d'Ivoire,KVC Westerlo,968.0,"Jul 22, 1982",,Main position:Right-Back Side position: Centre Back Left-Back,Igor Lolo,right,"1,79 m","Jan 14, 2016",22/0,Alexandre Igor Lolo,3591.0,Cote d'Ivoire,Abidjan,One Soccer Agency,3577.0,Defence - Right-Back,"Jul 22, 1982 (33)",15796.0
,,,,,,,,,,,29,,30.06.2018,Belgium,Standard Liège,3057,"Apr 13, 1987","Jun 13, 2015",Main position:Right Wing Side position: Left Wing,Jonathan Legear,right,"1,79 m","Feb 2, 2015",2/0,Jonathan Fernand Jean Legear,3382,Belgium,Liège,No agent,96,Midfield - Right Wing,"Apr 13, 1987 (29)",15843.0
Chavdar Yankov,,,,,,,,,,,32.0,,-,Bulgaria,Unattached,515.0,"Mar 29, 1984",,Main position:Central Midfield Side position: Attacking Midfield Defensive Midfield,Chavdar Yankov,right,"1,76 m","Feb 1, 2015",50/5,Чавдар Янков,3394.0,Bulgaria,Sofia,No agent,96.0,Midfield - Central Midfield,"Mar 29, 1984 (32)",16566.0
Óscar Ahumada,,,,,,,,,,,33.0,,-,Argentina,End of career,123.0,"Aug 31, 1982",,Main position:Defensive Midfield,Óscar Ahumada,right,"1,76 m","Dec 1, 2014",1/0,Óscar Adrián Ahumada,3437.0,Argentina   Italy,Zárate,Sivori & Asociados S.A.,1540.0,Midfield - Defensive Midfield,"Aug 31, 1982 (33)",16749.0
Isah Eliakwu,,,,,,,,,,,30.0,,-,Nigeria,Unattached,515.0,"Oct 25, 1985",,Main position:Right Wing Side position: Right Midfield,Isah Eliakwu,right,"1,72 m","Jan 1, 2012",,Isah Abdulahi Eliakwu,,Nigeria   Italy,Lokoja,,,Striker - Right Wing,"Oct 25, 1985 (30)",18245.0
Demy de Zeeuw,,,,,,,,,https://twitter.com/DemydeZeeuw,https://www.DemydeZeeuw.nl,32.0,,-,Netherlands,Unattached,515.0,"May 26, 1983",,Main position:Central Midfield Side position: Defensive Midfield Attacking Midfield,Demy de Zeeuw,right,"1,74 m","Jul 1, 2015",27/0,Demy Patrick René de Zeeuw,3379.0,Netherlands,Apeldoorn,Stefan Ristea,2549.0,Midfield - Central Midfield,"May 26, 1983 (32)",19087.0
Aleksandar Lukovic,,,,,,,,,,,33.0,,30.06.2017,Jugoslawien (SFR),Red Star Belgrade,159.0,"Oct 23, 1982",,Main position:Centre Back Side position: Left-Back,Aleksandar Lukovic,left,"1,85 m","Dec 29, 2014",28/0,Александар Луковић,3438.0,Serbia,Kraljevo,Star Management Signings Ltd.,2065.0,Defence - Centre Back,"Oct 23, 1982 (33)",19712.0
Aiden McGeady,,30.06.2018,,,,,Everton FC,29.0,,,30.0,,31.05.2016,Scotland,Sheffield Wednesday,1035.0,"Apr 4, 1986",,Main position:Right Wing Side position: Left Wing Attacking Midfield,Aiden McGeady,both,"1,80 m","Feb 1, 2016",81/5,Aiden John McGeady,3509.0,Ireland   Scotland,Denny,Sport-Line,1037.0,Midfield - Right Wing,"Apr 4, 1986 (30)",21333.0
Oskars Klava,,,,,,,,,,,32.0,,-,UDSSR,FK Liepaja,43162.0,"Aug 8, 1983",,Main position:Centre Back Side position: Right-Back Defensive Midfield,Oskars Klava,right,"1,88 m","Jul 1, 2015",66/1,Oskars Kļava,3555.0,Latvia,Liepaja,,,Defence - Centre Back,"Aug 8, 1983 (32)",22685.0
Dimitar Makriev,,,,,,,,,,,32.0,,30.06.2016,Bulgaria,Nea Salamina Famagusta,18945.0,"Jan 7, 1984",,Main position:Centre Forward,Dimitar Makriev,right,"1,91 m","Jul 12, 2015",8/1,Димитър Иванов Макриев,3394.0,Bulgaria,Gotse Delchev,Efros Sports,1905.0,Striker - Centre Forward,"Jan 7, 1984 (32)",22815.0
Moubarak Boussoufa,,30.06.2016,,,,,Lokomotiv Moscow,932.0,https://twitter.com/mbark_boussoufa,https://www.boussoufa.com,31.0,,30.06.2016,Netherlands,KAA Gent,157.0,"Aug 15, 1984",,Main position:Attacking Midfield Side position: Right Wing Left Wing,Moubarak Boussoufa,right,"1,67 m","Feb 2, 2016",36/6,مبارك بوصوفة,3575.0,Morocco   Netherlands,Amsterdam,Not clarified,946.0,Midfield - Attacking Midfield,"Aug 15, 1984 (31)",23996.0
Rui Miguel,,,,,,,,,,,32.0,Rui Miguel Melo Rodrigues,-,Portugal,FC Zimbru Chisinau,2714.0,"Nov 15, 1983",,Main position:Attacking Midfield,Rui Miguel,right,"1,71 m","Jul 6, 2015",,,,Portugal,Viseu,MNM Sports Management,3470.0,Midfield - Attacking Midfield,"Nov 15, 1983 (32)",24709.0
Ognjen Koroman,,,,,,,,,,,37.0,,-,Jugoslawien (SFR),End of career,123.0,"Sep 19, 1978",,Main position:Right Wing Side position: Attacking Midfield Central Midfield,Ognjen Koroman,right,"1,79 m","Jan 1, 2014",9/0,Огњен Короман,3438.0,Serbia   Bosnia-Herzegovina,Pale,Seven stars,1823.0,Midfield - Right Wing,"Sep 19, 1978 (37)",25002.0
Denis Vavilin,,,,,,,,,,,33.0,,-,UDSSR,Volga Nizhniy Novgorod,12438.0,"Jul 4, 1982",,Main position:Keeper,Denis Vavilin,right,"1,90 m","Jul 9, 2015",,Вавилин Денис Владимирович,,Russia,Samara,,,Goalkeeper,"Jul 4, 1982 (33)",25049.0
Andrey Lukanchenkov,,,,,,,,,,,30.0,,30.06.2016,UDSSR,Dinamo St. Petersburg,6407.0,"Feb 7, 1986",,Main position:Left-Back,Andrey Lukanchenkov,left,"1,82 m","Aug 25, 2015",9/0,Луканченков Андрей Семёнович,11945.0,Russia,"Velikie Luki, Pskov Region",,,Defence - Left-Back,"Feb 7, 1986 (30)",25076.0
Vitali Astakhov,,,,,,,,,,,37.0,,-,UDSSR,End of career,123.0,"Jan 9, 1979",,Main position:Keeper,Vitali Astakhov,right,"1,93 m","Jul 1, 2015",,Астахов Виталий Геннадьевич,,Russia,Samara,,,Goalkeeper,"Jan 9, 1979 (37)",25646.0
Evgeni Shipitsin,,,,,,,,,,,31.0,,30.06.2016,UDSSR,Mordovia Saransk,11126.0,"Jan 16, 1985",,Main position:Central Midfield Side position: Defensive Midfield Attacking Midfield,Evgeni Shipitsin,right,"1,79 m","Jul 6, 2015",1/0,Шипицин Евгений Фёдорович,33397.0,Russia,Perm,,,Midfield - Central Midfield,"Jan 16, 1985 (31)",25916.0
Xavier,,,,,,,,,,,32.0,Herve Xavier Zengue,-,Cameroon,Unattached,515.0,"Jan 22, 1984",,Main position:Left-Back,Xavier,left,"1,75 m","Jul 1, 2012",7/0,,5872.0,Burkina Faso   Cameroon,Yaoundé,Not clarified,946.0,Defence - Left-Back,"Jan 22, 1984 (32)",26021.0
Alberto Zapater,,,,,,,,,,,30.0,,-,Spain,End of career,123.0,"Jun 13, 1985",,Main position:Central Midfield Side position: Defensive Midfield Right-Back,Alberto Zapater,right,"1,80 m","Aug 31, 2015",9/0,Alberto Zapater Arjol,9567.0,Spain,Ejea de los Caballeros,,,Midfield - Central Midfield,"Jun 13, 1985 (30)",26153.0
Stevica Ristic,,,,,,,,,,https://www.stevicaristic.com,33.0,,-,Jugoslawien (SFR),Jeonnam Dragons,6503.0,"May 23, 1982",,Main position:Centre Forward,Stevica Ristic,right,"1,88 m","Jan 6, 2014",18/1,Стевица Ристиќ,5148.0,Macedonia   Serbia,Vršac,HBR Sport,1374.0,Striker - Centre Forward,"May 23, 1982 (33)",26314.0
Yan Tigorev,,,,,,,,,,https://www.stevicaristic.com,33.0,,-,Jugoslawien (SFR),Jeonnam Dragons,6503.0,"May 23, 1982",,Main position:Centre Forward,Stevica Ristic,right,"1,88 m","Jan 6, 2014",18/1,Стевица Ристиќ,5148.0,Macedonia   Serbia,Vršac,HBR Sport,1374.0,Striker - Centre Forward,"May 23, 1982 (33)",26357.0
Hannes Sigurdsson,,,,,,,,,,,33.0,,-,Iceland,Egersunds IK,2692.0,"Apr 10, 1983",,Main position:Centre Forward,Hannes Sigurdsson,left,"1,90 m","Jan 1, 2016",13/1,Hannes Þorsteinn Sigurðsson,3574.0,Iceland,Reykjavík,Halldor Birgir Bergthorsson,1846.0,Striker - Centre Forward,"Apr 10, 1983 (33)",26426.0
Mihaita Plesan,,,,,,,,,,https://www.stevicaristic.com,33.0,,-,Jugoslawien (SFR),Jeonnam Dragons,6503.0,"May 23, 1982",,Main position:Centre Forward,Stevica Ristic,right,"1,88 m","Jan 6, 2014",18/1,Стевица Ристиќ,5148.0,Macedonia   Serbia,Vršac,HBR Sport,1374.0,Striker - Centre Forward,"May 23, 1982 (33)",26683.0
Senijad Ibricic,,,,,,,,,,https://www.stevicaristic.com,33.0,,-,Jugoslawien (SFR),Jeonnam Dragons,6503.0,"May 23, 1982",,Main position:Centre Forward,Stevica Ristic,right,"1,88 m","Jan 6, 2014",18/1,Стевица Ристиќ,5148.0,Macedonia   Serbia,Vršac,HBR Sport,1374.0,Striker - Centre Forward,"May 23, 1982 (33)",27861.0
Radomir Djalovic,,,,,,,,,,,33.0,,31.01.2017,Jugoslawien (SFR),Buducnost Podgorica,4391.0,"Oct 29, 1982",,Main position:Centre Forward Side position: Right Wing,Radomir Djalovic,right,"1,86 m","Jan 16, 2016",27/7,Радомир Ђаловић,11953.0,Montenegro,Bijelo Polje,MAGOS MANAGEMENT,1286.0,Striker - Centre Forward,"Oct 29, 1982 (33)",28954.0
Élson,,,,,,,,,,,34.0,Élson Falcão da Silva,-,Brazil,End of career,123.0,"Nov 16, 1981",,Main position:Attacking Midfield Side position: Left Wing Right Wing,Élson,right,"1,72 m","Nov 30, 2013",,,,Brazil,Conceição do Araguaia,PESM,799.0,Midfield - Attacking Midfield,"Nov 16, 1981 (34)",29248.0
Rodrigo Tiuí,,,,,,,,,,,30.0,Rodrigo Bonifácio da Rocha,-,Brazil,Fukushima United FC,28753.0,"Dec 4, 1985",,Main position:Centre Forward Side position: Secondary Striker Left Wing,Rodrigo Tiuí,left,"1,80 m","Jan 1, 2016",,,,Brazil,Taboão da Serra,MJF PUBLICIDADE,30.0,Striker - Centre Forward,"Dec 4, 1985 (30)",29249.0
Piotr Polczak,,,,,,,,,,https://www.stevicaristic.com,33.0,,-,Jugoslawien (SFR),Jeonnam Dragons,6503.0,"May 23, 1982",,Main position:Centre Forward,Stevica Ristic,right,"1,88 m","Jan 6, 2014",18/1,Стевица Ристиќ,5148.0,Macedonia   Serbia,Vršac,HBR Sport,1374.0,Striker - Centre Forward,"May 23, 1982 (33)",29745.0
Raïs M'Bolhi,,,,,,,,,,https://www.stevicaristic.com,33.0,,-,Jugoslawien (SFR),Jeonnam Dragons,6503.0,"May 23, 1982",,Main position:Centre Forward,Stevica Ristic,right,"1,88 m","Jan 6, 2014",18/1,Стевица Ристиќ,5148.0,Macedonia   Serbia,Vršac,HBR Sport,1374.0,Striker - Centre Forward,"May 23, 1982 (33)",33465.0
Marko Lomic,,,,,,,,,,https://www.stevicaristic.com,33.0,,-,Jugoslawien (SFR),Jeonnam Dragons,6503.0,"May 23, 1982",,Main position:Centre Forward,Stevica Ristic,right,"1,88 m","Jan 6, 2014",18/1,Стевица Ристиќ,5148.0,Macedonia   Serbia,Vršac,HBR Sport,1374.0,Striker - Centre Forward,"May 23, 1982 (33)",34396.0
Volodymyr Priyomov,,,,,,,,,,https://www.stevicaristic.com,33.0,,-,Jugoslawien (SFR),Jeonnam Dragons,6503.0,"May 23, 1982",,Main position:Centre Forward,Stevica Ristic,right,"1,88 m","Jan 6, 2014",18/1,Стевица Ристиќ,5148.0,Macedonia   Serbia,Vršac,HBR Sport,1374.0,Striker - Centre Forward,"May 23, 1982 (33)",34773.0
Balázs Dzsudzsák,,,,,,,,,,https://www.dzsudzsak.hu,29.0,,30.06.2019,Hungary,Bursaspor,20.0,"Dec 23, 1986",,Main position:Right Wing Side position: Left Wing,Balázs Dzsudzsák,left,"1,79 m","Aug 18, 2015",77/18,,3468.0,Hungary,Nyirlugos,Stars & Friends,10.0,Striker - Right Wing,"Dec 23, 1986 (29)",35004.0
Victor Obinna,one further year,,,,,,,,,,29.0,,30.06.2016,Nigeria,MSV Duisburg,52.0,"Mar 25, 1987",,Main position:Secondary Striker Side position: Left Wing Centre Forward,Victor Obinna,left,"1,78 m","Sep 9, 2015",46/11,Victor Nsofor Obinna,3444.0,Nigeria,Jos,GSM Karrieremanagement&Strategie,3650.0,Striker - Secondary Striker,"Mar 25, 1987 (29)",35852.0
Ivan Knezevic,,,,,,,,,,https://www.stevicaristic.com,33.0,,-,Jugoslawien (SFR),Jeonnam Dragons,6503.0,"May 23, 1982",,Main position:Centre Forward,Stevica Ristic,right,"1,88 m","Jan 6, 2014",18/1,Стевица Ристиќ,5148.0,Macedonia   Serbia,Vršac,HBR Sport,1374.0,Striker - Centre Forward,"May 23, 1982 (33)",36161.0
Predrag Mijic,,,,,,,,,,https://www.stevicaristic.com,33.0,,-,Jugoslawien (SFR),Jeonnam Dragons,6503.0,"May 23, 1982",,Main position:Centre Forward,Stevica Ristic,right,"1,88 m","Jan 6, 2014",18/1,Стевица Ристиќ,5148.0,Macedonia   Serbia,Vršac,HBR Sport,1374.0,Striker - Centre Forward,"May 23, 1982 (33)",36838.0
Manuel da Costa,,,,,,,,,,,30.0,,30.06.2017,France,Olympiacos Piraeus,683.0,"May 6, 1986",,Main position:Centre Back Side position: Defensive Midfield,Manuel da Costa,right,"1,92 m","Aug 18, 2015",9/0,Manuel Marouan da Costa Trindade Senoussi,3575.0,Morocco   Portugal,Saint-Max,PRO Profil GmbH,12.0,Defence - Centre Back,"May 6, 1986 (30)",37398.0
Diego Tardelli,,,,,,,,,,,31.0,,20.01.2019,Brazil,Shandong Luneng Taishan,3182.0,"May 10, 1985",,Main position:Left Wing Side position: Centre Forward Right Wing,Diego Tardelli,right,"1,79 m","Jan 17, 2015",14/3,Diego Tardelli Martins,3439.0,Brazil   Italy,Santa Bárbara,Euro Export Assessoria e Propaganda Ltda.,724.0,Striker - Left Wing,"May 10, 1985 (31)",37536.0
Felipe Caicedo,,,,,,,,,https://twitter.com/FelipaoCaicedo‎,https://www.felipecaicedo20.com,27.0,,30.06.2019,Ecuador,RCD Espanyol Barcelona,714.0,"Sep 5, 1988",,Main position:Centre Forward Side position: Right Wing,Felipe Caicedo,left,"1,83 m","Jul 15, 2014",59/19,Felipe Salvador Caicedo Corozo,5750.0,Ecuador   Spain,Guayaquil,Not clarified,946.0,Striker - Centre Forward,"Sep 5, 1988 (27)",37834.0
Artem Beketov,,,,,,,,,,https://www.stevicaristic.com,33.0,,-,Jugoslawien (SFR),Jeonnam Dragons,6503.0,"May 23, 1982",,Main position:Centre Forward,Stevica Ristic,right,"1,88 m","Jan 6, 2014",18/1,Стевица Ристиќ,5148.0,Macedonia   Serbia,Vršac,HBR Sport,1374.0,Striker - Centre Forward,"May 23, 1982 (33)",38674.0
Alli Ndri,,,,,,,,,,https://www.stevicaristic.com,33.0,,-,Jugoslawien (SFR),Jeonnam Dragons,6503.0,"May 23, 1982",,Main position:Centre Forward,Stevica Ristic,right,"1,88 m","Jan 6, 2014",18/1,Стевица Ристиќ,5148.0,Macedonia   Serbia,Vršac,HBR Sport,1374.0,Striker - Centre Forward,"May 23, 1982 (33)",39175.0
Yura Movsisyan,buying option,30.06.2019,,,https://www.facebook.com/movsisyan14,,Spartak Moscow,232.0,https://twitter.com/YuraMovsisyan,,28.0,,31.12.2016,UDSSR,Real Salt Lake City,6643.0,"Aug 2, 1987",,Main position:Centre Forward,Yura Movsisyan,both,"1,81 m","Jan 15, 2016",31/10,Յուրա Մովսիսյան,6219.0,Armenia   United States,Baku,ESA,1454.0,Striker - Centre Forward,"Aug 2, 1987 (28)",39280.0
Nicolás Pareja,,,,,,,,,https://twitter.com/nicopareja21,,32.0,,30.06.2017,Argentina,Sevilla FC,368.0,"Jan 19, 1984",,Main position:Centre Back,Nicolás Pareja,right,"1,81 m","Jul 1, 2014",1/0,Nicolás Martín Pareja,3437.0,Argentina   Italy,Buenos Aires,,,Defence - Centre Back,"Jan 19, 1984 (32)",41281.0
Petar Jelic,,,,,,,,,,,29.0,,-,Jugoslawien (SFR),Unattached,515.0,"Oct 18, 1986",,Main position:Centre Forward,Petar Jelic,both,"1,87 m","Jul 1, 2015",2/0,Petar Jelić,3446.0,Bosnia-Herzegovina   Serbia,Modriča,RB - SOCCER AGENCY GALAXY LLC,3332.0,Striker - Centre Forward,"Oct 18, 1986 (29)",42347.0
Salvatore Bocchetti,,,,,,,,,https://twitter.com/salvatorebocch,,29.0,,30.06.2017,Italy,Spartak Moscow,232.0,"Nov 30, 1986",,Main position:Centre Back Side position: Left-Back Defensive Midfield,Salvatore Bocchetti,left,"1,86 m","Jan 25, 2013",5/0,,3376.0,Italy,Napoli,PDP s.r.l.  Pasqualin D’Amico Partners,348.0,Defence - Centre Back,"Nov 30, 1986 (29)",42678.0
Mehdi Carcela-González,,,,,,,,,,,26.0,,30.06.2019,Belgium,SL Benfica,294.0,"Jul 1, 1989",,Main position:Left Wing Side position: Right Wing Attacking Midfield,Mehdi Carcela-González,left,"1,79 m","Jul 1, 2015",7/0,المهدي كارسيلا-غونزاليس,3575.0,Morocco   Belgium,Liège,Bury Management SPRL,3658.0,Midfield - Left Wing,"Jul 1, 1989 (26)",42714.0
Konstantin Vassiljev,,,,,,,,,,https://www.stevicaristic.com,33.0,,-,Jugoslawien (SFR),Jeonnam Dragons,6503.0,"May 23, 1982",,Main position:Centre Forward,Stevica Ristic,right,"1,88 m","Jan 6, 2014",18/1,Стевица Ристиќ,5148.0,Macedonia   Serbia,Vršac,HBR Sport,1374.0,Striker - Centre Forward,"May 23, 1982 (33)",42812.0
Anis Boussaidi,,,,,,,,,,,35.0,,-,Tunisia,Unattached,515.0,"Apr 10, 1981",,Main position:Right-Back Side position: Centre Back,Anis Boussaidi,right,"1,80 m","Jul 1, 2014",38/2,,3670.0,Tunisia,Le Bardo,Dimitri Celuk,2016.0,Defence - Right-Back,"Apr 10, 1981 (35)",42933.0
Ilya Madilov,,,,,,,,,,https://www.stevicaristic.com,33.0,,-,Jugoslawien (SFR),Jeonnam Dragons,6503.0,"May 23, 1982",,Main position:Centre Forward,Stevica Ristic,right,"1,88 m","Jan 6, 2014",18/1,Стевица Ристиќ,5148.0,Macedonia   Serbia,Vršac,HBR Sport,1374.0,Striker - Centre Forward,"May 23, 1982 (33)",43235.0
Vagif Javadov,,,,,,,,,,,26.0,,30.06.2016,UDSSR,Sumgayit PFC,36999.0,"May 25, 1989",,Main position:Centre Forward Side position: Right Wing Left Wing,Vagif Javadov,right,"1,87 m","Jan 8, 2016",58/9,Vaqif Fizuli oğlu Cavadov,8605.0,Azerbaijan   Russia,Baku,,,Striker - Centre Forward,"May 25, 1989 (26)",43979.0
Domenico Criscito,,,,,,https://instagram.com/domenico8691,,,https://twitter.com/mimmo_criscito4,,29.0,,30.06.2018,Italy,Zenit St. Petersburg,964.0,"Dec 30, 1986","Mar 13, 2015",Main position:Left-Back Side position: Centre Back Left Midfield,Domenico Criscito,left,"1,83 m","Jul 1, 2011",22/0,,3376.0,Italy,Cercola,PDP s.r.l.  Pasqualin D’Amico Partners,348.0,Defence - Left-Back,"Dec 30, 1986 (29)",44136.0
Roman Eremenko,,,,,,,,,,,29.0,,30.06.2018,UDSSR,CSKA Moscow,2410.0,"Mar 19, 1987",,Main position:Attacking Midfield Side position: Defensive Midfield Right Midfield,Roman Eremenko,right,"1,86 m","Aug 25, 2014",68/5,Ерёменко Роман Алексеевич,3443.0,Finland   Russia,Moskau,Not clarified,946.0,Midfield - Attacking Midfield,"Mar 19, 1987 (29)",44367.0
Dani Bondarv,,,,,,,,,,https://www.stevicaristic.com,33.0,,-,Jugoslawien (SFR),Jeonnam Dragons,6503.0,"May 23, 1982",,Main position:Centre Forward,Stevica Ristic,right,"1,88 m","Jan 6, 2014",18/1,Стевица Ристиќ,5148.0,Macedonia   Serbia,Vršac,HBR Sport,1374.0,Striker - Centre Forward,"May 23, 1982 (33)",44867.0
Sergey Kislyak,,,,,,,,,,https://www.stevicaristic.com,33.0,,-,Jugoslawien (SFR),Jeonnam Dragons,6503.0,"May 23, 1982",,Main position:Centre Forward,Stevica Ristic,right,"1,88 m","Jan 6, 2014",18/1,Стевица Ристиќ,5148.0,Macedonia   Serbia,Vršac,HBR Sport,1374.0,Striker - Centre Forward,"May 23, 1982 (33)",45613.0
Zoran Tosic,,,,,,,,,,,29.0,,30.06.2017,Jugoslawien (SFR),CSKA Moscow,2410.0,"Apr 28, 1987",,Main position:Right Wing Side position: Left Wing,Zoran Tosic,left,"1,71 m","Jul 1, 2010",72/11,Зоран Тошић,3438.0,Serbia,Zrenjanin,BBC Management GmbH,1414.0,Midfield - Right Wing,"Apr 28, 1987 (29)",46180.0
Filip Ozobic,,,,,,,,,,https://www.stevicaristic.com,33.0,,-,Jugoslawien (SFR),Jeonnam Dragons,6503.0,"May 23, 1982",,Main position:Centre Forward,Stevica Ristic,right,"1,88 m","Jan 6, 2014",18/1,Стевица Ристиќ,5148.0,Macedonia   Serbia,Vršac,HBR Sport,1374.0,Striker - Centre Forward,"May 23, 1982 (33)",46612.0
Marko Blazic,,,,,,,,,,https://www.stevicaristic.com,33.0,,-,Jugoslawien (SFR),Jeonnam Dragons,6503.0,"May 23, 1982",,Main position:Centre Forward,Stevica Ristic,right,"1,88 m","Jan 6, 2014",18/1,Стевица Ристиќ,5148.0,Macedonia   Serbia,Vršac,HBR Sport,1374.0,Striker - Centre Forward,"May 23, 1982 (33)",46687.0
Nemanja Tubic,,,,,,,,,,,32.0,,31.12.2016,Jugoslawien (SFR),FK Haugesund,2761.0,"Apr 8, 1984",,Main position:Centre Back,Nemanja Tubic,left,"1,89 m","Feb 9, 2016",0/0,Немања Тубић,3438.0,Serbia,Belgrad,SK- Fortitude sportsmanagement,3224.0,Defence - Centre Back,"Apr 8, 1984 (32)",46706.0
Gigel Bucur,,,,,,,,,,https://www.stevicaristic.com,33.0,,-,Jugoslawien (SFR),Jeonnam Dragons,6503.0,"May 23, 1982",,Main position:Centre Forward,Stevica Ristic,right,"1,88 m","Jan 6, 2014",18/1,Стевица Ристиќ,5148.0,Macedonia   Serbia,Vršac,HBR Sport,1374.0,Striker - Centre Forward,"May 23, 1982 (33)",47152.0
Artem Fiedler,,,,,,,,,,https://www.stevicaristic.com,33.0,,-,Jugoslawien (SFR),Jeonnam Dragons,6503.0,"May 23, 1982",,Main position:Centre Forward,Stevica Ristic,right,"1,88 m","Jan 6, 2014",18/1,Стевица Ристиќ,5148.0,Macedonia   Serbia,Vršac,HBR Sport,1374.0,Striker - Centre Forward,"May 23, 1982 (33)",47217.0
Samir Merzic,,,,,,,,,,https://www.stevicaristic.com,33.0,,-,Jugoslawien (SFR),Jeonnam Dragons,6503.0,"May 23, 1982",,Main position:Centre Forward,Stevica Ristic,right,"1,88 m","Jan 6, 2014",18/1,Стевица Ристиќ,5148.0,Macedonia   Serbia,Vršac,HBR Sport,1374.0,Striker - Centre Forward,"May 23, 1982 (33)",47243.0
Ovidiu Dananae,,,,,,,,,,https://www.stevicaristic.com,33.0,,-,Jugoslawien (SFR),Jeonnam Dragons,6503.0,"May 23, 1982",,Main position:Centre Forward,Stevica Ristic,right,"1,88 m","Jan 6, 2014",18/1,Стевица Ристиќ,5148.0,Macedonia   Serbia,Vršac,HBR Sport,1374.0,Striker - Centre Forward,"May 23, 1982 (33)",47574.0
Janos Szekely,,,,,,,,,,https://www.stevicaristic.com,33.0,,-,Jugoslawien (SFR),Jeonnam Dragons,6503.0,"May 23, 1982",,Main position:Centre Forward,Stevica Ristic,right,"1,88 m","Jan 6, 2014",18/1,Стевица Ристиќ,5148.0,Macedonia   Serbia,Vršac,HBR Sport,1374.0,Striker - Centre Forward,"May 23, 1982 (33)",48195.0
Eugeniu Cebotaru,,,,,,,,,,https://www.stevicaristic.com,33.0,,-,Jugoslawien (SFR),Jeonnam Dragons,6503.0,"May 23, 1982",,Main position:Centre Forward,Stevica Ristic,right,"1,88 m","Jan 6, 2014",18/1,Стевица Ристиќ,5148.0,Macedonia   Serbia,Vršac,HBR Sport,1374.0,Striker - Centre Forward,"May 23, 1982 (33)",48820.0
Roman Surnev,,,,,,,,,,https://www.stevicaristic.com,33.0,,-,Jugoslawien (SFR),Jeonnam Dragons,6503.0,"May 23, 1982",,Main position:Centre Forward,Stevica Ristic,right,"1,88 m","Jan 6, 2014",18/1,Стевица Ристиќ,5148.0,Macedonia   Serbia,Vršac,HBR Sport,1374.0,Striker - Centre Forward,"May 23, 1982 (33)",49631.0
Jovan Golic,,,,,,,,,,https://www.stevicaristic.com,33.0,,-,Jugoslawien (SFR),Jeonnam Dragons,6503.0,"May 23, 1982",,Main position:Centre Forward,Stevica Ristic,right,"1,88 m","Jan 6, 2014",18/1,Стевица Ристиќ,5148.0,Macedonia   Serbia,Vršac,HBR Sport,1374.0,Striker - Centre Forward,"May 23, 1982 (33)",49914.0
Nejc Pecnik,,,,,,,,,https://twitter.com/NejcPecnik,,30.0,,-,Jugoslawien (SFR),Omiya Ardija,7452.0,"Jan 3, 1986",,Main position:Right Wing Side position: Centre Forward Left Wing,Nejc Pecnik,right,"1,89 m","Jan 2, 2016",31/6,Nejc Pečnik,3588.0,Slovenia,Dravograd,PRO TRANSFER,2579.0,Midfield - Right Wing,"Jan 3, 1986 (30)",50324.0
Aleksandrs Cauna,,,,,,,,,,,28.0,,30.06.2019,UDSSR,CSKA Moscow,2410.0,"Jan 19, 1988","Nov 6, 2015",Main position:Defensive Midfield Side position: Left Midfield Left-Back,Aleksandrs Cauna,left,"1,76 m","Jul 1, 2011",45/12,Aleksandrs Cauņa,3555.0,Latvia,Daugavpils,MVA Sports Management,2629.0,Midfield - Defensive Midfield,"Jan 19, 1988 (28)",51164.0
Sergey Davydov,,,,,,,,,,https://www.stevicaristic.com,33.0,,-,Jugoslawien (SFR),Jeonnam Dragons,6503.0,"May 23, 1982",,Main position:Centre Forward,Stevica Ristic,right,"1,88 m","Jan 6, 2014",18/1,Стевица Ристиќ,5148.0,Macedonia   Serbia,Vršac,HBR Sport,1374.0,Striker - Centre Forward,"May 23, 1982 (33)",51630.0
Mikhail Komkov,,,,,,,,,,https://www.stevicaristic.com,33.0,,-,Jugoslawien (SFR),Jeonnam Dragons,6503.0,"May 23, 1982",,Main position:Centre Forward,Stevica Ristic,right,"1,88 m","Jan 6, 2014",18/1,Стевица Ристиќ,5148.0,Macedonia   Serbia,Vršac,HBR Sport,1374.0,Striker - Centre Forward,"May 23, 1982 (33)",51903.0
Vadim Yanchuk,,,,,,,,,,https://www.stevicaristic.com,33.0,,-,Jugoslawien (SFR),Jeonnam Dragons,6503.0,"May 23, 1982",,Main position:Centre Forward,Stevica Ristic,right,"1,88 m","Jan 6, 2014",18/1,Стевица Ристиќ,5148.0,Macedonia   Serbia,Vršac,HBR Sport,1374.0,Striker - Centre Forward,"May 23, 1982 (33)",51939.0
Carlos Eduardo,,,,,,https://www.instagram.com/carloseduardo.87/,,,,,28.0,Carlos Eduardo Marques,31.12.2017,Brazil,Clube Atlético Mineiro,330.0,"Jul 18, 1987",,Main position:Attacking Midfield Side position: Left Wing Right Wing,Carlos Eduardo,left,"1,71 m","Apr 20, 2016",6/0,,3439.0,Brazil,Ajuricaba,ROGON,1.0,Midfield - Attacking Midfield,"Jul 18, 1987 (28)",52406.0
Adilson,,,,,,,,,,https://www.stevicaristic.com,33.0,,-,Jugoslawien (SFR),Jeonnam Dragons,6503.0,"May 23, 1982",,Main position:Centre Forward,Stevica Ristic,right,"1,88 m","Jan 6, 2014",18/1,Стевица Ристиќ,5148.0,Macedonia   Serbia,Vršac,HBR Sport,1374.0,Striker - Centre Forward,"May 23, 1982 (33)",52408.0
Stanislav Namasco,,,,,,,,,,https://www.stevicaristic.com,33.0,,-,Jugoslawien (SFR),Jeonnam Dragons,6503.0,"May 23, 1982",,Main position:Centre Forward,Stevica Ristic,right,"1,88 m","Jan 6, 2014",18/1,Стевица Ристиќ,5148.0,Macedonia   Serbia,Vršac,HBR Sport,1374.0,Striker - Centre Forward,"May 23, 1982 (33)",53600.0
Marc Crosas,,-,,,,,Santos Laguna,1403.0,https://twitter.com/marccrosas,,28.0,,30.06.2017,Spain,CD Cruz Azul,3711.0,"Jan 9, 1988",,Main position:Defensive Midfield Side position: Central Midfield,Marc Crosas,right,"1,76 m","Jul 1, 2015",1/0,Marc Crosas Luque,9567.0,Spain   Mexico,Sant Feliu de Guíxols,,,Midfield - Defensive Midfield,"Jan 9, 1988 (28)",54164.0
Mikhail Smirnov,,,,,,,,,,https://www.stevicaristic.com,33.0,,-,Jugoslawien (SFR),Jeonnam Dragons,6503.0,"May 23, 1982",,Main position:Centre Forward,Stevica Ristic,right,"1,88 m","Jan 6, 2014",18/1,Стевица Ристиќ,5148.0,Macedonia   Serbia,Vršac,HBR Sport,1374.0,Striker - Centre Forward,"May 23, 1982 (33)",55420.0
Maksim Zyuzin,,,,,,,,,,https://www.stevicaristic.com,33.0,,-,Jugoslawien (SFR),Jeonnam Dragons,6503.0,"May 23, 1982",,Main position:Centre Forward,Stevica Ristic,right,"1,88 m","Jan 6, 2014",18/1,Стевица Ристиќ,5148.0,Macedonia   Serbia,Vršac,HBR Sport,1374.0,Striker - Centre Forward,"May 23, 1982 (33)",55446.0
Basel Abdoulfattakh,,,,,,,,,,https://www.stevicaristic.com,33.0,,-,Jugoslawien (SFR),Jeonnam Dragons,6503.0,"May 23, 1982",,Main position:Centre Forward,Stevica Ristic,right,"1,88 m","Jan 6, 2014",18/1,Стевица Ристиќ,5148.0,Macedonia   Serbia,Vršac,HBR Sport,1374.0,Striker - Centre Forward,"May 23, 1982 (33)",55529.0
Stanislav Matyash,,,,,,,,,,https://www.stevicaristic.com,33.0,,-,Jugoslawien (SFR),Jeonnam Dragons,6503.0,"May 23, 1982",,Main position:Centre Forward,Stevica Ristic,right,"1,88 m","Jan 6, 2014",18/1,Стевица Ристиќ,5148.0,Macedonia   Serbia,Vršac,HBR Sport,1374.0,Striker - Centre Forward,"May 23, 1982 (33)",55546.0
Sergey Rashevskiy,,,,,,,,,,https://www.stevicaristic.com,33.0,,-,Jugoslawien (SFR),Jeonnam Dragons,6503.0,"May 23, 1982",,Main position:Centre Forward,Stevica Ristic,right,"1,88 m","Jan 6, 2014",18/1,Стевица Ристиќ,5148.0,Macedonia   Serbia,Vršac,HBR Sport,1374.0,Striker - Centre Forward,"May 23, 1982 (33)",55550.0
Musawengosi Mguni,,,,,,,,,,https://www.stevicaristic.com,33.0,,-,Jugoslawien (SFR),Jeonnam Dragons,6503.0,"May 23, 1982",,Main position:Centre Forward,Stevica Ristic,right,"1,88 m","Jan 6, 2014",18/1,Стевица Ристиќ,5148.0,Macedonia   Serbia,Vršac,HBR Sport,1374.0,Striker - Centre Forward,"May 23, 1982 (33)",58467.0
Sergey Miroshnichenko,,,,,,,,,,https://www.stevicaristic.com,33.0,,-,Jugoslawien (SFR),Jeonnam Dragons,6503.0,"May 23, 1982",,Main position:Centre Forward,Stevica Ristic,right,"1,88 m","Jan 6, 2014",18/1,Стевица Ристиќ,5148.0,Macedonia   Serbia,Vršac,HBR Sport,1374.0,Striker - Centre Forward,"May 23, 1982 (33)",59177.0
Aleksandr Martynovich,,,,,,,,,,https://www.stevicaristic.com,33.0,,-,Jugoslawien (SFR),Jeonnam Dragons,6503.0,"May 23, 1982",,Main position:Centre Forward,Stevica Ristic,right,"1,88 m","Jan 6, 2014",18/1,Стевица Ристиќ,5148.0,Macedonia   Serbia,Vršac,HBR Sport,1374.0,Striker - Centre Forward,"May 23, 1982 (33)",59352.0
Aleksandr Oleynik,,,,,,,,,,https://www.stevicaristic.com,33.0,,-,Jugoslawien (SFR),Jeonnam Dragons,6503.0,"May 23, 1982",,Main position:Centre Forward,Stevica Ristic,right,"1,88 m","Jan 6, 2014",18/1,Стевица Ристиќ,5148.0,Macedonia   Serbia,Vršac,HBR Sport,1374.0,Striker - Centre Forward,"May 23, 1982 (33)",60201.0
Denis Pchelintsev,,,,,,,,,,https://www.stevicaristic.com,33.0,,-,Jugoslawien (SFR),Jeonnam Dragons,6503.0,"May 23, 1982",,Main position:Centre Forward,Stevica Ristic,right,"1,88 m","Jan 6, 2014",18/1,Стевица Ристиќ,5148.0,Macedonia   Serbia,Vršac,HBR Sport,1374.0,Striker - Centre Forward,"May 23, 1982 (33)",60202.0
Pavel Nekhajchik,,,,,,,,,,https://www.stevicaristic.com,33.0,,-,Jugoslawien (SFR),Jeonnam Dragons,6503.0,"May 23, 1982",,Main position:Centre Forward,Stevica Ristic,right,"1,88 m","Jan 6, 2014",18/1,Стевица Ристиќ,5148.0,Macedonia   Serbia,Vršac,HBR Sport,1374.0,Striker - Centre Forward,"May 23, 1982 (33)",61960.0
Aleksandr Belenov,,,,,,,,,,https://www.stevicaristic.com,33.0,,-,Jugoslawien (SFR),Jeonnam Dragons,6503.0,"May 23, 1982",,Main position:Centre Forward,Stevica Ristic,right,"1,88 m","Jan 6, 2014",18/1,Стевица Ристиќ,5148.0,Macedonia   Serbia,Vršac,HBR Sport,1374.0,Striker - Centre Forward,"May 23, 1982 (33)",62514.0
Odil Akhmedov,,,,,,,,,,https://www.stevicaristic.com,33.0,,-,Jugoslawien (SFR),Jeonnam Dragons,6503.0,"May 23, 1982",,Main position:Centre Forward,Stevica Ristic,right,"1,88 m","Jan 6, 2014",18/1,Стевица Ристиќ,5148.0,Macedonia   Serbia,Vršac,HBR Sport,1374.0,Striker - Centre Forward,"May 23, 1982 (33)",63606.0
Dacian Varga,,,,,,,,,,https://www.stevicaristic.com,33.0,,-,Jugoslawien (SFR),Jeonnam Dragons,6503.0,"May 23, 1982",,Main position:Centre Forward,Stevica Ristic,right,"1,88 m","Jan 6, 2014",18/1,Стевица Ристиќ,5148.0,Macedonia   Serbia,Vršac,HBR Sport,1374.0,Striker - Centre Forward,"May 23, 1982 (33)",64252.0
Igor Armas,,,,,,,,,,https://www.stevicaristic.com,33.0,,-,Jugoslawien (SFR),Jeonnam Dragons,6503.0,"May 23, 1982",,Main position:Centre Forward,Stevica Ristic,right,"1,88 m","Jan 6, 2014",18/1,Стевица Ристиќ,5148.0,Macedonia   Serbia,Vršac,HBR Sport,1374.0,Striker - Centre Forward,"May 23, 1982 (33)",64667.0
Myroslav Slavov,,,,,,,,,,https://www.stevicaristic.com,33.0,,-,Jugoslawien (SFR),Jeonnam Dragons,6503.0,"May 23, 1982",,Main position:Centre Forward,Stevica Ristic,right,"1,88 m","Jan 6, 2014",18/1,Стевица Ристиќ,5148.0,Macedonia   Serbia,Vršac,HBR Sport,1374.0,Striker - Centre Forward,"May 23, 1982 (33)",67832.0
Giedrius Arlauskis,,,,,,,,,,https://www.stevicaristic.com,33.0,,-,Jugoslawien (SFR),Jeonnam Dragons,6503.0,"May 23, 1982",,Main position:Centre Forward,Stevica Ristic,right,"1,88 m","Jan 6, 2014",18/1,Стевица Ристиќ,5148.0,Macedonia   Serbia,Vršac,HBR Sport,1374.0,Striker - Centre Forward,"May 23, 1982 (33)",69001.0
Lacina Traoré,,,,,,,,,,https://www.stevicaristic.com,33.0,,-,Jugoslawien (SFR),Jeonnam Dragons,6503.0,"May 23, 1982",,Main position:Centre Forward,Stevica Ristic,right,"1,88 m","Jan 6, 2014",18/1,Стевица Ристиќ,5148.0,Macedonia   Serbia,Vršac,HBR Sport,1374.0,Striker - Centre Forward,"May 23, 1982 (33)",69006.0
Pavel Novitski,,,,,,,,,,https://www.stevicaristic.com,33.0,,-,Jugoslawien (SFR),Jeonnam Dragons,6503.0,"May 23, 1982",,Main position:Centre Forward,Stevica Ristic,right,"1,88 m","Jan 6, 2014",18/1,Стевица Ристиќ,5148.0,Macedonia   Serbia,Vršac,HBR Sport,1374.0,Striker - Centre Forward,"May 23, 1982 (33)",70224.0
Igor Picusceac,,,,,,,,,,https://www.stevicaristic.com,33.0,,-,Jugoslawien (SFR),Jeonnam Dragons,6503.0,"May 23, 1982",,Main position:Centre Forward,Stevica Ristic,right,"1,88 m","Jan 6, 2014",18/1,Стевица Ристиќ,5148.0,Macedonia   Serbia,Vršac,HBR Sport,1374.0,Striker - Centre Forward,"May 23, 1982 (33)",70295.0
Sharudi Bukhiev,,,,,,,,,,https://www.stevicaristic.com,33.0,,-,Jugoslawien (SFR),Jeonnam Dragons,6503.0,"May 23, 1982",,Main position:Centre Forward,Stevica Ristic,right,"1,88 m","Jan 6, 2014",18/1,Стевица Ристиќ,5148.0,Macedonia   Serbia,Vršac,HBR Sport,1374.0,Striker - Centre Forward,"May 23, 1982 (33)",70352.0
Mansur Soltaev,,,,,,,,,,https://www.stevicaristic.com,33.0,,-,Jugoslawien (SFR),Jeonnam Dragons,6503.0,"May 23, 1982",,Main position:Centre Forward,Stevica Ristic,right,"1,88 m","Jan 6, 2014",18/1,Стевица Ристиќ,5148.0,Macedonia   Serbia,Vršac,HBR Sport,1374.0,Striker - Centre Forward,"May 23, 1982 (33)",70363.0
Murad Tagilov,,,,,,,,,,https://www.stevicaristic.com,33.0,,-,Jugoslawien (SFR),Jeonnam Dragons,6503.0,"May 23, 1982",,Main position:Centre Forward,Stevica Ristic,right,"1,88 m","Jan 6, 2014",18/1,Стевица Ристиќ,5148.0,Macedonia   Serbia,Vršac,HBR Sport,1374.0,Striker - Centre Forward,"May 23, 1982 (33)",70364.0
Milan Milanovic,,,,,,,,,,https://www.stevicaristic.com,33.0,,-,Jugoslawien (SFR),Jeonnam Dragons,6503.0,"May 23, 1982",,Main position:Centre Forward,Stevica Ristic,right,"1,88 m","Jan 6, 2014",18/1,Стевица Ристиќ,5148.0,Macedonia   Serbia,Vršac,HBR Sport,1374.0,Striker - Centre Forward,"May 23, 1982 (33)",70574.0
Maksim Semakin,,,,,,,,,,https://www.stevicaristic.com,33.0,,-,Jugoslawien (SFR),Jeonnam Dragons,6503.0,"May 23, 1982",,Main position:Centre Forward,Stevica Ristic,right,"1,88 m","Jan 6, 2014",18/1,Стевица Ристиќ,5148.0,Macedonia   Serbia,Vršac,HBR Sport,1374.0,Striker - Centre Forward,"May 23, 1982 (33)",72165.0
Nikita Zhdankin,,,,,,,,,,https://www.stevicaristic.com,33.0,,-,Jugoslawien (SFR),Jeonnam Dragons,6503.0,"May 23, 1982",,Main position:Centre Forward,Stevica Ristic,right,"1,88 m","Jan 6, 2014",18/1,Стевица Ристиќ,5148.0,Macedonia   Serbia,Vršac,HBR Sport,1374.0,Striker - Centre Forward,"May 23, 1982 (33)",72339.0
Andrey Pazin,,,,,,,,,,https://www.stevicaristic.com,33.0,,-,Jugoslawien (SFR),Jeonnam Dragons,6503.0,"May 23, 1982",,Main position:Centre Forward,Stevica Ristic,right,"1,88 m","Jan 6, 2014",18/1,Стевица Ристиќ,5148.0,Macedonia   Serbia,Vršac,HBR Sport,1374.0,Striker - Centre Forward,"May 23, 1982 (33)",72482.0
Roland Gigolaev,,,,,,,,,,https://www.stevicaristic.com,33.0,,-,Jugoslawien (SFR),Jeonnam Dragons,6503.0,"May 23, 1982",,Main position:Centre Forward,Stevica Ristic,right,"1,88 m","Jan 6, 2014",18/1,Стевица Ристиќ,5148.0,Macedonia   Serbia,Vršac,HBR Sport,1374.0,Striker - Centre Forward,"May 23, 1982 (33)",72496.0
Artem Kulesha,,,,,,,,,,https://www.stevicaristic.com,33.0,,-,Jugoslawien (SFR),Jeonnam Dragons,6503.0,"May 23, 1982",,Main position:Centre Forward,Stevica Ristic,right,"1,88 m","Jan 6, 2014",18/1,Стевица Ристиќ,5148.0,Macedonia   Serbia,Vršac,HBR Sport,1374.0,Striker - Centre Forward,"May 23, 1982 (33)",72500.0
Andrey Zajtsev,,,,,,,,,,https://www.stevicaristic.com,33.0,,-,Jugoslawien (SFR),Jeonnam Dragons,6503.0,"May 23, 1982",,Main position:Centre Forward,Stevica Ristic,right,"1,88 m","Jan 6, 2014",18/1,Стевица Ристиќ,5148.0,Macedonia   Serbia,Vršac,HBR Sport,1374.0,Striker - Centre Forward,"May 23, 1982 (33)",72520.0
Viktor Genev,,,,,,,,,,https://www.stevicaristic.com,33.0,,-,Jugoslawien (SFR),Jeonnam Dragons,6503.0,"May 23, 1982",,Main position:Centre Forward,Stevica Ristic,right,"1,88 m","Jan 6, 2014",18/1,Стевица Ристиќ,5148.0,Macedonia   Serbia,Vršac,HBR Sport,1374.0,Striker - Centre Forward,"May 23, 1982 (33)",73720.0
Joãozinho,,,,,,,,,,,27.0,João Natailton Ramos dos Santos,30.06.2018,Brazil,FK Krasnodar,16704.0,"Dec 25, 1988","Jul 21, 2015",Main position:Left Wing Side position: Right Wing Left-Back,Joãozinho,left,"1,65 m","Jan 1, 2011",,,,Brazil,Umbaúba,MD Management,1663.0,Midfield - Left Wing,"Dec 25, 1988 (27)",73783.0
Mauricio Prieto,,,,,,,,,,https://www.stevicaristic.com,33.0,,-,Jugoslawien (SFR),Jeonnam Dragons,6503.0,"May 23, 1982",,Main position:Centre Forward,Stevica Ristic,right,"1,88 m","Jan 6, 2014",18/1,Стевица Ристиќ,5148.0,Macedonia   Serbia,Vršac,HBR Sport,1374.0,Striker - Centre Forward,"May 23, 1982 (33)",74261.0
Kornel Salata,,,,,,,,,,https://www.stevicaristic.com,33.0,,-,Jugoslawien (SFR),Jeonnam Dragons,6503.0,"May 23, 1982",,Main position:Centre Forward,Stevica Ristic,right,"1,88 m","Jan 6, 2014",18/1,Стевица Ристиќ,5148.0,Macedonia   Serbia,Vršac,HBR Sport,1374.0,Striker - Centre Forward,"May 23, 1982 (33)",74725.0
Igor Shitov,,,,,,,,,,https://www.stevicaristic.com,33.0,,-,Jugoslawien (SFR),Jeonnam Dragons,6503.0,"May 23, 1982",,Main position:Centre Forward,Stevica Ristic,right,"1,88 m","Jan 6, 2014",18/1,Стевица Ристиќ,5148.0,Macedonia   Serbia,Vršac,HBR Sport,1374.0,Striker - Centre Forward,"May 23, 1982 (33)",75209.0
Sergey Veremko,,,,,,,,,,https://www.stevicaristic.com,33.0,,-,Jugoslawien (SFR),Jeonnam Dragons,6503.0,"May 23, 1982",,Main position:Centre Forward,Stevica Ristic,right,"1,88 m","Jan 6, 2014",18/1,Стевица Ристиќ,5148.0,Macedonia   Serbia,Vršac,HBR Sport,1374.0,Striker - Centre Forward,"May 23, 1982 (33)",75213.0
Dmitri Verkhovtsov,,,,,,,,,,https://www.stevicaristic.com,33.0,,-,Jugoslawien (SFR),Jeonnam Dragons,6503.0,"May 23, 1982",,Main position:Centre Forward,Stevica Ristic,right,"1,88 m","Jan 6, 2014",18/1,Стевица Ристиќ,5148.0,Macedonia   Serbia,Vršac,HBR Sport,1374.0,Striker - Centre Forward,"May 23, 1982 (33)",75214.0
Seydou Doumbia,,,,,,,,,,https://www.stevicaristic.com,33.0,,-,Jugoslawien (SFR),Jeonnam Dragons,6503.0,"May 23, 1982",,Main position:Centre Forward,Stevica Ristic,right,"1,88 m","Jan 6, 2014",18/1,Стевица Ристиќ,5148.0,Macedonia   Serbia,Vršac,HBR Sport,1374.0,Striker - Centre Forward,"May 23, 1982 (33)",75287.0
Dmitri Ershov,,,,,,,,,,https://www.stevicaristic.com,33.0,,-,Jugoslawien (SFR),Jeonnam Dragons,6503.0,"May 23, 1982",,Main position:Centre Forward,Stevica Ristic,right,"1,88 m","Jan 6, 2014",18/1,Стевица Ристиќ,5148.0,Macedonia   Serbia,Vršac,HBR Sport,1374.0,Striker - Centre Forward,"May 23, 1982 (33)",78738.0
Adnan Zahirovic,,,,,,,,,,https://www.stevicaristic.com,33.0,,-,Jugoslawien (SFR),Jeonnam Dragons,6503.0,"May 23, 1982",,Main position:Centre Forward,Stevica Ristic,right,"1,88 m","Jan 6, 2014",18/1,Стевица Ристиќ,5148.0,Macedonia   Serbia,Vršac,HBR Sport,1374.0,Striker - Centre Forward,"May 23, 1982 (33)",78947.0
Sergey Sosnovski,,,,,,,,,,https://www.stevicaristic.com,33.0,,-,Jugoslawien (SFR),Jeonnam Dragons,6503.0,"May 23, 1982",,Main position:Centre Forward,Stevica Ristic,right,"1,88 m","Jan 6, 2014",18/1,Стевица Ристиќ,5148.0,Macedonia   Serbia,Vršac,HBR Sport,1374.0,Striker - Centre Forward,"May 23, 1982 (33)",81196.0
Aleksandr Erokhin,,,,,,,,,,https://www.stevicaristic.com,33.0,,-,Jugoslawien (SFR),Jeonnam Dragons,6503.0,"May 23, 1982",,Main position:Centre Forward,Stevica Ristic,right,"1,88 m","Jan 6, 2014",18/1,Стевица Ристиќ,5148.0,Macedonia   Serbia,Vršac,HBR Sport,1374.0,Striker - Centre Forward,"May 23, 1982 (33)",84483.0
Irakli Klimiashvili,,,,,,,,,,https://www.stevicaristic.com,33.0,,-,Jugoslawien (SFR),Jeonnam Dragons,6503.0,"May 23, 1982",,Main position:Centre Forward,Stevica Ristic,right,"1,88 m","Jan 6, 2014",18/1,Стевица Ристиќ,5148.0,Macedonia   Serbia,Vršac,HBR Sport,1374.0,Striker - Centre Forward,"May 23, 1982 (33)",85425.0
Magomed Mirzabekov,,,,,,,,,,https://www.stevicaristic.com,33.0,,-,Jugoslawien (SFR),Jeonnam Dragons,6503.0,"May 23, 1982",,Main position:Centre Forward,Stevica Ristic,right,"1,88 m","Jan 6, 2014",18/1,Стевица Ристиќ,5148.0,Macedonia   Serbia,Vršac,HBR Sport,1374.0,Striker - Centre Forward,"May 23, 1982 (33)",86274.0
Arafat Djako,,,,,,,,,,https://www.stevicaristic.com,33.0,,-,Jugoslawien (SFR),Jeonnam Dragons,6503.0,"May 23, 1982",,Main position:Centre Forward,Stevica Ristic,right,"1,88 m","Jan 6, 2014",18/1,Стевица Ристиќ,5148.0,Macedonia   Serbia,Vršac,HBR Sport,1374.0,Striker - Centre Forward,"May 23, 1982 (33)",87000.0
Mate Vatsadze,,,,,,,,,,https://www.stevicaristic.com,33.0,,-,Jugoslawien (SFR),Jeonnam Dragons,6503.0,"May 23, 1982",,Main position:Centre Forward,Stevica Ristic,right,"1,88 m","Jan 6, 2014",18/1,Стевица Ристиќ,5148.0,Macedonia   Serbia,Vršac,HBR Sport,1374.0,Striker - Centre Forward,"May 23, 1982 (33)",87142.0
Roman Grigoryan,,,,,,,,,,https://www.stevicaristic.com,33.0,,-,Jugoslawien (SFR),Jeonnam Dragons,6503.0,"May 23, 1982",,Main position:Centre Forward,Stevica Ristic,right,"1,88 m","Jan 6, 2014",18/1,Стевица Ристиќ,5148.0,Macedonia   Serbia,Vršac,HBR Sport,1374.0,Striker - Centre Forward,"May 23, 1982 (33)",88002.0
Evgeni Puzin,,,,,,,,,,https://www.stevicaristic.com,33.0,,-,Jugoslawien (SFR),Jeonnam Dragons,6503.0,"May 23, 1982",,Main position:Centre Forward,Stevica Ristic,right,"1,88 m","Jan 6, 2014",18/1,Стевица Ристиќ,5148.0,Macedonia   Serbia,Vršac,HBR Sport,1374.0,Striker - Centre Forward,"May 23, 1982 (33)",88619.0
Sergey Tsukanov,,,,,,,,,,https://www.stevicaristic.com,33.0,,-,Jugoslawien (SFR),Jeonnam Dragons,6503.0,"May 23, 1982",,Main position:Centre Forward,Stevica Ristic,right,"1,88 m","Jan 6, 2014",18/1,Стевица Ристиќ,5148.0,Macedonia   Serbia,Vršac,HBR Sport,1374.0,Striker - Centre Forward,"May 23, 1982 (33)",88624.0
Nikolay Markov,,,,,,,,,,https://www.stevicaristic.com,33.0,,-,Jugoslawien (SFR),Jeonnam Dragons,6503.0,"May 23, 1982",,Main position:Centre Forward,Stevica Ristic,right,"1,88 m","Jan 6, 2014",18/1,Стевица Ристиќ,5148.0,Macedonia   Serbia,Vršac,HBR Sport,1374.0,Striker - Centre Forward,"May 23, 1982 (33)",89088.0
Frantisek Kubik,,,,,,,,,,https://www.stevicaristic.com,33.0,,-,Jugoslawien (SFR),Jeonnam Dragons,6503.0,"May 23, 1982",,Main position:Centre Forward,Stevica Ristic,right,"1,88 m","Jan 6, 2014",18/1,Стевица Ристиќ,5148.0,Macedonia   Serbia,Vršac,HBR Sport,1374.0,Striker - Centre Forward,"May 23, 1982 (33)",90255.0
Anton Kiselev,,,,,,,,,,https://www.stevicaristic.com,33.0,,-,Jugoslawien (SFR),Jeonnam Dragons,6503.0,"May 23, 1982",,Main position:Centre Forward,Stevica Ristic,right,"1,88 m","Jan 6, 2014",18/1,Стевица Ристиќ,5148.0,Macedonia   Serbia,Vršac,HBR Sport,1374.0,Striker - Centre Forward,"May 23, 1982 (33)",90615.0
Edik Sajaia,,,,,,,,,,https://www.stevicaristic.com,33.0,,-,Jugoslawien (SFR),Jeonnam Dragons,6503.0,"May 23, 1982",,Main position:Centre Forward,Stevica Ristic,right,"1,88 m","Jan 6, 2014",18/1,Стевица Ристиќ,5148.0,Macedonia   Serbia,Vršac,HBR Sport,1374.0,Striker - Centre Forward,"May 23, 1982 (33)",92734.0
Marcos Rojo,,,,,,,,,,https://www.stevicaristic.com,33.0,,-,Jugoslawien (SFR),Jeonnam Dragons,6503.0,"May 23, 1982",,Main position:Centre Forward,Stevica Ristic,right,"1,88 m","Jan 6, 2014",18/1,Стевица Ристиќ,5148.0,Macedonia   Serbia,Vršac,HBR Sport,1374.0,Striker - Centre Forward,"May 23, 1982 (33)",93176.0
Ognjen Vranjes,,,,,,,,,,https://www.stevicaristic.com,33.0,,-,Jugoslawien (SFR),Jeonnam Dragons,6503.0,"May 23, 1982",,Main position:Centre Forward,Stevica Ristic,right,"1,88 m","Jan 6, 2014",18/1,Стевица Ристиќ,5148.0,Macedonia   Serbia,Vršac,HBR Sport,1374.0,Striker - Centre Forward,"May 23, 1982 (33)",94807.0
Vladimir Chernov,,,,,,,,,,https://www.stevicaristic.com,33.0,,-,Jugoslawien (SFR),Jeonnam Dragons,6503.0,"May 23, 1982",,Main position:Centre Forward,Stevica Ristic,right,"1,88 m","Jan 6, 2014",18/1,Стевица Ристиќ,5148.0,Macedonia   Serbia,Vršac,HBR Sport,1374.0,Striker - Centre Forward,"May 23, 1982 (33)",98534.0
Anvar Ibragimgadzhiev,,,,,,,,,,https://www.stevicaristic.com,33.0,,-,Jugoslawien (SFR),Jeonnam Dragons,6503.0,"May 23, 1982",,Main position:Centre Forward,Stevica Ristic,right,"1,88 m","Jan 6, 2014",18/1,Стевица Ристиќ,5148.0,Macedonia   Serbia,Vršac,HBR Sport,1374.0,Striker - Centre Forward,"May 23, 1982 (33)",98535.0
Aleksandr Filtsov,,,,,,,,,,https://www.stevicaristic.com,33.0,,-,Jugoslawien (SFR),Jeonnam Dragons,6503.0,"May 23, 1982",,Main position:Centre Forward,Stevica Ristic,right,"1,88 m","Jan 6, 2014",18/1,Стевица Ристиќ,5148.0,Macedonia   Serbia,Vršac,HBR Sport,1374.0,Striker - Centre Forward,"May 23, 1982 (33)",98544.0
Ruslan Makhmutov,,,,,,,,,,https://www.stevicaristic.com,33.0,,-,Jugoslawien (SFR),Jeonnam Dragons,6503.0,"May 23, 1982",,Main position:Centre Forward,Stevica Ristic,right,"1,88 m","Jan 6, 2014",18/1,Стевица Ристиќ,5148.0,Macedonia   Serbia,Vršac,HBR Sport,1374.0,Striker - Centre Forward,"May 23, 1982 (33)",98549.0
Valeriu Ciuperca,,,,,,,,,,https://www.stevicaristic.com,33.0,,-,Jugoslawien (SFR),Jeonnam Dragons,6503.0,"May 23, 1982",,Main position:Centre Forward,Stevica Ristic,right,"1,88 m","Jan 6, 2014",18/1,Стевица Ристиќ,5148.0,Macedonia   Serbia,Vršac,HBR Sport,1374.0,Striker - Centre Forward,"May 23, 1982 (33)",98968.0
Denis Dorozhkin,,,,,,,,,,https://www.stevicaristic.com,33.0,,-,Jugoslawien (SFR),Jeonnam Dragons,6503.0,"May 23, 1982",,Main position:Centre Forward,Stevica Ristic,right,"1,88 m","Jan 6, 2014",18/1,Стевица Ристиќ,5148.0,Macedonia   Serbia,Vršac,HBR Sport,1374.0,Striker - Centre Forward,"May 23, 1982 (33)",100188.0
Andrey Mikheev,,,,,,,,,,https://www.stevicaristic.com,33.0,,-,Jugoslawien (SFR),Jeonnam Dragons,6503.0,"May 23, 1982",,Main position:Centre Forward,Stevica Ristic,right,"1,88 m","Jan 6, 2014",18/1,Стевица Ристиќ,5148.0,Macedonia   Serbia,Vršac,HBR Sport,1374.0,Striker - Centre Forward,"May 23, 1982 (33)",100193.0
Sergey Petrov,,,,,,,,,,https://www.stevicaristic.com,33.0,,-,Jugoslawien (SFR),Jeonnam Dragons,6503.0,"May 23, 1982",,Main position:Centre Forward,Stevica Ristic,right,"1,88 m","Jan 6, 2014",18/1,Стевица Ристиќ,5148.0,Macedonia   Serbia,Vršac,HBR Sport,1374.0,Striker - Centre Forward,"May 23, 1982 (33)",102581.0
Roman Emeljanov,,,,,,,,,,https://www.stevicaristic.com,33.0,,-,Jugoslawien (SFR),Jeonnam Dragons,6503.0,"May 23, 1982",,Main position:Centre Forward,Stevica Ristic,right,"1,88 m","Jan 6, 2014",18/1,Стевица Ристиќ,5148.0,Macedonia   Serbia,Vršac,HBR Sport,1374.0,Striker - Centre Forward,"May 23, 1982 (33)",103950.0
Raibek Surkhaev,,,,,,,,,,https://www.stevicaristic.com,33.0,,-,Jugoslawien (SFR),Jeonnam Dragons,6503.0,"May 23, 1982",,Main position:Centre Forward,Stevica Ristic,right,"1,88 m","Jan 6, 2014",18/1,Стевица Ристиќ,5148.0,Macedonia   Serbia,Vršac,HBR Sport,1374.0,Striker - Centre Forward,"May 23, 1982 (33)",104457.0
Aslan Dashaev,,,,,,,,,,https://www.stevicaristic.com,33.0,,-,Jugoslawien (SFR),Jeonnam Dragons,6503.0,"May 23, 1982",,Main position:Centre Forward,Stevica Ristic,right,"1,88 m","Jan 6, 2014",18/1,Стевица Ристиќ,5148.0,Macedonia   Serbia,Vršac,HBR Sport,1374.0,Striker - Centre Forward,"May 23, 1982 (33)",104462.0
Khasan Dzhunidov,,,,,,,,,,https://www.stevicaristic.com,33.0,,-,Jugoslawien (SFR),Jeonnam Dragons,6503.0,"May 23, 1982",,Main position:Centre Forward,Stevica Ristic,right,"1,88 m","Jan 6, 2014",18/1,Стевица Ристиќ,5148.0,Macedonia   Serbia,Vršac,HBR Sport,1374.0,Striker - Centre Forward,"May 23, 1982 (33)",104463.0
Tarko Islamov,,,,,,,,,,https://www.stevicaristic.com,33.0,,-,Jugoslawien (SFR),Jeonnam Dragons,6503.0,"May 23, 1982",,Main position:Centre Forward,Stevica Ristic,right,"1,88 m","Jan 6, 2014",18/1,Стевица Ристиќ,5148.0,Macedonia   Serbia,Vršac,HBR Sport,1374.0,Striker - Centre Forward,"May 23, 1982 (33)",104465.0
Ramzan Utsiev,,,,,,,,,,https://www.stevicaristic.com,33.0,,-,Jugoslawien (SFR),Jeonnam Dragons,6503.0,"May 23, 1982",,Main position:Centre Forward,Stevica Ristic,right,"1,88 m","Jan 6, 2014",18/1,Стевица Ристиќ,5148.0,Macedonia   Serbia,Vršac,HBR Sport,1374.0,Striker - Centre Forward,"May 23, 1982 (33)",104468.0
Ilya Mironov,,,,,,,,,,https://www.stevicaristic.com,33.0,,-,Jugoslawien (SFR),Jeonnam Dragons,6503.0,"May 23, 1982",,Main position:Centre Forward,Stevica Ristic,right,"1,88 m","Jan 6, 2014",18/1,Стевица Ристиќ,5148.0,Macedonia   Serbia,Vršac,HBR Sport,1374.0,Striker - Centre Forward,"May 23, 1982 (33)",104513.0
Georgi Nurov,,,,,,,,,,https://www.stevicaristic.com,33.0,,-,Jugoslawien (SFR),Jeonnam Dragons,6503.0,"May 23, 1982",,Main position:Centre Forward,Stevica Ristic,right,"1,88 m","Jan 6, 2014",18/1,Стевица Ристиќ,5148.0,Macedonia   Serbia,Vršac,HBR Sport,1374.0,Striker - Centre Forward,"May 23, 1982 (33)",104514.0
Magomed Adaev,,,,,,,,,,https://www.stevicaristic.com,33.0,,-,Jugoslawien (SFR),Jeonnam Dragons,6503.0,"May 23, 1982",,Main position:Centre Forward,Stevica Ristic,right,"1,88 m","Jan 6, 2014",18/1,Стевица Ристиќ,5148.0,Macedonia   Serbia,Vršac,HBR Sport,1374.0,Striker - Centre Forward,"May 23, 1982 (33)",104603.0
Dmitri Malyaka,,,,,,,,,,https://www.stevicaristic.com,33.0,,-,Jugoslawien (SFR),Jeonnam Dragons,6503.0,"May 23, 1982",,Main position:Centre Forward,Stevica Ristic,right,"1,88 m","Jan 6, 2014",18/1,Стевица Ристиќ,5148.0,Macedonia   Serbia,Vršac,HBR Sport,1374.0,Striker - Centre Forward,"May 23, 1982 (33)",104607.0
Andrey Sekretov,,,,,,,,,,https://www.stevicaristic.com,33.0,,-,Jugoslawien (SFR),Jeonnam Dragons,6503.0,"May 23, 1982",,Main position:Centre Forward,Stevica Ristic,right,"1,88 m","Jan 6, 2014",18/1,Стевица Ристиќ,5148.0,Macedonia   Serbia,Vršac,HBR Sport,1374.0,Striker - Centre Forward,"May 23, 1982 (33)",104641.0
Evgeni Tyukalov,,,,,,,,,,https://www.stevicaristic.com,33.0,,-,Jugoslawien (SFR),Jeonnam Dragons,6503.0,"May 23, 1982",,Main position:Centre Forward,Stevica Ristic,right,"1,88 m","Jan 6, 2014",18/1,Стевица Ристиќ,5148.0,Macedonia   Serbia,Vršac,HBR Sport,1374.0,Striker - Centre Forward,"May 23, 1982 (33)",104643.0
Ildar Bikchantaev,,,,,,,,,,https://www.stevicaristic.com,33.0,,-,Jugoslawien (SFR),Jeonnam Dragons,6503.0,"May 23, 1982",,Main position:Centre Forward,Stevica Ristic,right,"1,88 m","Jan 6, 2014",18/1,Стевица Ристиќ,5148.0,Macedonia   Serbia,Vršac,HBR Sport,1374.0,Striker - Centre Forward,"May 23, 1982 (33)",104696.0
Alisher Dzhalilov,,,,,,,,,,https://www.stevicaristic.com,33.0,,-,Jugoslawien (SFR),Jeonnam Dragons,6503.0,"May 23, 1982",,Main position:Centre Forward,Stevica Ristic,right,"1,88 m","Jan 6, 2014",18/1,Стевица Ристиќ,5148.0,Macedonia   Serbia,Vršac,HBR Sport,1374.0,Striker - Centre Forward,"May 23, 1982 (33)",104697.0
Iskandar Dzhalilov,,,,,,,,,,https://www.stevicaristic.com,33.0,,-,Jugoslawien (SFR),Jeonnam Dragons,6503.0,"May 23, 1982",,Main position:Centre Forward,Stevica Ristic,right,"1,88 m","Jan 6, 2014",18/1,Стевица Ристиќ,5148.0,Macedonia   Serbia,Vršac,HBR Sport,1374.0,Striker - Centre Forward,"May 23, 1982 (33)",104837.0
Ruslan Pashtov,,,,,,,,,,https://www.stevicaristic.com,33.0,,-,Jugoslawien (SFR),Jeonnam Dragons,6503.0,"May 23, 1982",,Main position:Centre Forward,Stevica Ristic,right,"1,88 m","Jan 6, 2014",18/1,Стевица Ристиќ,5148.0,Macedonia   Serbia,Vršac,HBR Sport,1374.0,Striker - Centre Forward,"May 23, 1982 (33)",104869.0
Aleksandr Eliseev,,,,,,,,,,https://www.stevicaristic.com,33.0,,-,Jugoslawien (SFR),Jeonnam Dragons,6503.0,"May 23, 1982",,Main position:Centre Forward,Stevica Ristic,right,"1,88 m","Jan 6, 2014",18/1,Стевица Ристиќ,5148.0,Macedonia   Serbia,Vršac,HBR Sport,1374.0,Striker - Centre Forward,"May 23, 1982 (33)",105261.0
Irakli Chezhia,,,,,,,,,,https://www.stevicaristic.com,33.0,,-,Jugoslawien (SFR),Jeonnam Dragons,6503.0,"May 23, 1982",,Main position:Centre Forward,Stevica Ristic,right,"1,88 m","Jan 6, 2014",18/1,Стевица Ристиќ,5148.0,Macedonia   Serbia,Vršac,HBR Sport,1374.0,Striker - Centre Forward,"May 23, 1982 (33)",105497.0
Azamat Dzhioev,,,,,,,,,,https://www.stevicaristic.com,33.0,,-,Jugoslawien (SFR),Jeonnam Dragons,6503.0,"May 23, 1982",,Main position:Centre Forward,Stevica Ristic,right,"1,88 m","Jan 6, 2014",18/1,Стевица Ристиќ,5148.0,Macedonia   Serbia,Vršac,HBR Sport,1374.0,Striker - Centre Forward,"May 23, 1982 (33)",105498.0
Dmitri Kayumov,,,,,,,,,,https://www.stevicaristic.com,33.0,,-,Jugoslawien (SFR),Jeonnam Dragons,6503.0,"May 23, 1982",,Main position:Centre Forward,Stevica Ristic,right,"1,88 m","Jan 6, 2014",18/1,Стевица Ристиќ,5148.0,Macedonia   Serbia,Vršac,HBR Sport,1374.0,Striker - Centre Forward,"May 23, 1982 (33)",105502.0
Vladimir Obukhov,,,,,,,,,,https://www.stevicaristic.com,33.0,,-,Jugoslawien (SFR),Jeonnam Dragons,6503.0,"May 23, 1982",,Main position:Centre Forward,Stevica Ristic,right,"1,88 m","Jan 6, 2014",18/1,Стевица Ристиќ,5148.0,Macedonia   Serbia,Vršac,HBR Sport,1374.0,Striker - Centre Forward,"May 23, 1982 (33)",105506.0
Semen Fedotov,,,,,,,,,,https://www.stevicaristic.com,33.0,,-,Jugoslawien (SFR),Jeonnam Dragons,6503.0,"May 23, 1982",,Main position:Centre Forward,Stevica Ristic,right,"1,88 m","Jan 6, 2014",18/1,Стевица Ристиќ,5148.0,Macedonia   Serbia,Vršac,HBR Sport,1374.0,Striker - Centre Forward,"May 23, 1982 (33)",106532.0
Dmitri Aydov,,,,,,,,,,https://www.stevicaristic.com,33.0,,-,Jugoslawien (SFR),Jeonnam Dragons,6503.0,"May 23, 1982",,Main position:Centre Forward,Stevica Ristic,right,"1,88 m","Jan 6, 2014",18/1,Стевица Ристиќ,5148.0,Macedonia   Serbia,Vršac,HBR Sport,1374.0,Striker - Centre Forward,"May 23, 1982 (33)",106617.0
Andrey Buyvolov,,,,,,,,,,https://www.stevicaristic.com,33.0,,-,Jugoslawien (SFR),Jeonnam Dragons,6503.0,"May 23, 1982",,Main position:Centre Forward,Stevica Ristic,right,"1,88 m","Jan 6, 2014",18/1,Стевица Ристиќ,5148.0,Macedonia   Serbia,Vršac,HBR Sport,1374.0,Striker - Centre Forward,"May 23, 1982 (33)",106619.0
Dmitri Polyanin,,,,,,,,,,https://www.stevicaristic.com,33.0,,-,Jugoslawien (SFR),Jeonnam Dragons,6503.0,"May 23, 1982",,Main position:Centre Forward,Stevica Ristic,right,"1,88 m","Jan 6, 2014",18/1,Стевица Ристиќ,5148.0,Macedonia   Serbia,Vršac,HBR Sport,1374.0,Striker - Centre Forward,"May 23, 1982 (33)",106628.0
Sanjar Tursunov,,,,,,,,,,https://www.stevicaristic.com,33.0,,-,Jugoslawien (SFR),Jeonnam Dragons,6503.0,"May 23, 1982",,Main position:Centre Forward,Stevica Ristic,right,"1,88 m","Jan 6, 2014",18/1,Стевица Ристиќ,5148.0,Macedonia   Serbia,Vršac,HBR Sport,1374.0,Striker - Centre Forward,"May 23, 1982 (33)",106632.0
Jucilei,,,,,,,,,,https://www.stevicaristic.com,33.0,,-,Jugoslawien (SFR),Jeonnam Dragons,6503.0,"May 23, 1982",,Main position:Centre Forward,Stevica Ristic,right,"1,88 m","Jan 6, 2014",18/1,Стевица Ристиќ,5148.0,Macedonia   Serbia,Vršac,HBR Sport,1374.0,Striker - Centre Forward,"May 23, 1982 (33)",110326.0
Vitali Djakov,,,,,,,,,,https://www.stevicaristic.com,33.0,,-,Jugoslawien (SFR),Jeonnam Dragons,6503.0,"May 23, 1982",,Main position:Centre Forward,Stevica Ristic,right,"1,88 m","Jan 6, 2014",18/1,Стевица Ристиќ,5148.0,Macedonia   Serbia,Vršac,HBR Sport,1374.0,Striker - Centre Forward,"May 23, 1982 (33)",112088.0
Viktor Kuzmichev,,,,,,,,,,https://www.stevicaristic.com,33.0,,-,Jugoslawien (SFR),Jeonnam Dragons,6503.0,"May 23, 1982",,Main position:Centre Forward,Stevica Ristic,right,"1,88 m","Jan 6, 2014",18/1,Стевица Ристиќ,5148.0,Macedonia   Serbia,Vršac,HBR Sport,1374.0,Striker - Centre Forward,"May 23, 1982 (33)",113919.0
Konstantin Ryabov,,,,,,,,,,https://www.stevicaristic.com,33.0,,-,Jugoslawien (SFR),Jeonnam Dragons,6503.0,"May 23, 1982",,Main position:Centre Forward,Stevica Ristic,right,"1,88 m","Jan 6, 2014",18/1,Стевица Ристиќ,5148.0,Macedonia   Serbia,Vršac,HBR Sport,1374.0,Striker - Centre Forward,"May 23, 1982 (33)",114023.0
Azamat Shogenov,,,,,,,,,,https://www.stevicaristic.com,33.0,,-,Jugoslawien (SFR),Jeonnam Dragons,6503.0,"May 23, 1982",,Main position:Centre Forward,Stevica Ristic,right,"1,88 m","Jan 6, 2014",18/1,Стевица Ристиќ,5148.0,Macedonia   Serbia,Vršac,HBR Sport,1374.0,Striker - Centre Forward,"May 23, 1982 (33)",115440.0
Vladimir Rykov,,,,,,,,,,https://www.stevicaristic.com,33.0,,-,Jugoslawien (SFR),Jeonnam Dragons,6503.0,"May 23, 1982",,Main position:Centre Forward,Stevica Ristic,right,"1,88 m","Jan 6, 2014",18/1,Стевица Ристиќ,5148.0,Macedonia   Serbia,Vršac,HBR Sport,1374.0,Striker - Centre Forward,"May 23, 1982 (33)",117802.0
Guja Rukhaia,,,,,,,,,,https://www.stevicaristic.com,33.0,,-,Jugoslawien (SFR),Jeonnam Dragons,6503.0,"May 23, 1982",,Main position:Centre Forward,Stevica Ristic,right,"1,88 m","Jan 6, 2014",18/1,Стевица Ристиќ,5148.0,Macedonia   Serbia,Vršac,HBR Sport,1374.0,Striker - Centre Forward,"May 23, 1982 (33)",117877.0
Marcos Urena,,,,,,,,,,https://www.stevicaristic.com,33.0,,-,Jugoslawien (SFR),Jeonnam Dragons,6503.0,"May 23, 1982",,Main position:Centre Forward,Stevica Ristic,right,"1,88 m","Jan 6, 2014",18/1,Стевица Ристиќ,5148.0,Macedonia   Serbia,Vršac,HBR Sport,1374.0,Striker - Centre Forward,"May 23, 1982 (33)",118074.0
Emmanuel Emenike,buying option,30.06.2018,Nike,,,,Fenerbahce SK,36.0,,,29.0,,30.06.2016,Nigeria,West Ham United,379.0,"May 10, 1987",,Main position:Centre Forward Side position: Right Wing Left Wing,Emmanuel Emenike,right,"1,82 m","Jan 31, 2016",37/9,Emmanuel Chinenye Emenike,3444.0,Nigeria,Otuocha,Foot & Ball,458.0,Striker - Centre Forward,"May 10, 1987 (29)",120630.0
Mikhail Filippov,,,,,,,,,,https://www.stevicaristic.com,33.0,,-,Jugoslawien (SFR),Jeonnam Dragons,6503.0,"May 23, 1982",,Main position:Centre Forward,Stevica Ristic,right,"1,88 m","Jan 6, 2014",18/1,Стевица Ристиќ,5148.0,Macedonia   Serbia,Vršac,HBR Sport,1374.0,Striker - Centre Forward,"May 23, 1982 (33)",126336.0
Oleg Shalaev,,,,,,,,,,https://www.stevicaristic.com,33.0,,-,Jugoslawien (SFR),Jeonnam Dragons,6503.0,"May 23, 1982",,Main position:Centre Forward,Stevica Ristic,right,"1,88 m","Jan 6, 2014",18/1,Стевица Ристиќ,5148.0,Macedonia   Serbia,Vršac,HBR Sport,1374.0,Striker - Centre Forward,"May 23, 1982 (33)",126338.0
Vyacheslav Isupov,,,,,,,,,,https://www.stevicaristic.com,33.0,,-,Jugoslawien (SFR),Jeonnam Dragons,6503.0,"May 23, 1982",,Main position:Centre Forward,Stevica Ristic,right,"1,88 m","Jan 6, 2014",18/1,Стевица Ристиќ,5148.0,Macedonia   Serbia,Vršac,HBR Sport,1374.0,Striker - Centre Forward,"May 23, 1982 (33)",126340.0
Aleksandr Iljin,,,,,,,,,,https://www.stevicaristic.com,33.0,,-,Jugoslawien (SFR),Jeonnam Dragons,6503.0,"May 23, 1982",,Main position:Centre Forward,Stevica Ristic,right,"1,88 m","Jan 6, 2014",18/1,Стевица Ристиќ,5148.0,Macedonia   Serbia,Vršac,HBR Sport,1374.0,Striker - Centre Forward,"May 23, 1982 (33)",126348.0
Evgeni Kobzar,,,,,,,,,,https://www.stevicaristic.com,33.0,,-,Jugoslawien (SFR),Jeonnam Dragons,6503.0,"May 23, 1982",,Main position:Centre Forward,Stevica Ristic,right,"1,88 m","Jan 6, 2014",18/1,Стевица Ристиќ,5148.0,Macedonia   Serbia,Vršac,HBR Sport,1374.0,Striker - Centre Forward,"May 23, 1982 (33)",126434.0
Nikita Bocharov,,,,,,,,,,https://www.stevicaristic.com,33.0,,-,Jugoslawien (SFR),Jeonnam Dragons,6503.0,"May 23, 1982",,Main position:Centre Forward,Stevica Ristic,right,"1,88 m","Jan 6, 2014",18/1,Стевица Ристиќ,5148.0,Macedonia   Serbia,Vršac,HBR Sport,1374.0,Striker - Centre Forward,"May 23, 1982 (33)",127308.0
Stanislav Murikhin,,,,,,,,,,https://www.stevicaristic.com,33.0,,-,Jugoslawien (SFR),Jeonnam Dragons,6503.0,"May 23, 1982",,Main position:Centre Forward,Stevica Ristic,right,"1,88 m","Jan 6, 2014",18/1,Стевица Ристиќ,5148.0,Macedonia   Serbia,Vršac,HBR Sport,1374.0,Striker - Centre Forward,"May 23, 1982 (33)",127325.0
Astemir Sheriev,,,,,,,,,,https://www.stevicaristic.com,33.0,,-,Jugoslawien (SFR),Jeonnam Dragons,6503.0,"May 23, 1982",,Main position:Centre Forward,Stevica Ristic,right,"1,88 m","Jan 6, 2014",18/1,Стевица Ристиќ,5148.0,Macedonia   Serbia,Vršac,HBR Sport,1374.0,Striker - Centre Forward,"May 23, 1982 (33)",127974.0
Igor Golban,,,,,,,,,,https://www.stevicaristic.com,33.0,,-,Jugoslawien (SFR),Jeonnam Dragons,6503.0,"May 23, 1982",,Main position:Centre Forward,Stevica Ristic,right,"1,88 m","Jan 6, 2014",18/1,Стевица Ристиќ,5148.0,Macedonia   Serbia,Vršac,HBR Sport,1374.0,Striker - Centre Forward,"May 23, 1982 (33)",128936.0
Serder Serderov,,,,,,,,,,https://www.stevicaristic.com,33.0,,-,Jugoslawien (SFR),Jeonnam Dragons,6503.0,"May 23, 1982",,Main position:Centre Forward,Stevica Ristic,right,"1,88 m","Jan 6, 2014",18/1,Стевица Ристиќ,5148.0,Macedonia   Serbia,Vršac,HBR Sport,1374.0,Striker - Centre Forward,"May 23, 1982 (33)",129103.0
Magomed Ozdoev,,,,,,,,,,https://www.stevicaristic.com,33.0,,-,Jugoslawien (SFR),Jeonnam Dragons,6503.0,"May 23, 1982",,Main position:Centre Forward,Stevica Ristic,right,"1,88 m","Jan 6, 2014",18/1,Стевица Ристиќ,5148.0,Macedonia   Serbia,Vršac,HBR Sport,1374.0,Striker - Centre Forward,"May 23, 1982 (33)",137206.0
Anton Lunin,,,,,,,,,,https://www.stevicaristic.com,33.0,,-,Jugoslawien (SFR),Jeonnam Dragons,6503.0,"May 23, 1982",,Main position:Centre Forward,Stevica Ristic,right,"1,88 m","Jan 6, 2014",18/1,Стевица Ристиќ,5148.0,Macedonia   Serbia,Vršac,HBR Sport,1374.0,Striker - Centre Forward,"May 23, 1982 (33)",138100.0
Borys Tashchy,,,,,,,,,,https://www.stevicaristic.com,33.0,,-,Jugoslawien (SFR),Jeonnam Dragons,6503.0,"May 23, 1982",,Main position:Centre Forward,Stevica Ristic,right,"1,88 m","Jan 6, 2014",18/1,Стевица Ристиќ,5148.0,Macedonia   Serbia,Vršac,HBR Sport,1374.0,Striker - Centre Forward,"May 23, 1982 (33)",138292.0
Nicolás Peñailillo,,,,,,,,,,https://www.stevicaristic.com,33.0,,-,Jugoslawien (SFR),Jeonnam Dragons,6503.0,"May 23, 1982",,Main position:Centre Forward,Stevica Ristic,right,"1,88 m","Jan 6, 2014",18/1,Стевица Ристиќ,5148.0,Macedonia   Serbia,Vršac,HBR Sport,1374.0,Striker - Centre Forward,"May 23, 1982 (33)",138980.0
Egor Ivanov,,,,,,,,,,https://www.stevicaristic.com,33.0,,-,Jugoslawien (SFR),Jeonnam Dragons,6503.0,"May 23, 1982",,Main position:Centre Forward,Stevica Ristic,right,"1,88 m","Jan 6, 2014",18/1,Стевица Ристиќ,5148.0,Macedonia   Serbia,Vršac,HBR Sport,1374.0,Striker - Centre Forward,"May 23, 1982 (33)",144536.0
Artem Popov,,,,,,,,,,https://www.stevicaristic.com,33.0,,-,Jugoslawien (SFR),Jeonnam Dragons,6503.0,"May 23, 1982",,Main position:Centre Forward,Stevica Ristic,right,"1,88 m","Jan 6, 2014",18/1,Стевица Ристиќ,5148.0,Macedonia   Serbia,Vršac,HBR Sport,1374.0,Striker - Centre Forward,"May 23, 1982 (33)",144542.0
Petr Ten,,,,,,,,,,https://www.stevicaristic.com,33.0,,-,Jugoslawien (SFR),Jeonnam Dragons,6503.0,"May 23, 1982",,Main position:Centre Forward,Stevica Ristic,right,"1,88 m","Jan 6, 2014",18/1,Стевица Ристиќ,5148.0,Macedonia   Serbia,Vršac,HBR Sport,1374.0,Striker - Centre Forward,"May 23, 1982 (33)",144547.0
Vitali Komisov,,,,,,,,,,https://www.stevicaristic.com,33.0,,-,Jugoslawien (SFR),Jeonnam Dragons,6503.0,"May 23, 1982",,Main position:Centre Forward,Stevica Ristic,right,"1,88 m","Jan 6, 2014",18/1,Стевица Ристиќ,5148.0,Macedonia   Serbia,Vršac,HBR Sport,1374.0,Striker - Centre Forward,"May 23, 1982 (33)",144689.0
Yusup Tepishev,,,,,,,,,,https://www.stevicaristic.com,33.0,,-,Jugoslawien (SFR),Jeonnam Dragons,6503.0,"May 23, 1982",,Main position:Centre Forward,Stevica Ristic,right,"1,88 m","Jan 6, 2014",18/1,Стевица Ристиќ,5148.0,Macedonia   Serbia,Vršac,HBR Sport,1374.0,Striker - Centre Forward,"May 23, 1982 (33)",144698.0
Murad Qurbanov,,,,,,,,,,https://www.stevicaristic.com,33.0,,-,Jugoslawien (SFR),Jeonnam Dragons,6503.0,"May 23, 1982",,Main position:Centre Forward,Stevica Ristic,right,"1,88 m","Jan 6, 2014",18/1,Стевица Ристиќ,5148.0,Macedonia   Serbia,Vršac,HBR Sport,1374.0,Striker - Centre Forward,"May 23, 1982 (33)",144771.0
Sergey Ponomarenko,,,,,,,,,,https://www.stevicaristic.com,33.0,,-,Jugoslawien (SFR),Jeonnam Dragons,6503.0,"May 23, 1982",,Main position:Centre Forward,Stevica Ristic,right,"1,88 m","Jan 6, 2014",18/1,Стевица Ристиќ,5148.0,Macedonia   Serbia,Vršac,HBR Sport,1374.0,Striker - Centre Forward,"May 23, 1982 (33)",145856.0
Evgeni Ovsienko,,,,,,,,,,https://www.stevicaristic.com,33.0,,-,Jugoslawien (SFR),Jeonnam Dragons,6503.0,"May 23, 1982",,Main position:Centre Forward,Stevica Ristic,right,"1,88 m","Jan 6, 2014",18/1,Стевица Ристиќ,5148.0,Macedonia   Serbia,Vršac,HBR Sport,1374.0,Striker - Centre Forward,"May 23, 1982 (33)",145969.0
Zurab Tsiskaridze,,,,,,,,,,https://www.stevicaristic.com,33.0,,-,Jugoslawien (SFR),Jeonnam Dragons,6503.0,"May 23, 1982",,Main position:Centre Forward,Stevica Ristic,right,"1,88 m","Jan 6, 2014",18/1,Стевица Ристиќ,5148.0,Macedonia   Serbia,Vršac,HBR Sport,1374.0,Striker - Centre Forward,"May 23, 1982 (33)",146555.0
Yuri Nesterenko,,,,,,,,,,https://www.stevicaristic.com,33.0,,-,Jugoslawien (SFR),Jeonnam Dragons,6503.0,"May 23, 1982",,Main position:Centre Forward,Stevica Ristic,right,"1,88 m","Jan 6, 2014",18/1,Стевица Ристиќ,5148.0,Macedonia   Serbia,Vršac,HBR Sport,1374.0,Striker - Centre Forward,"May 23, 1982 (33)",147072.0
Vladimir Sobolev,,,,,,,,,,https://www.stevicaristic.com,33.0,,-,Jugoslawien (SFR),Jeonnam Dragons,6503.0,"May 23, 1982",,Main position:Centre Forward,Stevica Ristic,right,"1,88 m","Jan 6, 2014",18/1,Стевица Ристиќ,5148.0,Macedonia   Serbia,Vršac,HBR Sport,1374.0,Striker - Centre Forward,"May 23, 1982 (33)",149182.0
Sharif Mukhammad,,,,,,,,,,https://www.stevicaristic.com,33.0,,-,Jugoslawien (SFR),Jeonnam Dragons,6503.0,"May 23, 1982",,Main position:Centre Forward,Stevica Ristic,right,"1,88 m","Jan 6, 2014",18/1,Стевица Ристиќ,5148.0,Macedonia   Serbia,Vršac,HBR Sport,1374.0,Striker - Centre Forward,"May 23, 1982 (33)",155050.0
Apti Akh'yadov,,,,,,,,,,https://www.stevicaristic.com,33.0,,-,Jugoslawien (SFR),Jeonnam Dragons,6503.0,"May 23, 1982",,Main position:Centre Forward,Stevica Ristic,right,"1,88 m","Jan 6, 2014",18/1,Стевица Ристиќ,5148.0,Macedonia   Serbia,Vršac,HBR Sport,1374.0,Striker - Centre Forward,"May 23, 1982 (33)",155300.0
Ramzan Asaev,,,,,,,,,,https://www.stevicaristic.com,33.0,,-,Jugoslawien (SFR),Jeonnam Dragons,6503.0,"May 23, 1982",,Main position:Centre Forward,Stevica Ristic,right,"1,88 m","Jan 6, 2014",18/1,Стевица Ристиќ,5148.0,Macedonia   Serbia,Vršac,HBR Sport,1374.0,Striker - Centre Forward,"May 23, 1982 (33)",155301.0
Nur-Islam Dzhabrailov,,,,,,,,,,https://www.stevicaristic.com,33.0,,-,Jugoslawien (SFR),Jeonnam Dragons,6503.0,"May 23, 1982",,Main position:Centre Forward,Stevica Ristic,right,"1,88 m","Jan 6, 2014",18/1,Стевица Ристиќ,5148.0,Macedonia   Serbia,Vršac,HBR Sport,1374.0,Striker - Centre Forward,"May 23, 1982 (33)",155303.0
Khalid Kadyrov,,,,,,,,,,https://www.stevicaristic.com,33.0,,-,Jugoslawien (SFR),Jeonnam Dragons,6503.0,"May 23, 1982",,Main position:Centre Forward,Stevica Ristic,right,"1,88 m","Jan 6, 2014",18/1,Стевица Ристиќ,5148.0,Macedonia   Serbia,Vršac,HBR Sport,1374.0,Striker - Centre Forward,"May 23, 1982 (33)",155304.0
Sergey Tumasyan,,,,,,,,,,https://www.stevicaristic.com,33.0,,-,Jugoslawien (SFR),Jeonnam Dragons,6503.0,"May 23, 1982",,Main position:Centre Forward,Stevica Ristic,right,"1,88 m","Jan 6, 2014",18/1,Стевица Ристиќ,5148.0,Macedonia   Serbia,Vršac,HBR Sport,1374.0,Striker - Centre Forward,"May 23, 1982 (33)",155673.0
Magomed Abidinov,,,,,,,,,,https://www.stevicaristic.com,33.0,,-,Jugoslawien (SFR),Jeonnam Dragons,6503.0,"May 23, 1982",,Main position:Centre Forward,Stevica Ristic,right,"1,88 m","Jan 6, 2014",18/1,Стевица Ристиќ,5148.0,Macedonia   Serbia,Vršac,HBR Sport,1374.0,Striker - Centre Forward,"May 23, 1982 (33)",155864.0
Gadzhi Gadzhiev,,,,,,,,,,https://www.stevicaristic.com,33.0,,-,Jugoslawien (SFR),Jeonnam Dragons,6503.0,"May 23, 1982",,Main position:Centre Forward,Stevica Ristic,right,"1,88 m","Jan 6, 2014",18/1,Стевица Ристиќ,5148.0,Macedonia   Serbia,Vršac,HBR Sport,1374.0,Striker - Centre Forward,"May 23, 1982 (33)",155870.0
Akhmad Magomedov,,,,,,,,,,https://www.stevicaristic.com,33.0,,-,Jugoslawien (SFR),Jeonnam Dragons,6503.0,"May 23, 1982",,Main position:Centre Forward,Stevica Ristic,right,"1,88 m","Jan 6, 2014",18/1,Стевица Ристиќ,5148.0,Macedonia   Serbia,Vršac,HBR Sport,1374.0,Striker - Centre Forward,"May 23, 1982 (33)",155876.0
Artem Molodtsov,,,,,,,,,,https://www.stevicaristic.com,33.0,,-,Jugoslawien (SFR),Jeonnam Dragons,6503.0,"May 23, 1982",,Main position:Centre Forward,Stevica Ristic,right,"1,88 m","Jan 6, 2014",18/1,Стевица Ристиќ,5148.0,Macedonia   Serbia,Vršac,HBR Sport,1374.0,Striker - Centre Forward,"May 23, 1982 (33)",155878.0
Solomon Kvirkvelia,,,,,,,,,,https://www.stevicaristic.com,33.0,,-,Jugoslawien (SFR),Jeonnam Dragons,6503.0,"May 23, 1982",,Main position:Centre Forward,Stevica Ristic,right,"1,88 m","Jan 6, 2014",18/1,Стевица Ристиќ,5148.0,Macedonia   Serbia,Vršac,HBR Sport,1374.0,Striker - Centre Forward,"May 23, 1982 (33)",157391.0
Anton Antipov,,,,,,,,,,https://www.stevicaristic.com,33.0,,-,Jugoslawien (SFR),Jeonnam Dragons,6503.0,"May 23, 1982",,Main position:Centre Forward,Stevica Ristic,right,"1,88 m","Jan 6, 2014",18/1,Стевица Ристиќ,5148.0,Macedonia   Serbia,Vršac,HBR Sport,1374.0,Striker - Centre Forward,"May 23, 1982 (33)",157472.0
Denis Voronov,,,,,,,,,,https://www.stevicaristic.com,33.0,,-,Jugoslawien (SFR),Jeonnam Dragons,6503.0,"May 23, 1982",,Main position:Centre Forward,Stevica Ristic,right,"1,88 m","Jan 6, 2014",18/1,Стевица Ристиќ,5148.0,Macedonia   Serbia,Vršac,HBR Sport,1374.0,Striker - Centre Forward,"May 23, 1982 (33)",157703.0
Ruslan Abazov,,,,,,,,,,https://www.stevicaristic.com,33.0,,-,Jugoslawien (SFR),Jeonnam Dragons,6503.0,"May 23, 1982",,Main position:Centre Forward,Stevica Ristic,right,"1,88 m","Jan 6, 2014",18/1,Стевица Ристиќ,5148.0,Macedonia   Serbia,Vršac,HBR Sport,1374.0,Striker - Centre Forward,"May 23, 1982 (33)",158837.0
Magomed Mitrishev,,,,,,,,,,https://www.stevicaristic.com,33.0,,-,Jugoslawien (SFR),Jeonnam Dragons,6503.0,"May 23, 1982",,Main position:Centre Forward,Stevica Ristic,right,"1,88 m","Jan 6, 2014",18/1,Стевица Ристиќ,5148.0,Macedonia   Serbia,Vršac,HBR Sport,1374.0,Striker - Centre Forward,"May 23, 1982 (33)",158865.0
Wálter Chalá,,,,,,,,,,https://www.stevicaristic.com,33.0,,-,Jugoslawien (SFR),Jeonnam Dragons,6503.0,"May 23, 1982",,Main position:Centre Forward,Stevica Ristic,right,"1,88 m","Jan 6, 2014",18/1,Стевица Ристиќ,5148.0,Macedonia   Serbia,Vršac,HBR Sport,1374.0,Striker - Centre Forward,"May 23, 1982 (33)",160208.0
Ilya Mikhalev,,,,,,,,,,https://www.stevicaristic.com,33.0,,-,Jugoslawien (SFR),Jeonnam Dragons,6503.0,"May 23, 1982",,Main position:Centre Forward,Stevica Ristic,right,"1,88 m","Jan 6, 2014",18/1,Стевица Ристиќ,5148.0,Macedonia   Serbia,Vršac,HBR Sport,1374.0,Striker - Centre Forward,"May 23, 1982 (33)",167032.0
Sergey Revyakin,,,,,,,,,,https://www.stevicaristic.com,33.0,,-,Jugoslawien (SFR),Jeonnam Dragons,6503.0,"May 23, 1982",,Main position:Centre Forward,Stevica Ristic,right,"1,88 m","Jan 6, 2014",18/1,Стевица Ристиќ,5148.0,Macedonia   Serbia,Vršac,HBR Sport,1374.0,Striker - Centre Forward,"May 23, 1982 (33)",170607.0
Igor Paderin,,,,,,,,,,https://www.stevicaristic.com,33.0,,-,Jugoslawien (SFR),Jeonnam Dragons,6503.0,"May 23, 1982",,Main position:Centre Forward,Stevica Ristic,right,"1,88 m","Jan 6, 2014",18/1,Стевица Ристиќ,5148.0,Macedonia   Serbia,Vršac,HBR Sport,1374.0,Striker - Centre Forward,"May 23, 1982 (33)",176548.0
Dmitri Telegin,,,,,,,,,,https://www.stevicaristic.com,33.0,,-,Jugoslawien (SFR),Jeonnam Dragons,6503.0,"May 23, 1982",,Main position:Centre Forward,Stevica Ristic,right,"1,88 m","Jan 6, 2014",18/1,Стевица Ристиќ,5148.0,Macedonia   Serbia,Vršac,HBR Sport,1374.0,Striker - Centre Forward,"May 23, 1982 (33)",176621.0
Evgeni Frolov,,,,,,,,,,https://www.stevicaristic.com,33.0,,-,Jugoslawien (SFR),Jeonnam Dragons,6503.0,"May 23, 1982",,Main position:Centre Forward,Stevica Ristic,right,"1,88 m","Jan 6, 2014",18/1,Стевица Ристиќ,5148.0,Macedonia   Serbia,Vršac,HBR Sport,1374.0,Striker - Centre Forward,"May 23, 1982 (33)",177350.0
Joseph Di Chiara,,,,,,,,,,https://www.stevicaristic.com,33.0,,-,Jugoslawien (SFR),Jeonnam Dragons,6503.0,"May 23, 1982",,Main position:Centre Forward,Stevica Ristic,right,"1,88 m","Jan 6, 2014",18/1,Стевица Ристиќ,5148.0,Macedonia   Serbia,Vršac,HBR Sport,1374.0,Striker - Centre Forward,"May 23, 1982 (33)",181116.0
Dmitri Volkotrub,,,,,,,,,,https://www.stevicaristic.com,33.0,,-,Jugoslawien (SFR),Jeonnam Dragons,6503.0,"May 23, 1982",,Main position:Centre Forward,Stevica Ristic,right,"1,88 m","Jan 6, 2014",18/1,Стевица Ристиќ,5148.0,Macedonia   Serbia,Vršac,HBR Sport,1374.0,Striker - Centre Forward,"May 23, 1982 (33)",181833.0
Yakov Zayka,,,,,,,,,,https://www.stevicaristic.com,33.0,,-,Jugoslawien (SFR),Jeonnam Dragons,6503.0,"May 23, 1982",,Main position:Centre Forward,Stevica Ristic,right,"1,88 m","Jan 6, 2014",18/1,Стевица Ристиќ,5148.0,Macedonia   Serbia,Vršac,HBR Sport,1374.0,Striker - Centre Forward,"May 23, 1982 (33)",181965.0
Vladimir Ageev,,,,,,,,,,https://www.stevicaristic.com,33.0,,-,Jugoslawien (SFR),Jeonnam Dragons,6503.0,"May 23, 1982",,Main position:Centre Forward,Stevica Ristic,right,"1,88 m","Jan 6, 2014",18/1,Стевица Ристиќ,5148.0,Macedonia   Serbia,Vršac,HBR Sport,1374.0,Striker - Centre Forward,"May 23, 1982 (33)",187018.0
Kirill Pogrebnyak,,,,,,,,,,https://www.stevicaristic.com,33.0,,-,Jugoslawien (SFR),Jeonnam Dragons,6503.0,"May 23, 1982",,Main position:Centre Forward,Stevica Ristic,right,"1,88 m","Jan 6, 2014",18/1,Стевица Ристиќ,5148.0,Macedonia   Serbia,Vršac,HBR Sport,1374.0,Striker - Centre Forward,"May 23, 1982 (33)",187042.0
Ilya Protasov,,,,,,,,,,https://www.stevicaristic.com,33.0,,-,Jugoslawien (SFR),Jeonnam Dragons,6503.0,"May 23, 1982",,Main position:Centre Forward,Stevica Ristic,right,"1,88 m","Jan 6, 2014",18/1,Стевица Ристиќ,5148.0,Macedonia   Serbia,Vršac,HBR Sport,1374.0,Striker - Centre Forward,"May 23, 1982 (33)",187044.0
Khoren Bayramyan,,,,,,,,,,https://www.stevicaristic.com,33.0,,-,Jugoslawien (SFR),Jeonnam Dragons,6503.0,"May 23, 1982",,Main position:Centre Forward,Stevica Ristic,right,"1,88 m","Jan 6, 2014",18/1,Стевица Ристиќ,5148.0,Macedonia   Serbia,Vršac,HBR Sport,1374.0,Striker - Centre Forward,"May 23, 1982 (33)",189715.0
Nikita Vasiljev,,,,,,,,,,https://www.stevicaristic.com,33.0,,-,Jugoslawien (SFR),Jeonnam Dragons,6503.0,"May 23, 1982",,Main position:Centre Forward,Stevica Ristic,right,"1,88 m","Jan 6, 2014",18/1,Стевица Ристиќ,5148.0,Macedonia   Serbia,Vršac,HBR Sport,1374.0,Striker - Centre Forward,"May 23, 1982 (33)",190029.0
Akhmat Chochuev,,,,,,,,,,https://www.stevicaristic.com,33.0,,-,Jugoslawien (SFR),Jeonnam Dragons,6503.0,"May 23, 1982",,Main position:Centre Forward,Stevica Ristic,right,"1,88 m","Jan 6, 2014",18/1,Стевица Ристиќ,5148.0,Macedonia   Serbia,Vršac,HBR Sport,1374.0,Striker - Centre Forward,"May 23, 1982 (33)",190342.0
Ivan Knyazev,,,,,,,,,,https://www.stevicaristic.com,33.0,,-,Jugoslawien (SFR),Jeonnam Dragons,6503.0,"May 23, 1982",,Main position:Centre Forward,Stevica Ristic,right,"1,88 m","Jan 6, 2014",18/1,Стевица Ристиќ,5148.0,Macedonia   Serbia,Vršac,HBR Sport,1374.0,Striker - Centre Forward,"May 23, 1982 (33)",190358.0
Aleksandr Solovjev,,,,,,,,,,https://www.stevicaristic.com,33.0,,-,Jugoslawien (SFR),Jeonnam Dragons,6503.0,"May 23, 1982",,Main position:Centre Forward,Stevica Ristic,right,"1,88 m","Jan 6, 2014",18/1,Стевица Ристиќ,5148.0,Macedonia   Serbia,Vršac,HBR Sport,1374.0,Striker - Centre Forward,"May 23, 1982 (33)",191710.0
Vasili Samokhvalov,,,,,,,,,,https://www.stevicaristic.com,33.0,,-,Jugoslawien (SFR),Jeonnam Dragons,6503.0,"May 23, 1982",,Main position:Centre Forward,Stevica Ristic,right,"1,88 m","Jan 6, 2014",18/1,Стевица Ристиќ,5148.0,Macedonia   Serbia,Vršac,HBR Sport,1374.0,Striker - Centre Forward,"May 23, 1982 (33)",192915.0
Ruslan Bolov,,,,,,,,,,https://www.stevicaristic.com,33.0,,-,Jugoslawien (SFR),Jeonnam Dragons,6503.0,"May 23, 1982",,Main position:Centre Forward,Stevica Ristic,right,"1,88 m","Jan 6, 2014",18/1,Стевица Ристиќ,5148.0,Macedonia   Serbia,Vršac,HBR Sport,1374.0,Striker - Centre Forward,"May 23, 1982 (33)",192921.0
Zalim Kanikhov,,,,,,,,,,https://www.stevicaristic.com,33.0,,-,Jugoslawien (SFR),Jeonnam Dragons,6503.0,"May 23, 1982",,Main position:Centre Forward,Stevica Ristic,right,"1,88 m","Jan 6, 2014",18/1,Стевица Ристиќ,5148.0,Macedonia   Serbia,Vršac,HBR Sport,1374.0,Striker - Centre Forward,"May 23, 1982 (33)",192925.0
Sergiy Garashchenkov,,,,,,,,,,https://www.stevicaristic.com,33.0,,-,Jugoslawien (SFR),Jeonnam Dragons,6503.0,"May 23, 1982",,Main position:Centre Forward,Stevica Ristic,right,"1,88 m","Jan 6, 2014",18/1,Стевица Ристиќ,5148.0,Macedonia   Serbia,Vršac,HBR Sport,1374.0,Striker - Centre Forward,"May 23, 1982 (33)",193812.0
Maksim Ermakov,,,,,,,,,,https://www.stevicaristic.com,33.0,,-,Jugoslawien (SFR),Jeonnam Dragons,6503.0,"May 23, 1982",,Main position:Centre Forward,Stevica Ristic,right,"1,88 m","Jan 6, 2014",18/1,Стевица Ристиќ,5148.0,Macedonia   Serbia,Vršac,HBR Sport,1374.0,Striker - Centre Forward,"May 23, 1982 (33)",202511.0
Anton Sekret,,,,,,,,,,https://www.stevicaristic.com,33.0,,-,Jugoslawien (SFR),Jeonnam Dragons,6503.0,"May 23, 1982",,Main position:Centre Forward,Stevica Ristic,right,"1,88 m","Jan 6, 2014",18/1,Стевица Ристиќ,5148.0,Macedonia   Serbia,Vršac,HBR Sport,1374.0,Striker - Centre Forward,"May 23, 1982 (33)",202523.0
