name,2nd club,2nd club id,Complete name,Contract option,Date of last contract extension,Player's agent,Player's agent id,facebook,instagram,twitter,website,Age,Contract there until,Contract until,Country of birth,Current club,Current club id,Date of birth,Detailed position,Display name,Foot,Height,In the team since,Intl caps/goals,Name in home country,National team id,Nationality,Place of birth,Position,birthDate,on loan from,on loan from club id,error,id
Freddy Adu,,,,,,WMG,440,,http://instagram.com/freddy_adu,http://twitter.com/FreddyAdu,http://www.freddyadu.com,27.0,,30.11.2016,Ghana,Tampa Bay Rowdies,23565.0,"Jun 2, 1989",Main position:Attacking Midfield Side position: Secondary Striker Right Midfield,Freddy Adu,both,"1,70 m","Jul 14, 2015",16/2,Fredua Koranteng Adu,3505.0,United States   Ghana,Tema,Midfield - Attacking Midfield,"Jun 2, 1989 (27)",,,,8518.0
Ivan Bandalovski,,,,,,No agent,96,,,,,29.0,,30.6.2017,Bulgaria,FK Partizan Belgrade,669.0,"Nov 23, 1986",Main position:Right-Back Side position: Left-Back Centre Back,Ivan Bandalovski,right,"1,83 m","Jan 31, 2015",16/0,Иван Бандаловски,3394.0,Bulgaria,Sofia,Defence - Right-Back,"Nov 23, 1986 (29)",,,,26336.0
Branko Ilic,,,,,,Jurkicsport,1469,,,,,33.0,,-,Jugoslawien (SFR),Urawa Red Diamonds,828.0,"Feb 6, 1983",Main position:Centre Back Side position: Right-Back Defensive Midfield,Branko Ilic,right,"1,88 m","Jan 6, 2016",64/1,,3588.0,Slovenia,Ljubljana,Defence - Centre Back,"Feb 6, 1983 (33)",,,,29977.0
Ugo Ukah,,,,,,Dea football investment,3525,,,,,32.0,,30.06.2017,Italy,AEL Kalloni,28956.0,"Jan 18, 1984",Main position:Centre Back Side position: Right-Back,Ugo Ukah,right,"1,86 m","Jul 3, 2015",1/0,Ugochukwu Ukah,3444.0,Nigeria   Italy,Parma,Defence - Centre Back,"Jan 18, 1984 (32)",,,,33222.0
Milos Pavlovic,,,,,,,,,,,,32.0,,-,Jugoslawien (SFR),FK Vozdovac,4634.0,"Nov 27, 1983",Main position:Defensive Midfield Side position: Central Midfield Centre Back,Milos Pavlovic,right,"1,91 m","Aug 31, 2014",1/0,Милош Павловић,9566.0,Serbia,Belgrad,Midfield - Defensive Midfield,"Nov 27, 1983 (32)",,,,36044.0
Ivan Vukovic,,,,,,,,,,,,29.0,,30.06.2016,Jugoslawien (SFR),Mladost Podgorica,10883.0,"Feb 9, 1987",Main position:Centre Forward,Ivan Vukovic,left,"1,76 m","Jan 10, 2016",2/0,Ivan Vuković,11953.0,Montenegro,Podgorica,Striker - Centre Forward,"Feb 9, 1987 (29)",,,,36178.0
Pavle Popara,,,,,,RB - SOCCER AGENCY GALAXY LLC,3332,,,,,29.0,,-,Jugoslawien (SFR),Orange County Blues FC,31068.0,"May 20, 1987",Main position:Central Midfield Side position: Defensive Midfield Attacking Midfield,Pavle Popara,right,"1,77 m","Jul 15, 2015",,,,Serbia   Bulgaria,Kragujevac,Midfield - Central Midfield,"May 20, 1987 (29)",,,,38634.0
Zoran Belosevic,,,,,,Etar Ltd. Sports Management Division,902,,,,,32.0,,-,Jugoslawien (SFR),Hamilton Thunder S.C.,20731.0,"Jun 20, 1983",Main position:Left-Back Side position: Left Midfield,Zoran Belosevic,left,"1,78 m","Jul 1, 2015",2/0,Зopaн Бeлoшeвић,33289.0,Serbia,Zajecar,Defence - Left-Back,"Jun 20, 1983 (32)",,,,46356.0
Predrag Govedarica,,,,,,,,,,,,31.0,,31.12.2016,Jugoslawien (SFR),Akzhayik Uralsk,28178.0,"Oct 21, 1984",Main position:Defensive Midfield Side position: Central Midfield Centre Back,Predrag Govedarica,right,"1,89 m","Jan 23, 2016",,Предраг Говедарица,,Serbia   Kazakhstan,Belgrad,Midfield - Defensive Midfield,"Oct 21, 1984 (31)",,,,46691.0
Tomislav Ivicic,,,,,,,,,,,,28.0,,-,Jugoslawien (SFR),Unattached,515.0,"Oct 27, 1987",Main position:Centre Forward,Tomislav Ivicic,left,"1,91 m","Jul 1, 2015",,Tomislav Ivičić,,Croatia,Pakrac,Striker - Centre Forward,"Oct 27, 1987 (28)",,,,47512.0
Anej Lovrecic,,,,,,Adman Sport Agentur,3689,,,,,29.0,,-,Jugoslawien (SFR),Unattached,515.0,"May 10, 1987",Main position:Central Midfield Side position: Attacking Midfield Defensive Midfield,Anej Lovrecic,right,"1,78 m","Jun 30, 2016",6/1,Anej Lovrečič,16272.0,Slovenia,Koper,Midfield - Central Midfield,"May 10, 1987 (29)",,,,50298.0
Davor Skerjanc,,,,,,,,,,,,30.0,,-,Jugoslawien (SFR),Unione Triestina,4271.0,"Jan 7, 1986",Main position:Left Wing Side position: Left Midfield,Davor Skerjanc,both,"1,67 m","Jan 5, 2016",4/0,Davor Škerjanc,16272.0,Slovenia,Postojna,Striker - Left Wing,"Jan 7, 1986 (30)",,,,50352.0
Anton Zemlyanukhin,,,,,,,,,,,,27.0,,31.12.2016,UDSSR,Sisaket FC,31738.0,"Dec 11, 1988",Main position:Attacking Midfield Side position: Left Midfield Right Wing,Anton Zemlyanukhin,both,"1,75 m","Jan 24, 2016",19/7,Землянухин Антон Александрович,3956.0,Kyrgyzstan   Kazakhstan,Kant,Midfield - Attacking Midfield,"Dec 11, 1988 (27)",,,,58917.0
Miloš Milinovic,,,,,,,,,,,,31.0,,-,,FK Indjija,11044.0,"Jul 12, 1984",Main position:Keeper,Miloš Milinovic,,"1,88 m","Feb 7, 2015",,,,Serbia,,Goalkeeper,"Jul 12, 1984 (31)",,,,60477.0
Dusan Tesic,,,,,,,,,,,,27.0,,-,Jugoslawien (SFR),FK Sopot Belgrad,25070.0,"Jul 16, 1988",Main position:Left Wing Side position: Right Wing Centre Forward,Dusan Tesic,left,"1,74 m","Feb 10, 2016",,Dušan Tešić,,Serbia,Belgrad,Striker - Left Wing,"Jul 16, 1988 (27)",,,,60782.0
Dejan Radosavljevic,,,,,,,,,,,,37.0,,-,,FK Sloga Kraljevo,18382.0,"May 5, 1979",Main position:Right Midfield,Dejan Radosavljevic,right,"1,83 m","Aug 31, 2015",,,,Serbia,,Midfield - Right Midfield,"May 5, 1979 (37)",,,,60854.0
Darko Bulatovic,,,,,,,,,,,,26.0,,30.06.2016,Jugoslawien (SFR),FK Radnicki Nis,7567.0,"Sep 5, 1989",Main position:Left-Back Side position: Left Wing,Darko Bulatovic,left,"1,85 m","Aug 4, 2014",3/0,Darko Bulatović,16267.0,Montenegro,Niksic,Defence - Left-Back,"Sep 5, 1989 (26)",,,,61168.0
Baco Nikolic,,,,,,,,,,,,30.0,,-,Jugoslawien (SFR),FK Mornar Bar,4639.0,"Jan 19, 1986",Main position:Right Midfield,Baco Nikolic,right,,"Feb 12, 2016",,,,Montenegro,Nikšić,Midfield - Right Midfield,"Jan 19, 1986 (30)",,,,61225.0
Miloš Dragojevic,,,,,,Antoine-Dominique Ettori,1793,,,,,27.0,,-,Jugoslawien (SFR),OFK Petrovac,12889.0,"Feb 3, 1989",Main position:Keeper,Miloš Dragojevic,,"1,90 m","Jan 29, 2016",3/0,Miloš Dragojević,16267.0,Montenegro,Podgorica,Goalkeeper,"Feb 3, 1989 (27)",,,,61277.0
Javier Cohene,,,,,,CTS-SMI,2487,,,,,29.0,,30.06.2017,Paraguay,Atlético CP,5227.0,"May 3, 1987",Main position:Centre Back,Javier Cohene,right,"1,87 m","Aug 1, 2015",1/1,Javier Antonio Cohene Mereles,17758.0,Palästina   Paraguay,Pirayú,Defence - Centre Back,"May 3, 1987 (29)",,,,62233.0
Gregor Balazic,,,,,,,,,,,,28.0,,31.12.2016,Jugoslawien (SFR),FK Partizan Belgrade,669.0,"Feb 12, 1988",Main position:Centre Back,Gregor Balazic,right,"1,90 m","Feb 4, 2015",2/0,Грегор Балажић,3588.0,Slovenia,Murska Sobota,Defence - Centre Back,"Feb 12, 1988 (28)",,,,70869.0
Zlatko Liscevic,,,,,,,,,,,,25.0,,-,Jugoslawien (SFR),OFK Beograd,53.0,"Mar 8, 1991",Main position:Right-Back Side position: Left-Back Defensive Midfield,Zlatko Liscevic,,"1,78 m","Jan 1, 2015",,,,Serbia,Sombor,Defence - Right-Back,"Mar 8, 1991 (25)",,,,74298.0
Gradimir Grujicic,,,,,,,,,,,,26.0,,-,Jugoslawien (SFR),Unknown,75.0,"Mar 22, 1990",Main position:Centre Forward Side position: Left Wing,Gradimir Grujicic,left,"1,81 m","Jul 1, 2015",8/0,Gradimir Grujičić,9566.0,Serbia,Čačak,Striker - Centre Forward,"Mar 22, 1990 (26)",,,,85046.0
Fabrício,,,,,,,,,,,,,,,,,,,,,,,,,,,,,,,,,'NoneType' object has no attribute 'find_all',86917.0
Aleksandar Djokovic,,,,,,,,,,,,24.0,,-,Jugoslawien (SFR),Mladost Lucani,6622.0,"Dec 16, 1991",Main position:Centre Forward Side position: Left Wing Right Wing,Aleksandar Djokovic,left,"1,80 m","Aug 20, 2015",10/2,Aleksandar Đoković,17383.0,Serbia,Belgrad,Striker - Centre Forward,"Dec 16, 1991 (24)",,,,94306.0
Evgen Pavlov,,,,,,Petar Bazic,1419,,,,,25.0,,30.06.2018,UDSSR,Vasas Budapest,5378.0,"Mar 12, 1991",Main position:Centre Forward,Evgen Pavlov,right,"1,91 m","Aug 18, 2015",7/1,Павлов Євген Степанович,16274.0,Ukraine   Russia,"Sevastopol, Krym",Striker - Centre Forward,"Mar 12, 1991 (25)",,,,97859.0
Uros Mirkovic,,,,,,,,,,,,25.0,,-,Jugoslawien (SFR),FK Krupa na Vrbasu,47286.0,"Aug 8, 1990",Main position:Attacking Midfield Side position: Right Midfield Left Midfield,Uros Mirkovic,both,"1,74 m",-,,Uroš Mirković,,Serbia,Prokuplje,Midfield - Attacking Midfield,"Aug 8, 1990 (25)",,,,106238.0
Godwin Osei Bonsu,,,,,,No agent,96,,,,,27.0,,-,Ghana,Gaborone United,29852.0,"Mar 3, 1989",Main position:Centre Back,Godwin Osei Bonsu,both,"1,90 m","Jul 1, 2015",6/0,,3441.0,Ghana,Accra,Defence - Centre Back,"Mar 3, 1989 (27)",,,,107178.0
Taianan,,,Taianan ImberÃª Linhares Welker,,,No agent,96,,,,,29.0,,-,Brazil,Unattached,515.0,"Mar 13, 1987",Main position:Central Midfield Side position: Attacking Midfield Right Wing,Taianan,right,"1,79 m","May 25, 2016",9/0,,7658.0,Brazil   Spain,Passo Fundo,Midfield - Central Midfield,"Mar 13, 1987 (29)",,,,114061.0
Dejan Djermanovic,,,,,,No agent,96,,,,,27.0,,31.12.2017,Jugoslawien (SFR),FK Zeljeznicar Sarajevo,2573.0,"Jun 17, 1988",Main position:Centre Forward,Dejan Djermanovic,right,"1,87 m","Jan 15, 2016",6/2,,16272.0,Slovenia,Ljubljana,Striker - Centre Forward,"Jun 17, 1988 (27)",,,,119799.0
Saša Jovanovic,,,,,,as-11.com,3509,,,,,24.0,,30.06.2016,Jugoslawien (SFR),Mladost Lucani,6622.0,"Dec 15, 1991",Main position:Left Wing Side position: Right Wing Centre Forward,Saša Jovanovic,both,,"Jul 5, 2014",,,,Serbia,Lazarevac,Striker - Left Wing,"Dec 15, 1991 (24)",,,,129392.0
Marko Tomic,,,,,,,,,,,,24.0,,-,,FK Radnicki Nis,7567.0,"Oct 28, 1991",Main position:Defensive Midfield Side position: Left-Back Centre Back,Marko Tomic,left,"1,86 m","Jul 1, 2014",,,,Serbia,,Midfield - Defensive Midfield,"Oct 28, 1991 (24)",,,,129417.0
Stefan Draskovic,,,,,,,,,,,,26.0,,-,,FK Borac Cacak,2209.0,"Jul 27, 1989",Main position:Centre Back,Stefan Draskovic,,"0,01 m","Jan 1, 2014",,Стефан Драшковић,,Serbia,,Defence - Centre Back,"Jul 27, 1989 (26)",,,,130952.0
Josh Parker,,,,,,Star Management Signings Ltd.,2065,,,,,25.0,,31.12.2016,England,Red Star Belgrade,159.0,"Dec 1, 1990",Main position:Right Wing Side position: Left Wing Centre Forward,Josh Parker,right,"1,81 m","Jan 8, 2015",20/3,Joshua Kevin Stanley Parker,16028.0,Antigua and Barbuda   England,Slough,Midfield - Right Wing,"Dec 1, 1990 (25)",,,,132236.0
Dragan Jankovic,,,,,,,,,,,,24.0,,-,Yugoslavia (Republic),FK Loznica,3069.0,"Feb 20, 1992",Main position:Centre Forward Side position: Secondary Striker Attacking Midfield,Dragan Jankovic,right,"1,84 m","Jan 2, 2016",,,,Serbia,Loznica,Striker - Centre Forward,"Feb 20, 1992 (24)",,,,132994.0
Michael Tawiah,,,,,,Cosmosport,158,,,,,25.0,,-,Ghana,Chernomorets Burgas,4494.0,"Dec 1, 1990",Main position:Defensive Midfield,Michael Tawiah,,"1,78 m","Oct 21, 2015",1/0,,22978.0,Ghana,Accra,Midfield - Defensive Midfield,"Dec 1, 1990 (25)",,,,134187.0
Risto Mitrevski,,,,,,No agent,96,,,,,24.0,,-,Macedonia,Unknown,75.0,"Oct 5, 1991",Main position:Centre Back,Risto Mitrevski,right,"1,87 m","Jan 1, 2016",5/0,Ристо Митревски,16844.0,Macedonia,Skopje,Defence - Centre Back,"Oct 5, 1991 (24)",,,,136556.0
Predrag Jovic,,,,,,,,,,,,29.0,,-,,FK Indjija,11044.0,"May 29, 1987",Main position:Centre Back,Predrag Jovic,,,"Jan 1, 2016",,,,Serbia,,Defence - Centre Back,"May 29, 1987 (29)",,,,138841.0
Milos B. Radulovic,,,,,,Antoine-Dominique Ettori,1793,,,,,26.0,,29.07.2016,,Mladost Podgorica,10883.0,"Feb 23, 1990",Main position:Right-Back,Milos B. Radulovic,right,,"Jul 1, 2015",0/0,Miloš B. Radulović,16267.0,Montenegro,,Defence - Right-Back,"Feb 23, 1990 (26)",,,,139596.0
Luka Sindjic,,,,,,More than Sport GmbH,2675,,,,,23.0,,30.06.2016,Yugoslavia (Republic),FK Kolubara Lazarevac,12514.0,"Feb 13, 1993",Main position:Left Midfield Side position: Central Midfield Attacking Midfield,Luka Sindjic,left,"1,84 m","Feb 15, 2016",,Luka Sinđić,,Serbia,Obrenovac,Midfield - Left Midfield,"Feb 13, 1993 (23)",,,,139716.0
Falcão,,,Richard Amorim FalcÃ£o,,,,,,,,,28.0,,-,Brazil,Unattached,515.0,"Jun 29, 1987",Main position:Centre Forward,FalcÃ£o,right,"1,80 m","Apr 4, 2016",,,,Brazil,Feira de Santana,Striker - Centre Forward,"Jun 29, 1987 (28)",,,,141483.0
Marko Markovic,,,,,,,,,,,,23.0,,-,Yugoslavia (Republic),Vasalunds IF,2283.0,"Jan 12, 1993",Main position:Centre Back,Marko Markovic,both,"1,88 m","Apr 15, 2016",12/0,Marko Marković,21136.0,Serbia,Smederevska Palanka,Defence - Centre Back,"Jan 12, 1993 (23)",,,,143565.0
Igor Zonjic,,,,,,,,,,,,24.0,,-,Jugoslawien (SFR),Napredak Krusevac,788.0,"Oct 16, 1991",Main position:Centre Back Side position: Right-Back,Igor Zonjic,right,"1,88 m","Aug 20, 2015",2/0,Игор Зоњић,16267.0,Montenegro   Serbia,Belgrad,Defence - Centre Back,"Oct 16, 1991 (24)",,,,144250.0
Risto Radunovic,,,,,,Onur Football Agency,2388,,,,,24.0,,15.07.2016,Yugoslavia (Republic),Buducnost Podgorica,4391.0,"May 4, 1992",Main position:Left-Back Side position: Left Midfield,Risto Radunovic,left,"1,84 m","Jul 21, 2015",0/0,Risto Radunović,11953.0,Montenegro,Podgorica,Defence - Left-Back,"May 4, 1992 (24)",,,,144339.0
Radomir Milosavljevic,,,,,,,,,,,,23.0,,-,,Mladost Lucani,6622.0,"Jul 28, 1992",Main position:Attacking Midfield,Radomir Milosavljevic,,,-,,,,Serbia,,Midfield - Attacking Midfield,"Jul 28, 1992 (23)",,,,145339.0
Marko Milosevic,,,,,,No agent,96,,,,,25.0,,-,Jugoslawien (SFR),FK Vozdovac,4634.0,"Feb 7, 1991",Main position:Keeper,Marko Milosevic,both,"1,88 m","Jan 9, 2015",,Марко Милошевић,,Serbia,Belgrad,Goalkeeper,"Feb 7, 1991 (25)",,,,146017.0
David Poljanec,,,,,,,,,,,,29.0,,-,,NK Krsko,17136.0,"Nov 27, 1986",Main position:Centre Forward,David Poljanec,right,"1,81 m","Jul 22, 2015",,,,Slovenia,,Striker - Centre Forward,"Nov 27, 1986 (29)",,,,152314.0
Miloje Prekovic,,,,,,,,,,,,25.0,,-,,TJ Iskra Borcice,46971.0,"Jun 7, 1991",Main position:Keeper,Miloje Prekovic,,"1,93 m","Jul 1, 2015",,,,Serbia,,Goalkeeper,"Jun 7, 1991 (25)",,,,155604.0
Lazar Arsic,,,,,,90 Minutes Sportmanagement KG,2066,,,,,24.0,,-,Jugoslawien (SFR),FK Radnik Surdulica,33328.0,"Sep 24, 1991",Main position:Attacking Midfield Side position: Central Midfield Left Midfield,Lazar Arsic,left,"1,73 m","Jul 1, 2015",,Лазар Арсић,,Serbia,Belgrad,Midfield - Attacking Midfield,"Sep 24, 1991 (24)",,,,157532.0
Armin Masovic,,,,,,,,,,,,22.0,,-,Austria,FC Kindberg-Mürzhofen,6246.0,"Jun 28, 1993",Main position:Attacking Midfield Side position: Defensive Midfield,Armin Masovic,right,"1,82 m","Jan 19, 2016",3/0,,12519.0,Austria,Bruck/Mur,Midfield - Attacking Midfield,"Jun 28, 1993 (22)",,,,159155.0
Milorad Balabanovic,,,,,,,,,,,,26.0,,-,Jugoslawien (SFR),FK Borac Cacak,2209.0,"Jan 18, 1990",Main position:Central Midfield Side position: Attacking Midfield Left Wing,Milorad Balabanovic,right,"1,86 m","Jan 15, 2016",,Милорад Балабановић,,Serbia,Novi Sad,Midfield - Central Midfield,"Jan 18, 1990 (26)",,,,160989.0
Dragomir Nikolic,,,,,,,,,,,,24.0,,20.07.2016,Yugoslavia (Republic),FK Indjija,11044.0,"Jun 10, 1992",Main position:Centre Back Side position: Right-Back,Dragomir Nikolic,right,"1,90 m","Jan 27, 2016",,Dragomir Nikolić,,Serbia,Valjevo,Defence - Centre Back,"Jun 10, 1992 (24)",,,,161365.0
Stevan Zivkovic,,,,,,,,,,,,26.0,,15.20.2019,Jugoslawien (SFR),FK Zeta Golubovac,1004.0,"Oct 18, 1989",Main position:Attacking Midfield Side position: Right Wing Left Wing,Stevan Zivkovic,both,"1,65 m","Feb 12, 2016",,,,Serbia,Sremska Mitrovica,Midfield - Attacking Midfield,"Oct 18, 1989 (26)",,,,162084.0
Bruno Matos,,,Bruno Oliveira de Matos,,,,,,,,,26.0,30.06.2018,30.06.2016,Brazil,FK Novi Pazar,4633.0,"Jun 5, 1990",Main position:Left Wing Side position: Attacking Midfield Right Wing,Bruno Matos,right,"1,82 m","Jan 29, 2016",,,,Brazil,Barros,Midfield - Left Wing,"Jun 5, 1990 (26)",Red Star Belgrade,159.0,,163555.0
Milan Radin,,,,,,Petar Bazic,1419,,,,,24.0,,30.06.2016,Jugoslawien (SFR),FK Vozdovac,4634.0,"Jun 25, 1991",Main position:Defensive Midfield Side position: Central Midfield,Milan Radin,both,"1,73 m","Feb 11, 2016",,Милан Радин,,Serbia,Novi Sad,Midfield - Defensive Midfield,"Jun 25, 1991 (24)",,,,169268.0
Vladimir Golemic,,,,,,No agent,96,,,,,24.0,,30.06.2019,Jugoslawien (SFR),FC Chiasso,510.0,"Jun 28, 1991",Main position:Centre Back Side position: Defensive Midfield Central Midfield,Vladimir Golemic,right,"1,92 m","Feb 8, 2016",,,,Serbia,Kruševac,Defence - Centre Back,"Jun 28, 1991 (24)",,,,169841.0
Matija Ljujic,,,,,,Seven stars,1823,,,,,23.0,-,-,Yugoslavia (Republic),FK Rad,902.0,"Jun 20, 1992",,Matija Ljujic,,,"Jan 9, 2015",,,,Serbia,Prijepolje,Midfield,"Jun 20, 1992 (23)",FK Teleoptik Zemun,4646.0,,181686.0
Milos Antic,,,,,,Relatives,1207,,,,,21.0,,-,Switzerland,Anagennisi Derynia,6043.0,"Oct 28, 1994",Main position:Central Midfield,Milos Antic,right,"1,85 m","Jan 14, 2016",0/0,,17383.0,Serbia   Switzerland,Zürich,Midfield - Central Midfield,"Oct 28, 1994 (21)",,,,183124.0
Tome Kitanovski,,,,,,Zoran Djuric,2644,,,,,24.0,,30.06.2016,Yugoslavia (Republic),Mladost Lucani,6622.0,"May 21, 1992",Main position:Right-Back Side position: Left-Back Right Wing,Tome Kitanovski,right,"1,84 m","Jul 1, 2015",1/0,Томе Китановски,5148.0,Macedonia,Bitola,Defence - Right-Back,"May 21, 1992 (24)",,,,186881.0
Matija Protic,,,,,,,,,,,,22.0,,30.06.2016,Yugoslavia (Republic),Mladost Lucani,6622.0,"Mar 5, 1994",Main position:Central Midfield Side position: Attacking Midfield,Matija Protic,right,"1,77 m",-,,Matija Protić,,Serbia,Čačak,Midfield - Central Midfield,"Mar 5, 1994 (22)",,,,189773.0
Milos Crnomarkovic,,,,,,,,,,,,22.0,,-,Yugoslavia (Republic),Sindjelic Belgrad,12931.0,"Sep 15, 1993",Main position:Left-Back Side position: Left Midfield Left Wing,Milos Crnomarkovic,right,"1,88 m","Jan 1, 2016",6/0,Miloš Crnomarković,21137.0,Serbia,Pancevo,Defence - Left-Back,"Sep 15, 1993 (22)",,,,192727.0
Petar Orlandic,,,,,,Petar Bazic,1419,,,,,25.0,,31.12.2017,Montenegro,Red Star Belgrade,159.0,"Aug 6, 1990",Main position:Centre Forward,Petar Orlandic,both,"1,90 m","Feb 6, 2015",,Петар Орландић,,Montenegro,Podgorica,Striker - Centre Forward,"Aug 6, 1990 (25)",,,,193216.0
Daniel Avramovski,,,,,,,,,,,,21.0,30.06.2018,30.06.2016,Macedonia,OFK Beograd,53.0,"Feb 20, 1995",Main position:Attacking Midfield Side position: Central Midfield Secondary Striker,Daniel Avramovski,left,"1,84 m","Jul 12, 2015",3/0,Даниел Аврамовски,16844.0,Macedonia,Skopje,Midfield - Attacking Midfield,"Feb 20, 1995 (21)",Red Star Belgrade,159.0,,193289.0
Dragoljub Andjelkovic,,,,,,,,,,,,23.0,,-,,FK Sloga Petrovac na Mlavi,27005.0,"Apr 14, 1993",,Dragoljub Andjelkovic,,,"Jan 1, 2016",,,,Serbia,,Striker,"Apr 14, 1993 (23)",,,,196939.0
Veljko Antonijevic,,,,,,,,,,,,24.0,,-,Jugoslawien (SFR),FK BSK Borca,9060.0,"May 28, 1992",Main position:Right Midfield Side position: Right-Back Central Midfield,Veljko Antonijevic,right,"1,82 m","Jan 1, 2016",,Вељко Антонијевић,,Serbia,Novi Pazar,Midfield - Right Midfield,"May 28, 1992 (24)",,,,196940.0
Marko Gobeljic,,,,,,Virtus International,1463,,,,,23.0,,-,Yugoslavia (Republic),Napredak Krusevac,788.0,"Sep 13, 1992",Main position:Central Midfield Side position: Right-Back,Marko Gobeljic,,"1,85 m","Aug 1, 2014",,,,Serbia,Kraljevo,Midfield - Central Midfield,"Sep 13, 1992 (23)",,,,196961.0
Nemanja Stojanovic,,,,,,,,,,,,29.0,,-,Jugoslawien (SFR),FK Zemun,3521.0,"Apr 9, 1987",Main position:Defensive Midfield Side position: Central Midfield,Nemanja Stojanovic,right,,"Feb 4, 2016",,,,Serbia,Užice,Midfield - Defensive Midfield,"Apr 9, 1987 (29)",,,,197014.0
Emir Dautovic,,,,,,LIAN SPORTS,13,,,,,21.0,,-,Slovenia,OFK Beograd,53.0,"Feb 5, 1995",Main position:Centre Back,Emir Dautovic,right,"1,94 m","Feb 1, 2016",1/1,,21142.0,Slovenia,Trbovlje,Defence - Centre Back,"Feb 5, 1995 (21)",,,,197650.0
José Gutiérrez,,,,,,,,,,,,23.0,,31.12.2016,Ecuador,Colón FC,48775.0,"Mar 3, 1993",Main position:Central Midfield Side position: Right Midfield,José Gutiérrez,right,,"Mar 1, 2016",3/1,José Luis Gutiérrez Bastidas,31463.0,Ecuador,Santo Domingo,Midfield - Central Midfield,"Mar 3, 1993 (23)",,,,212631.0
Uros Nikolic,,,,,,No agent,96,,,,,22.0,,-,Yugoslavia (Republic),FK Jagodina,12132.0,"Dec 14, 1993",Main position:Attacking Midfield Side position: Central Midfield,Uros Nikolic,left,"1,85 m","Jan 14, 2015",11/0,Урош Никoлић,17383.0,Serbia,Niš,Midfield - Attacking Midfield,"Dec 14, 1993 (22)",,,,215038.0
Nikola Asceric,,,,,,,,,,,,25.0,,31.12.2018,Jugoslawien (SFR),FK Vojvodina,448.0,"Apr 19, 1991",Main position:Centre Forward,Nikola Asceric,right,"1,93 m","Feb 1, 2016",,Nikola Ašćerić,,Serbia,Belgrad,Striker - Centre Forward,"Apr 19, 1991 (25)",,,,220769.0
Zoran Marusic,,,,,,,,,,,,22.0,,01.06.2016,Yugoslavia (Republic),FK Slavija Sarajevo,6807.0,"Nov 29, 1993",Main position:Centre Back,Zoran Marusic,right,,"Feb 23, 2016",,Zoran Marušić,,Serbia,Klina,Defence - Centre Back,"Nov 29, 1993 (22)",,,,220780.0
Nikola Mladenovic,,,,,,,,,,,,23.0,,-,Yugoslavia (Republic),FK Jedinstvo Putevi Uzice,32098.0,"Jun 30, 1992",Main position:Attacking Midfield Side position: Secondary Striker Centre Forward,Nikola Mladenovic,right,"1,88 m","Jan 31, 2015",,,,Serbia,Niš,Midfield - Attacking Midfield,"Jun 30, 1992 (23)",,,,220782.0
Petar Petrovic,,,,,,Global Soccer Management,786,,,,,20.0,,-,Sweden,Ängelholms FF,3625.0,"Sep 15, 1995",Main position:Left Midfield Side position: Left Wing Right Midfield,Petar Petrovic,left,"1,78 m","Mar 30, 2016",0/0,,39543.0,Sweden,Malmö,Midfield - Left Midfield,"Sep 15, 1995 (20)",,,,221000.0
Dusan Jovancic,,,,,,,,,,,,25.0,,31.12.2017,Jugoslawien (SFR),FK Vojvodina,448.0,"Oct 19, 1990",Main position:Defensive Midfield,Dusan Jovancic,,"1,86 m","Jan 25, 2016",,,,Serbia,Belgrad,Midfield - Defensive Midfield,"Oct 19, 1990 (25)",,,,231354.0
Baurzhan Turysbek,,,,,,,,,,,,24.0,,-,,Zhetysu Taldykorgan,15299.0,"Oct 15, 1991",Main position:Centre Forward Side position: Left Wing Right Wing,Baurzhan Turysbek,right,"1,82 m","Feb 18, 2015",,Турысбек Бауржан Айткалиулы,,Kazakhstan,,Striker - Centre Forward,"Oct 15, 1991 (24)",,,,236209.0
Milan Jevtovic,,,,,,Stars & Friends,10,,,,,22.0,,31.12.2016,Yugoslavia (Republic),FK Bodø/Glimt,501.0,"Jun 13, 1993",Main position:Right Wing Side position: Left Wing,Milan Jevtovic,right,"1,84 m","Jan 5, 2016",,,,Serbia,Cacak,Midfield - Right Wing,"Jun 13, 1993 (22)",,,,236895.0
Nikola Nesovic,,,,,,,,,,,,22.0,,30.6.2017,,Napredak Krusevac,788.0,"Oct 17, 1993",Main position:Secondary Striker,Nikola Nesovic,,"1,80 m","Aug 10, 2015",,,,Serbia,,Striker - Secondary Striker,"Oct 17, 1993 (22)",,,,236908.0
Lazar Obradovic,,,,,,,,,,,,23.0,,-,,FK Borac Cacak,2209.0,"Dec 5, 1992",Main position:Centre Back Side position: Right-Back,Lazar Obradovic,,"0,01 m",-,,Лазар Обрадовић,,Serbia,,Defence - Centre Back,"Dec 5, 1992 (23)",,,,236909.0
David Kokhia,,,,,,No agent,96,,,,,23.0,,-,Russia,Unattached,515.0,"Apr 22, 1993",Main position:Centre Back Side position: Left-Back Defensive Midfield,David Kokhia,right,"1,85 m","Jul 1, 2015",6/0,დავით კოხია,12148.0,Georgia   Russia,Moskau,Defence - Centre Back,"Apr 22, 1993 (23)",,,,238420.0
Nemanja Trajkovic,,,,,,,,,,,,24.0,,-,Jugoslawien (SFR),Napredak Krusevac,788.0,"Jun 13, 1991",Main position:Centre Back,Nemanja Trajkovic,,"1,87 m","Jan 1, 2015",,,,Serbia,Belgrad,Defence - Centre Back,"Jun 13, 1991 (24)",,,,239083.0
Joseph Cudjoe,,,,,,TTMIB Worldwide Management Network,2790,,,,,20.0,,-,Ghana,Unattached,515.0,"Oct 17, 1995",Main position:Right Midfield Side position: Right-Back Central Midfield,Joseph Cudjoe,right,"1,67 m","Jul 1, 2015",,,,Ghana,Takoradi,Midfield - Right Midfield,"Oct 17, 1995 (20)",,,,251811.0
,,,,,,,,,,,,18.0,30.06.2017,30.06.2016,Yugoslavia (Republic),FK Bezanija,10319.0,"Aug 14, 1997",Main position:Right-Back,Marko Mijailovic,right,"1,80 m","Jan 29, 2016",13/1,Марко Мијаиловић,17383.0,Serbia,Pozega,Defence - Right-Back,"Aug 14, 1997 (18)",Red Star Belgrade,159.0,,257463.0
Strahinja Karisic,,,,,,Fairs Group,2957,,,,,18.0,,30.06.2020,Yugoslavia (Republic),Granada CF Juvenil A,39452.0,"Jul 3, 1997",Main position:Attacking Midfield Side position: Left Midfield Right Midfield,Strahinja Karisic,left,"1,81 m","Jul 1, 2015",0/0,Strahinja Karišić,17383.0,Serbia,Pristina,Midfield - Attacking Midfield,"Jul 3, 1997 (18)",,,,257471.0
Marko Drobnjak,,,,,,,,,,,,21.0,-,-,,FK Polet Ljubic,36918.0,"May 17, 1995",Main position:Keeper,Marko Drobnjak,,,"Feb 23, 2016",0/0,,39543.0,Serbia,,Goalkeeper,"May 17, 1995 (21)",FK Borac Cacak,2209.0,,262095.0
Mladen Sarajlin,,,,,,Zoran Stojadinovic,701,,,,,21.0,,-,Yugoslavia (Republic),Napredak Krusevac,788.0,"May 4, 1995",Main position:Right Wing Side position: Left Wing Attacking Midfield,Mladen Sarajlin,left,"1,88 m","Jan 29, 2016",,Младен Сарајлин,,Serbia,Vršac,Midfield - Right Wing,"May 4, 1995 (21)",,,,262652.0
Moro Abubakar,,,,,,,,,,,,24.0,,-,Ghana,Unattached,515.0,"Aug 17, 1991",Main position:Central Midfield,Moro Abubakar,right,"1,74 m","Jul 1, 2015",,,,Ghana,Accra,Midfield - Central Midfield,"Aug 17, 1991 (24)",,,,266460.0
Mico Kuzmanovic,,,,,,EM Sports Agency BH,2558,,,,,20.0,,30.05.2016,Bosnia-Herzegovina,FK Drina Zvornik,8577.0,"Mar 18, 1996",Main position:Centre Forward Side position: Left Wing Right Wing,Mico Kuzmanovic,right,"1,78 m","Feb 23, 2016",1/0,Mićo Kuzmanović,11941.0,Bosnia-Herzegovina,Doboj,Striker - Centre Forward,"Mar 18, 1996 (20)",,,,267056.0
Filip Eric,,,,,,,,,,,,21.0,,20.07.2016,Yugoslavia (Republic),FK Drina Zvornik,8577.0,"Oct 10, 1994",Main position:Keeper,Filip Eric,right,,"Jul 1, 2015",,,,Serbia,Loznica,Goalkeeper,"Oct 10, 1994 (21)",,,,269003.0
Alen Masovic,,,,,,INTERNATIONAL SPORTS OFFICE,3417,,,,,21.0,,30.06.2017,Yugoslavia (Republic),FK Vozdovac,4634.0,"Aug 7, 1994",Main position:Right Wing Side position: Left Wing Centre Forward,Alen Masovic,right,"1,87 m","Jul 21, 2015",,Ален Машовић,,Serbia,Novi Pazar,Midfield - Right Wing,"Aug 7, 1994 (21)",,,,270201.0
Mihailo Ristic,,,,,,90 Minutes Sportmanagement KG,2066,http://www.facebook.com/Mihailo.Ristic.Official/,http://www.instagram.com/risticmihailo24/,,,20.0,,30.06.2017,Bosnia-Herzegovina,Red Star Belgrade,159.0,"Oct 31, 1995",Main position:Left Wing Side position: Left-Back Central Midfield,Mihailo Ristic,left,"1,83 m","Jul 5, 2014",1/0,Михаило Ристић,9566.0,Serbia   Bosnia-Herzegovina,Bijeljina,Midfield - Left Wing,"Oct 31, 1995 (20)",,,,271455.0
Nikola Cuckic,,,,,,CSGG,3017,,,,,19.0,,30.06.2019,,OFK Beograd,53.0,"Apr 11, 1997",Main position:Right Wing Side position: Attacking Midfield,Nikola Cuckic,,"1,76 m","Jul 1, 2015",0/0,,17383.0,Serbia,,Midfield - Right Wing,"Apr 11, 1997 (19)",,,,274327.0
Andrija Majdevac,,,,,,Friends & Football International LLC,1893,,,,,18.0,,-,Yugoslavia (Republic),Napredak Krusevac,788.0,"Aug 7, 1997",,Andrija Majdevac,,"1,84 m","Jul 1, 2015",1/0,,21136.0,Serbia,Krusevac,Striker,"Aug 7, 1997 (18)",,,,274340.0
Milos Manojlovic,FK Senta,30684.0,,,,,,,,,,18.0,,-,Yugoslavia (Republic),FK Spartak Subotica,15276.0,"Jul 17, 1997",Main position:Right Wing,Milos Manojlovic,,"1,88 m","Jul 1, 2015",0/0,Miloš Manojlović,17383.0,Serbia,Šid,Midfield - Right Wing,"Jul 17, 1997 (18)",,,,274341.0
Djordje Nikolic,,,,,,Footuro AG,313,,,,,19.0,,-,Yugoslavia (Republic),FK Jagodina,12132.0,"Apr 13, 1997",Main position:Keeper,Djordje Nikolic,both,"1,94 m","Jan 1, 2015",0/0,Đorđe Nikolić,9566.0,Serbia,Belgrad,Goalkeeper,"Apr 13, 1997 (19)",,,,274344.0
Zoran Svonja,,,,,,,,,,,,19.0,,-,Yugoslavia (Republic),FK Javor Ivanjica,8819.0,"Oct 4, 1996",Main position:Defensive Midfield Side position: Central Midfield,Zoran Svonja,right,"1,88 m","Jul 1, 2015",,Зоран Швоња,,Serbia,Novi Sad,Midfield - Defensive Midfield,"Oct 4, 1996 (19)",,,,274352.0
,,,,,,,,,,,,19.0,30.06.2017,30.06.2016,Yugoslavia (Republic),FK Bezanija,10319.0,"Jul 31, 1996",Main position:Right Wing Side position: Left Wing,Dusan Zivkovic,left,"1,79 m","Jan 29, 2016",0/0,Душан Живковић,17383.0,Serbia,Leskovac,Midfield - Right Wing,"Jul 31, 1996 (19)",Red Star Belgrade,159.0,,274356.0
Nemanja Ahcin,,,,,,,,,,,,22.0,30.06.2017,30.06.2016,Yugoslavia (Republic),FK Novi Pazar,4633.0,"Apr 7, 1994",Main position:Defensive Midfield,Nemanja Ahcin,,"1,81 m","Jan 29, 2016",,Nemanja Ahčin,,Serbia,Pancevo,Midfield - Defensive Midfield,"Apr 7, 1994 (22)",Red Star Belgrade,159.0,,277671.0
Aleksandar Jankovic,,,,,,Holland Sports Management BV,3748,,,,,20.0,,30.06.2017,Netherlands,De Graafschap Doetinchem U21,17668.0,"Sep 16, 1995",Main position:Central Midfield Side position: Attacking Midfield Defensive Midfield,Aleksandar Jankovic,right,"1,72 m","Jul 1, 2015",,,,Serbia   Netherlands,Rotterdam,Midfield - Central Midfield,"Sep 16, 1995 (20)",,,,281418.0
Nikola Vujnovic,,,,,,,,,,,,19.0,,30.06.2016,Yugoslavia (Republic),FC Villarreal C,12853.0,"Jan 11, 1997",Main position:Centre Forward,Nikola Vujnovic,,,"Mar 1, 2015",0/0,Nikola Vujnović,26101.0,Montenegro,Cetinje,Striker - Centre Forward,"Jan 11, 1997 (19)",,,,293260.0
Dragan Karanov,,,,,,110 Sport Management,1917,,,,,21.0,-,30.06.2016,,FK Proleter Novi Sad,19488.0,"Apr 10, 1995",Main position:Defensive Midfield,Dragan Karanov,,,"Aug 1, 2015",,Драган Каранов,,Serbia,,Midfield - Defensive Midfield,"Apr 10, 1995 (21)",FK Vojvodina,448.0,,294548.0
Almedin Zilkic,,,,,,EUROSTAR,1398,,,,,20.0,,-,Yugoslavia (Republic),FK Novi Pazar,4633.0,"Feb 25, 1996",Main position:Left Wing Side position: Attacking Midfield Left Wing,Almedin Zilkic,both,"1,74 m","Jul 1, 2015",,Almedin Dino Zilkić,,Serbia,Novi Pazar,Midfield - Left Wing,"Feb 25, 1996 (20)",,,,300901.0
Martin Hristov,,,,,,,,,,,,19.0,,-,Macedonia,Euromilk Gorno Lisice,35146.0,"Jan 31, 1997",Main position:Centre Forward Side position: Secondary Striker Left Wing,Martin Hristov,right,"1,87 m","Jul 1, 2015",4/0,Мартин Христов,25784.0,Macedonia,Skopje,Striker - Centre Forward,"Jan 31, 1997 (19)",,,,301743.0
Milos Cudic,,,,,,,,,,,,20.0,30.06.2016,30.06.2016,Yugoslavia (Republic),FK Zarkovo,33576.0,"Jan 1, 1996",Main position:Central Midfield,Milos Cudic,right,"1,73 m","Aug 1, 2015",1/0,Miloš Čudić,17383.0,Bosnia-Herzegovina   Serbia,Banja Luka,Midfield - Central Midfield,"Jan 1, 1996 (20)",FK Rad,902.0,,304294.0
Filip Matovic,,,,,,,,,,,,21.0,,31.12.2016,Yugoslavia (Republic),OFK Beograd,53.0,"Feb 6, 1995",Main position:Centre Back,Filip Matovic,,"1,92 m","Jul 1, 2013",,,,Serbia,Belgrad,Defence - Centre Back,"Feb 6, 1995 (21)",,,,309922.0
José Mina,,,,,,,,,,,,23.0,,-,Ecuador,San Antonio FC,47242.0,"Mar 4, 1993",Main position:Defensive Midfield Side position: Central Midfield,José Mina,,,"Jan 8, 2015",,José Jackson Mina Borja,,Ecuador,Esmeraldas,Midfield - Defensive Midfield,"Mar 4, 1993 (23)",,,,310644.0
Milan Makaric,,,,,,No agent,96,,,,,20.0,,30.06.2017,Yugoslavia (Republic),FK Spartak Subotica,15276.0,"Oct 4, 1995",Main position:Central Midfield Side position: Defensive Midfield Attacking Midfield,Milan Makaric,both,"1,84 m","Jul 1, 2015",4/0,,39543.0,Serbia,Novi Sad,Midfield - Central Midfield,"Oct 4, 1995 (20)",,,,315561.0
Nikola Fimic,FK Sloga Temerin,20889.0,,,,,,,,,,20.0,,-,Yugoslavia (Republic),FK Proleter Novi Sad,19488.0,"Feb 14, 1996",Main position:Centre Back Side position: Defensive Midfield,Nikola Fimic,left,"1,89 m","Aug 3, 2015",0/0,Nikola Fimić,21137.0,Serbia,Novi Sad,Defence - Centre Back,"Feb 14, 1996 (20)",,,,318123.0
Rashid Abdul Obuobi,,,,,,,,,,,,21.0,,-,,FK Donji Srem Pecinci,9937.0,"Dec 18, 1994",,Rashid Abdul Obuobi,,"1,88 m","Jul 1, 2014",,,,Ghana,,Midfield,"Dec 18, 1994 (21)",,,,318300.0
Srdjan Plavsic,,,,,,Igor Gluscevic,2892,,http://www.instagram.com/srki_plavsic_17/,,,20.0,,30.06.2018,Yugoslavia (Republic),Red Star Belgrade,159.0,"Dec 3, 1995",Main position:Attacking Midfield Side position: Right Wing Left Wing,Srdjan Plavsic,left,"1,66 m","Aug 10, 2015",3/0,Срђан Плавшић,9566.0,Serbia,Novi Sad,Midfield - Attacking Midfield,"Dec 3, 1995 (20)",,,,322800.0
Miladin Vujosevic,,,,,,,,,,,,19.0,,-,,FK Berane,15551.0,"Dec 18, 1996",Main position:Centre Forward,Miladin Vujosevic,,,"Feb 1, 2016",,Miladin Vujošević,,Montenegro,,Striker - Centre Forward,"Dec 18, 1996 (19)",,,,330577.0
Nenad Kocovic,,,,,,,,,,,,21.0,,-,Yugoslavia (Republic),FK Proleter Novi Sad,19488.0,"Feb 20, 1995",Main position:Left-Back,Nenad Kocovic,left,"1,82 m","Jul 1, 2015",,,,Serbia,Kragujevac,Defence - Left-Back,"Feb 20, 1995 (21)",,,,332281.0
Mladen Stoicev,,,,,,,,,,,,20.0,-,-,Yugoslavia (Republic),OFK Tabane 1970 Jagodina,48563.0,"Oct 21, 1995",Main position:Centre Forward,Mladen Stoicev,right,"1,98 m","Jan 31, 2016",,Mladen Stoičev,,Serbia,Niš,Striker - Centre Forward,"Oct 21, 1995 (20)",FK Jagodina,12132.0,,332664.0
Miodrag Todorovic,,,,,,D.M management,1368,,,,,20.0,,31.12.2018,Yugoslavia (Republic),FK Radnicki Nis,7567.0,"Sep 10, 1995",Main position:Centre Forward Side position: Left Wing Right Wing,Miodrag Todorovic,right,"1,86 m","Jul 1, 2013",,Miodrag Todorović,,Serbia,Niš,Striker - Centre Forward,"Sep 10, 1995 (20)",,,,333935.0
Predrag Stanimirovic,,,,,,,,,,,,20.0,,-,Yugoslavia (Republic),Sindjelic Belgrad,12931.0,"Sep 9, 1995",Main position:Right-Back Side position: Centre Back Left-Back,Predrag Stanimirovic,both,"1,80 m","Jan 1, 2016",0/0,Предраг Станимировић,39543.0,Serbia,Belgrad,Defence - Right-Back,"Sep 9, 1995 (20)",,,,334125.0
Todor Petrovic,,,,,,,,,,,,21.0,,-,,FK Vozdovac,4634.0,"Aug 18, 1994",Main position:Defensive Midfield,Todor Petrovic,,"1,89 m","Jul 1, 2014",,Тодор Петровић,,Serbia,,Midfield - Defensive Midfield,"Aug 18, 1994 (21)",,,,334126.0
David Nikolic,,,,,,,,,,,,20.0,,-,Yugoslavia (Republic),FK Radnicki 1923 Kragujevac,4645.0,"Feb 9, 1996",,David Nikolic,,,-,,,,Serbia,Kragujevac,Defence,"Feb 9, 1996 (20)",,,,334447.0
Branimir Jocic,,,,,,,,,,,,21.0,,-,Yugoslavia (Republic),FK Spartak Subotica,15276.0,"Jul 10, 1994",Main position:Defensive Midfield Side position: Centre Back,Branimir Jocic,right,"1,82 m",-,,Branimir Jočić,,Serbia,Sombor,Midfield - Defensive Midfield,"Jul 10, 1994 (21)",,,,334551.0
Milos Milisavljevic,,,,,,,,,,,,23.0,,15.06.2017,Yugoslavia (Republic),FK Mladost Doboj-Kakanj,33627.0,"Oct 26, 1992",Main position:Central Midfield,Milos Milisavljevic,right,,"Feb 26, 2016",,Miloš Milisavljević,,Serbia,Valjevo,Midfield - Central Midfield,"Oct 26, 1992 (23)",,,,334818.0
Luka Sarac,,,,,,,,,,,,21.0,,-,,Mladost Lucani,6622.0,"Feb 7, 1995",,Luka Sarac,,,-,,,,Serbia,,Defence,"Feb 7, 1995 (21)",,,,334825.0
Danijel Zlatkovic,,,,,,,,,,,,20.0,,-,Yugoslavia (Republic),FK Spartak Subotica,15276.0,"Mar 29, 1996",Main position:Central Midfield,Danijel Zlatkovic,right,"1,76 m",-,,Danijel Zlatković,,Serbia,Paraćin,Midfield - Central Midfield,"Mar 29, 1996 (20)",,,,335582.0
Marko Mrkic,,,,,,,,,,,,19.0,,30.06.2018,Yugoslavia (Republic),FK Radnicki Nis,7567.0,"Aug 20, 1996",Main position:Centre Forward Side position: Left Wing Right Wing,Marko Mrkic,right,"1,83 m","Aug 23, 2014",,Marko Mrkić,,Serbia,Niš,Striker - Centre Forward,"Aug 20, 1996 (19)",,,,336454.0
Pape Mamadou Mbodj,,,,,,,,,,,,23.0,,-,,Zalgiris Vilnius,602.0,"Mar 12, 1993",Main position:Centre Back,Pape Mamadou Mbodj,,"1,87 m","Jan 15, 2016",,,,Senegal,,Defence - Centre Back,"Mar 12, 1993 (23)",,,,336834.0
Darko Dejanovic,,,,,"Apr 21, 2015",Dynamic Agency,3156,,,,,21.0,,30.06.2018,Bosnia-Herzegovina,FK Rad,902.0,"Mar 17, 1995",Main position:Keeper,Darko Dejanovic,,"1,93 m",-,,Darko Dejanović,,Serbia   Bosnia-Herzegovina,Banja Luka,Goalkeeper,"Mar 17, 1995 (21)",,,,336849.0
Milan Gasic,,,,,,,,,,,,22.0,,-,Yugoslavia (Republic),Unknown,75.0,"Nov 13, 1993",Main position:Centre Back Side position: Defensive Midfield,Milan Gasic,,"1,90 m","Jan 1, 2016",,Milan Gašić,,Serbia,Krusevac,Defence - Centre Back,"Nov 13, 1993 (22)",,,,341616.0
Dusan Cubrakovic,,,,,,,,,,,,20.0,-,30.06.2016,,FK BASK Belgrad,8975.0,"Jul 21, 1995",Main position:Keeper,Dusan Cubrakovic,,,"Aug 1, 2015",,Dušan Čubraković,,Serbia,,Goalkeeper,"Jul 21, 1995 (20)",FK Cukaricki,6621.0,,341999.0
Maksim Fedin,,,,,,,,,,,,20.0,,-,,FK Spartak Subotica,15276.0,"Jun 8, 1996",Main position:Centre Forward Side position: Right Wing Left Wing,Maksim Fedin,right,"1,67 m","Jan 24, 2015",6/0,Федин Максим Сергеевич,24960.0,Kazakhstan,,Striker - Centre Forward,"Jun 8, 1996 (20)",,,,343117.0
Djordje Basanovic,,,,,,,,,,,,19.0,,-,,FK Cukaricki,6621.0,"Jul 31, 1996",Main position:Left-Back,Djordje Basanovic,,"1,83 m","Jan 9, 2015",5/0,Ђорђе Башановић,17383.0,Serbia,,Defence - Left-Back,"Jul 31, 1996 (19)",,,,343297.0
Jovan Nisic,,,,,,,,,,,,18.0,31.12.2018,30.06.2016,,FK Teleoptik Zemun,4646.0,"Mar 3, 1998",Main position:Attacking Midfield Side position: Central Midfield,Jovan Nisic,right,"1,75 m","Feb 13, 2016",11/0,Jovan Nišić,21137.0,Serbia,,Midfield - Attacking Midfield,"Mar 3, 1998 (18)",FK Partizan Belgrade,669.0,,343958.0
Petar Milic,,,,,,,,,,,,18.0,,30.06.2019,Yugoslavia (Republic),Red Star Belgrade U19,11137.0,"Mar 12, 1998",Main position:Right Wing Side position: Left Wing,Petar Milic,,"1,83 m",-,4/0,Петар Милић,21137.0,Serbia,Belgrad,Midfield - Right Wing,"Mar 12, 1998 (18)",,,,343964.0
Slavisa Radovic,,,,,,,,,,,,22.0,,31.05.2017,Serbia,FK Olimpic Sarajevo,11215.0,"Oct 8, 1993",Main position:Left-Back Side position: Left Midfield,Slavisa Radovic,left,"1,80 m","Feb 24, 2016",,Slaviša Radović,,Serbia   Bosnia-Herzegovina,Loznica,Defence - Left-Back,"Oct 8, 1993 (22)",,,,344915.0
Jeremiah Dabrowski,,,,,,,,,,,,20.0,,-,,JS Hercules,46555.0,"Sep 26, 1995",Main position:Defensive Midfield Side position: Left-Back Right-Back,Jeremiah Dabrowski,both,"1,82 m","Jan 1, 2016",2/0,,23136.0,Poland   France,,Midfield - Defensive Midfield,"Sep 26, 1995 (20)",,,,345464.0
Nemanja Stankovic,,,,both parties 3 years,,Stars & Friends,10,,,,,18.0,,30.06.2016,Yugoslavia (Republic),MSK Zilina,1443.0,"Aug 8, 1997",Main position:Left Wing Side position: Right Wing Left Midfield,Nemanja Stankovic,left,"1,83 m","Jan 30, 2016",1/0,,17383.0,Serbia,Novi Sad,Midfield - Left Wing,"Aug 8, 1997 (18)",,,,345844.0
Nemanja Belakovic,,,,,,Friends & Football International LLC,1893,,,,,19.0,,-,Yugoslavia (Republic),OFK Beograd,53.0,"Jan 8, 1997",Main position:Right Wing,Nemanja Belakovic,,"1,82 m","Aug 30, 2014",,,,Serbia,Kraljevo,Midfield - Right Wing,"Jan 8, 1997 (19)",,,,348119.0
Marko Brankovic,,,,both parties 1 year,,,,,,,,19.0,31.12.2017,30.06.2016,Yugoslavia (Republic),FK Car Konstantin,22471.0,"May 8, 1997",Main position:Centre Forward,Marko Brankovic,right,,"Jul 27, 2015",,Marko Branković,,Serbia,Nis,Striker - Centre Forward,"May 8, 1997 (19)",FK Radnicki Nis,7567.0,,354047.0
Miroslav Markovic,,,,,,,,,,,,18.0,,31.12.2017,Yugoslavia (Republic),FK Radnicki Nis U19,35980.0,"Dec 1, 1997",Main position:Left Wing Side position: Right Wing Centre Forward,Miroslav Markovic,left,,"Jan 15, 2015",,,,Serbia,Leskovac,Striker - Left Wing,"Dec 1, 1997 (18)",,,,354048.0
John Mary,,,John Mary Honi Uzuegbunam,,,Ognjen Karisik,2485,,,,,23.0,,30.06.2017,,FK Vojvodina,448.0,"Mar 9, 1993",Main position:Centre Forward Side position: Secondary Striker,John Mary,both,,"Jan 24, 2015",8/5,,22980.0,Cameroon   Nigeria,,Striker - Centre Forward,"Mar 9, 1993 (23)",,,,354214.0
Baba Salia,,,Baba Salia Affoloh Ouattara,,,Lazar Mitic & Dusan Vujacic,3495,,,,,26.0,,-,,Song Lam Nghe An,32018.0,"Apr 24, 1990",,Baba Salia,,,"Jan 1, 2015",,,,Cote d'Ivoire,,Striker,"Apr 24, 1990 (26)",,,,354739.0
Dusan Vlahovic,,,,,"Feb 12, 2016",Agent is known players under 18:,Agent is known players under 18:,,,,,16.0,,31.12.2018,Yugoslavia (Republic),FK Partizan Belgrade,669.0,"Jan 28, 2000",Main position:Centre Forward,Dusan Vlahovic,left,"1,90 m","Jan 3, 2015",0/0,Душан Влаховић,33183.0,Serbia,Belgrad,Striker - Centre Forward,"Jan 28, 2000 (16)",,,,357498.0
Michel Vaillant,,,,,,Foot & Ball,458,,,,,20.0,,-,Cameroon,Mladost Lucani,6622.0,"Feb 3, 1996",Main position:Centre Forward,Michel Vaillant,right,"1,90 m","Sep 1, 2015",,Michel Vaillant Mbiobe Mouegni,,Cameroon,Yaoundé,Striker - Centre Forward,"Feb 3, 1996 (20)",,,,358647.0
Bojan Miljus,,,,,,PiSk Piotr Skorupa,3540,,,,,21.0,,-,Croatia,FK Radnicki 1923 Kragujevac,4645.0,"Oct 24, 1994",Main position:Left-Back Side position: Right-Back,Bojan Miljus,right,"1,77 m",-,,Bojan Miljuš,,Serbia   Croatia,Knin,Defence - Left-Back,"Oct 24, 1994 (21)",,,,358828.0
Djordje Ivanovic,,,,,,,,,,,,20.0,,-,Croatia,FK Spartak Subotica,15276.0,"Nov 20, 1995",Main position:Centre Forward,Djordje Ivanovic,both,"1,79 m",-,,Đorđe Ivanović,,Serbia,Vukovar,Striker - Centre Forward,"Nov 20, 1995 (20)",,,,358845.0
Zeljko Zeradjanin,,,,,,,,,,,,20.0,,-,Yugoslavia (Republic),FK BSK Borca,9060.0,"Jun 2, 1996",Main position:Centre Forward Side position: Right Wing Left Wing,Zeljko Zeradjanin,right,"1,82 m","Jan 1, 2016",,Željko Žerađanin,,Serbia,Kraljevo,Striker - Centre Forward,"Jun 2, 1996 (20)",,,,358846.0
Strahinja Urosevic,,,,,,,,,,,,20.0,,-,,FK Radnicki 1923 Kragujevac,4645.0,"Mar 4, 1996",Main position:Central Midfield,Strahinja Urosevic,,,-,,,,Serbia,,Midfield - Central Midfield,"Mar 4, 1996 (20)",,,,358898.0
Aleksandar Miletic,,,,,,,,,,,,20.0,,-,,FK Radnicki 1923 Kragujevac,4645.0,"Apr 1, 1996",,Aleksandar Miletic,,,-,,,,Serbia,,Defence,"Apr 1, 1996 (20)",,,,359008.0
Marko Kostic,,,,,,,,,,,,20.0,,-,Yugoslavia (Republic),FK Radnicki 1923 Kragujevac,4645.0,"Oct 10, 1995",Main position:Keeper,Marko Kostic,,"1,88 m",-,,Marko Kostić,,Serbia,Kosovska Mitrovica,Goalkeeper,"Oct 10, 1995 (20)",,,,359009.0
Ivan Zivanovic,,,,,,,,,,,,20.0,,30.06.2016,Yugoslavia (Republic),FK Radnicki 1923 Kragujevac,4645.0,"Aug 21, 1995",,Ivan Zivanovic,,"1,83 m",-,,Ivan Živanović,,Serbia,Kragujevac,Defence,"Aug 21, 1995 (20)",,,,359010.0
Dragan Trajkovic,,,,,,,,,,,,18.0,,-,,FK Radnicki 1923 Kragujevac,4645.0,"Jul 22, 1997",,Dragan Trajkovic,,,-,,,,Serbia,,Midfield,"Jul 22, 1997 (18)",,,,359437.0
Stefan Andric,,,,,,,,,,,,20.0,,30.06.2019,Yugoslavia (Republic),FK Radnicki 1923 Kragujevac,4645.0,"Apr 2, 1996",Main position:Central Midfield Side position: Attacking Midfield,Stefan Andric,,"1,76 m",-,2/0,,37913.0,Macedonia   Serbia,Gornji Milanovac,Midfield - Central Midfield,"Apr 2, 1996 (20)",,,,359439.0
Jovan Lukic,,,,,,,,,,,,18.0,,-,,FK Radnicki 1923 Kragujevac,4645.0,"Sep 22, 1997",,Jovan Lukic,,,-,,,,Serbia,,Midfield,"Sep 22, 1997 (18)",,,,359440.0
Zeljko Goljovic,,,,,,,,,,,,18.0,,-,,FK Radnicki 1923 Kragujevac,4645.0,"Apr 3, 1998",,Zeljko Goljovic,,,-,,,,Serbia,,Striker,"Apr 3, 1998 (18)",,,,359441.0
Milos Vranjanin,,,,,,,,,,,,20.0,,-,,Unattached,515.0,"Jun 11, 1996",,Milos Vranjanin,,,"Jul 1, 2015",,,,Serbia,,Defence,"Jun 11, 1996 (20)",,,,360450.0
Samuel Nnamani,,,,,,,,,,,,21.0,,-,Nigeria,FK Donji Srem Pecinci,9937.0,"Jun 3, 1995",Main position:Centre Forward,Samuel Nnamani,,"1,83 m","Jul 1, 2015",,Samuel Onyedikachuwu Nnamani,,Nigeria,Lagos,Striker - Centre Forward,"Jun 3, 1995 (21)",,,,363289.0
Bogdan Mladenovic,,,,,,Stars & Friends,10,,,,,20.0,,-,Yugoslavia (Republic),FK Rad,902.0,"Apr 4, 1996",Main position:Attacking Midfield Side position: Left Wing Right Wing,Bogdan Mladenovic,left,"1,83 m",-,,,,Serbia,Belgrad,Midfield - Attacking Midfield,"Apr 4, 1996 (20)",,,,363295.0
Nemanja Djekic,,,,,,,,,,,,19.0,-,-,Yugoslavia (Republic),OFK Tabane 1970 Jagodina,48563.0,"May 13, 1997",Main position:Defensive Midfield,Nemanja Djekic,,"1,76 m","Feb 1, 2016",,,,Serbia,Kragujevac,Midfield - Defensive Midfield,"May 13, 1997 (19)",FK Jagodina,12132.0,,364520.0
Alexander Spoljaric,,,,,,,,,,,,20.0,,-,Cyprus,OFK Beograd,53.0,"Nov 28, 1995",Main position:Keeper,Alexander Spoljaric,,"1,89 m","Aug 1, 2014",,Alexander Špoljarić,,Cyprus   Serbia,Limassol,Goalkeeper,"Nov 28, 1995 (20)",,,,365240.0
Milan Sekulic,,,,,,,,,,,,21.0,,-,Yugoslavia (Republic),Unattached,515.0,"Jan 26, 1995",,Milan Sekulic,,"1,83 m","Jul 1, 2015",,Milan Sekulić,,Serbia,Belgrad,Midfield,"Jan 26, 1995 (21)",,,,370562.0
Petar Gigic,,,,,,,,,,,,19.0,,-,Yugoslavia (Republic),OFK Beograd,53.0,"Mar 7, 1997",Main position:Centre Forward Side position: Right Wing Left Wing,Petar Gigic,,"1,84 m","Jan 1, 2016",,,,Serbia,Priština,Striker - Centre Forward,"Mar 7, 1997 (19)",,,,370563.0
Zoran Mihajlovic,,,,,,,,,,,,19.0,-,-,Yugoslavia (Republic),FK Sloga Petrovac na Mlavi,27005.0,"Jan 1, 1997",,Zoran Mihajlovic,,"1,83 m","Jan 1, 2016",,,,Serbia,Sabac,Striker,"Jan 1, 1997 (19)",FK Jagodina,12132.0,,371949.0
Anes Rusevic,,,,,,ITA Sports,3493,,,,,19.0,,31.12.2017,Yugoslavia (Republic),FK Novi Pazar,4633.0,"Dec 2, 1996",Main position:Centre Forward Side position: Left Wing Right Wing,Anes Rusevic,right,"1,83 m","Jan 1, 2015",,Anes Rušević,,Serbia,Novi Pazar,Striker - Centre Forward,"Dec 2, 1996 (19)",,,,374075.0
Milos Kukolj,,,,,,,,,,,,17.0,,-,,FK Partizan Belgrade U19,12373.0,"Dec 1, 1998",Main position:Centre Forward Side position: Secondary Striker,Milos Kukolj,,,-,0/0,,21137.0,Serbia,,Striker - Centre Forward,"Dec 1, 1998 (17)",,,,374637.0
Damjan Gojkov,,,,,,Samii Sport-Marketing Agentur,2532,,,,,18.0,,-,,OFK Beograd,53.0,"Jan 2, 1998",Main position:Attacking Midfield,Damjan Gojkov,,,"Jul 1, 2015",8/0,,21137.0,Serbia,,Midfield - Attacking Midfield,"Jan 2, 1998 (18)",,,,374866.0
Nenad Radonjic,,,,,,,,,,,,20.0,-,30.06.2016,Yugoslavia (Republic),FK Radnicki Belgrade,5681.0,"Mar 19, 1996",Main position:Right Wing Side position: Left Wing Centre Forward,Nenad Radonjic,right,"1,75 m","Aug 1, 2015",,Ненад Радоњић,,Serbia,Belgrad,Striker - Right Wing,"Mar 19, 1996 (20)",FK Vozdovac,4634.0,,377918.0
Filip Djurovic,,,,,,,,,,,,19.0,,-,,FK Radnicki 1923 Kragujevac,4645.0,"Nov 19, 1996",,Filip Djurovic,,,-,,,,Serbia,,Defence,"Nov 19, 1996 (19)",,,,377919.0
Vasilije Veljko Milovanovic,,,,,,,,,,,,17.0,,-,,FK Radnicki 1923 Kragujevac,4645.0,"Dec 30, 1998",,Vasilije Veljko Milovanovic,,,-,,,,Serbia,,Midfield,"Dec 30, 1998 (17)",,,,377920.0
Nemanja Milosevic,,,,,,,,,,,,19.0,-,30.06.2016,Yugoslavia (Republic),OFK Tabane 1970 Jagodina,48563.0,"Aug 18, 1996",,Nemanja Milosevic,,"1,74 m","Aug 15, 2015",,Nemanja Milošević,,Serbia,Leskovac,Midfield,"Aug 18, 1996 (19)",FK Jagodina,12132.0,,377921.0
Nikola Nedeljkovic,,,,,,,,,,,,19.0,,-,,FK Radnicki 1923 Kragujevac U19,44345.0,"Dec 24, 1996",,Nikola Nedeljkovic,,,-,,,,Serbia,,Midfield,"Dec 24, 1996 (19)",,,,377922.0
Ivan Plazinic,,,,,,,,,,,,18.0,,-,,Mladost Lucani,6622.0,"Feb 14, 1998",Main position:Centre Forward,Ivan Plazinic,,"0,01 m",-,,,,Serbia,,Striker - Centre Forward,"Feb 14, 1998 (18)",,,,377923.0
Lazar Milutinovic,,,,,,Smart Sports Management,2757,,,,,18.0,,-,,FK Radnicki 1923 Kragujevac U19,44345.0,"Jan 1, 1998",,Lazar Milutinovic,,,-,,,,Serbia,,Midfield,"Jan 1, 1998 (18)",,,,378129.0
Milos Tatovic,,,,,,,,,,,,17.0,,-,,FK Radnicki 1923 Kragujevac U19,44345.0,"Jan 1, 1999",,Milos Tatovic,,,-,,,,Serbia,,Striker,"Jan 1, 1999 (17)",,,,378132.0
