name,2nd club,2nd club id,Age,Complete name,Contract option,Contract there until,Contract until,Country of birth,Current club,Current club id,Date of birth,Date of last contract extension,Detailed position,Display name,Foot,Height,In the team since,Intl caps/goals,Name in home country,National team id,Nationality,Outfitter,Place of birth,Player's agent,Player's agent id,Position,birthDate,id,instagram,on loan from,on loan from club id,twitter,website
Victor Agali,,,37,,,,-,Nigeria,End of career,123,"Dec 29, 1978",,Main position:Centre Forward,Victor Agali,right,"1,93 m","Jan 1, 2011",12/5,Victor Okechukwu Agali,3444.0,Nigeria,,Okpanam,,,Striker - Centre Forward,"Dec 29, 1978 (37)",228,,,,,
Marek Heinz,,,38,,,,-,CSSR,1.HFK Olomouc,6475,"Aug 4, 1977",,Main position:Centre Forward Side position: Secondary Striker Attacking Midfield,Marek Heinz,left,"1,86 m","Jul 1, 2015",30/5,Marek Heinz,3445.0,Czech Republic,,Olomouc,,,Striker - Centre Forward,"Aug 4, 1977 (38)",306,,,,,
Mahmut Yilmaz,,,36,,,,-,Germany,UH-Adler Hamburg,7140,"Oct 6, 1979",,Main position:Centre Forward,Mahmut Yilmaz,right,"1,80 m","Aug 31, 2015",16/4,Mahmut Yılmaz,3817.0,Germany   Turkey,,Hamburg,Soccerxchange,1466.0,Striker - Centre Forward,"Oct 6, 1979 (36)",329,,,,,
Ünal Demirkiran,,,36,,,,-,Germany,End of career,123,"Jun 24, 1979",,Main position:Defensive Midfield Side position: Central Midfield Attacking Midfield,Ünal Demirkiran,both,"1,72 m","Jul 1, 2014",,Ünal Demirkıran,,Germany   Turkey,,Neu-Ulm,No agent,96.0,Midfield - Defensive Midfield,"Jun 24, 1979 (36)",495,,,,,
Aílton,,,42,Aílton Gonçalves da Silva,,,-,Brazil,End of career,123,"Jul 19, 1973",,Main position:Centre Forward,Aílton,left,"1,77 m","Jan 1, 2014",,,,Brazil,,Paraíba,Hoppenworth & Partner Sportmanagement,884.0,Striker - Centre Forward,"Jul 19, 1973 (42)",516,,,,,https://www.ailton.de
Selim Teber,,,35,,,,-,Germany,VfR Frankenthal,342,"Mar 7, 1981",,Main position:Central Midfield Side position: Attacking Midfield Left Midfield,Selim Teber,right,"1,87 m","Jul 1, 2015",5/0,Ufuk Selim Teber,3817.0,Germany   Turkey,,Frankenthal,No agent,96.0,Midfield - Central Midfield,"Mar 7, 1981 (35)",831,,,,,https://www.selim-teber.de
Ugur Inceman,,,34,,,,30.06.2017,Germany,Roda JC Kerkrade,192,"May 25, 1981",,Main position:Central Midfield Side position: Defensive Midfield,Ugur Inceman,right,"1,83 m","Jan 7, 2016",1/0,Uğur İnceman,3381.0,Turkey   Germany,,Aachen,,,Midfield - Central Midfield,"May 25, 1981 (34)",933,,,,,
Raymond Kalla,,,41,,,,-,Cameroon,End of career,123,"Apr 22, 1975",,Main position:Centre Back,Raymond Kalla,right,"1,90 m","Jul 1, 2010",59/1,Raymond Koned Kalla Nkongo,3434.0,Cameroon,,Douala,,,Defence - Centre Back,"Apr 22, 1975 (41)",1594,,,,,
Ekrem Dag,,,35,,,,30.06.2016,Turkey,Sanliurfaspor,6630,"Dec 5, 1980","Jul 8, 2015",Main position:Right-Back Side position: Right Midfield Left-Back,Ekrem Dag,both,"1,76 m","Aug 4, 2014",10/0,Ekrem Hayyam Dağ,3383.0,Austria,,Mardin,Alpaslan Kayabunar,737.0,Defence - Right-Back,"Dec 5, 1980 (35)",3059,,,,,
Kléberson,,,36,José Kléberson Pereira,,,30.11.2016,Brazil,Fort Lauderdale Strikers,9713,"Jun 19, 1979",,Main position:Central Midfield Side position: Defensive Midfield Attacking Midfield,Kléberson,right,"1,75 m","Jan 4, 2016",32/2,,3439.0,Brazil,,Uraí,MJF PUBLICIDADE,30.0,Midfield - Central Midfield,"Jun 19, 1979 (36)",3365,,,,,
Lucién Mettomo,,,39,,,,-,Cameroon,End of career,123,"Apr 19, 1977",,Main position:Centre Back,Lucién Mettomo,right,"1,83 m","Jul 1, 2009",42/1,,3434.0,Cameroon   France,,Douala,,,Defence - Centre Back,"Apr 19, 1977 (39)",3808,,,,,
Christophe Lepoint,,,31,,,,30.06.2017,Belgium,SV Zulte Waregem,3508,"Oct 24, 1984",,Main position:Central Midfield Side position: Centre Back Attacking Midfield,Christophe Lepoint,right,"1,88 m","Jul 1, 2015",2/1,,3382.0,Belgium,,Brussel,Eleven Management,474.0,Midfield - Central Midfield,"Oct 24, 1984 (31)",4742,,,,,
Charles-Edouard Coridon,,,43,,,,-,Martinique,End of career,123,"Apr 9, 1973",,Main position:Attacking Midfield,Charles-Edouard Coridon,right,"1,86 m","Jul 1, 2008",11/0,,19758.0,Martinique   France,,Le François,,,Midfield - Attacking Midfield,"Apr 9, 1973 (43)",5484,,,,,
Stephen Appiah,,,35,,,,-,Ghana,End of career,123,"Dec 24, 1980",,Main position:Central Midfield,Stephen Appiah,right,"1,78 m","Jul 1, 2012",69/16,Stephen Leroy Appiah,3441.0,Ghana,,Accra,,,Midfield - Central Midfield,"Dec 24, 1980 (35)",5975,,,,,https://www.stepapp.com
Lars Fredrik Risp,,,35,,,,-,Sweden,End of career,123,"Dec 15, 1980",,Main position:Centre Back,Lars Fredrik Risp,right,"1,86 m","Jul 1, 2013",2/1,,3557.0,Sweden,,Skalhamn,,,Defence - Centre Back,"Dec 15, 1980 (35)",6266,,,,,
Engin Baytar,,,32,,,,-,Germany,Unattached,515,"Jul 11, 1983",,Main position:Central Midfield Side position: Attacking Midfield Right Wing,Engin Baytar,both,"1,76 m","Apr 13, 2016",3/0,,3381.0,Turkey   Germany,,Bielefeld,Stars & Friends,10.0,Midfield - Central Midfield,"Jul 11, 1983 (32)",8399,,,,https://twitter.com/EnginBaytar_50,
Kerim Zengin,,,31,,one further year,,30.06.2016,Turkey,Kardemir Karabükspor,1506,"Apr 13, 1985",,Main position:Right-Back Side position: Right Wing Left Wing,Kerim Zengin,right,"1,77 m","Aug 5, 2015",1/0,,9568.0,Turkey,,Mersin,,,Defence - Right-Back,"Apr 13, 1985 (31)",8548,,,,,
Lukas Zelenka,,,36,,,,-,CSSR,1.SK Prostejov,13718,"Oct 5, 1979",,Main position:Attacking Midfield,Lukas Zelenka,both,"1,74 m","Jan 1, 2012",3/0,Lukáš Zelenka,3445.0,Czech Republic,,Prag,,,Midfield - Attacking Midfield,"Oct 5, 1979 (36)",9673,,,,,
Jiri Homola,,,35,,,,-,CSSR,Unattached,515,"Jul 2, 1980",,Main position:Centre Back,Jiri Homola,right,"1,86 m","Jul 1, 2013",2/0,Jiří Homola,8771.0,Czech Republic,,Nymburk,,,Defence - Centre Back,"Jul 2, 1980 (35)",9680,,,,,
Tomas Jun,,,33,,,,30.06.2017,CSSR,SC Ritzing,7445,"Jan 17, 1983",,Main position:Secondary Striker Side position: Left Wing Attacking Midfield,Tomas Jun,right,"1,78 m","Jan 5, 2015",10/2,Tomáš Jun,3445.0,Czech Republic,,Prag,No agent,96.0,Striker - Secondary Striker,"Jan 17, 1983 (33)",9692,,,,,
Petr Johana,,,40,,,,-,CSSR,Unattached,515,"Jan 11, 1976",,Main position:Centre Back Side position: Right-Back,Petr Johana,right,"1,91 m","Jul 1, 2014",13/0,Petr Johana,3445.0,Czech Republic,,Most,,,Defence - Centre Back,"Jan 11, 1976 (40)",9709,,,,,
Yusuf Akbel,,,31,,,,-,Germany,career break,2113,"Jul 31, 1984",,Main position:Centre Forward,Yusuf Akbel,both,"1,80 m","Jan 1, 2014",0/0,,22585.0,Turkey   Germany,,Hamburg,,,Striker - Centre Forward,"Jul 31, 1984 (31)",10232,,,,,
Sasa Ilic,,,38,,,,30.06.2016,Jugoslawien (SFR),FK Partizan Belgrade,669,"Dec 30, 1977","May 22, 2015",Main position:Attacking Midfield Side position: Central Midfield Left Midfield,Sasa Ilic,both,"1,77 m","Jan 1, 2010",8/0,Саша Илић,3438.0,Serbia,,Požarevac,,,Midfield - Attacking Midfield,"Dec 30, 1977 (38)",10298,,,,,
Serge Dié,,,38,,,,-,Cote d'Ivoire,End of career,123,"Oct 4, 1977",,Main position:Defensive Midfield Side position: Central Midfield,Serge Dié,left,"1,72 m","Jul 1, 2014",21/1,Mhinseia Serge Aristide Dié,3591.0,Cote d'Ivoire,,Abidjan,K.Floris Sports Agency,1148.0,Midfield - Defensive Midfield,"Oct 4, 1977 (38)",13845,,,,,
Goran Maznov,,,35,,,,-,Jugoslawien (SFR),FK Belasica Strumica,20110,"Apr 22, 1981",,Main position:Centre Forward Side position: Secondary Striker Right Wing,Goran Maznov,right,"1,85 m","Aug 5, 2015",45/10,Горан Мазнов,5148.0,Macedonia,,Strumica,No agent,96.0,Striker - Centre Forward,"Apr 22, 1981 (35)",15070,,,,,
Dimitar Ivankov,,,40,,,,-,Bulgaria,End of career,123,"Oct 30, 1975",,Main position:Keeper,Dimitar Ivankov,right,"1,88 m","Aug 1, 2011",65/0,Dimitar Ivanov Ivankov,3394.0,Bulgaria,,Sofia,Sportspartner Limited,1128.0,Goalkeeper,"Oct 30, 1975 (40)",15256,,,,,
Radoslav Batak,,,38,,,,-,Jugoslawien (SFR),End of career,123,"Aug 15, 1977",,Main position:Centre Back,Radoslav Batak,left,"1,87 m","Jan 1, 2013",26/1,Радослав Батак,11953.0,Montenegro,,Novi Sad,,,Defence - Centre Back,"Aug 15, 1977 (38)",15669,,,,,
Sandro,,,39,Sandro Miguel Laranjeira Mendes,,,-,Portugal,End of career,123,"Feb 4, 1977",,Main position:Defensive Midfield,Sandro,right,"1,80 m","Jul 1, 2012",22/1,,4311.0,Cape Verde   Portugal,,Palmela,Cornel Teodorescu,1038.0,Midfield - Defensive Midfield,"Feb 4, 1977 (39)",17369,,,,,
Murat Doymus,,,30,,,,-,Germany,TSV Schott Mainz,9695,"Nov 19, 1985",,Main position:Centre Back,Murat Doymus,right,"1,85 m","Aug 1, 2015",,Murat Doymu,,Germany,,Mainz,USM,1666.0,Defence - Centre Back,"Nov 19, 1985 (30)",18358,,,,,
Sebastian Johansson,,,35,,,,-,,Ahlafors IF,23422,"Sep 4, 1980",,Main position:Central Midfield,Sebastian Johansson,right,"1,78 m","May 12, 2014",,,,Sweden,,,Carlzon Sport Agency,264.0,Midfield - Central Midfield,"Sep 4, 1980 (35)",19234,,,,,
Radek Dosoudil,,,32,,,,-,CSSR,1.FK Pribram,2598,"Jun 20, 1983",,Main position:Centre Back,Radek Dosoudil,right,"1,91 m","Jul 1, 2015",3/0,Radek Dosoudil,8771.0,Czech Republic,,Mlada Boleslav,,,Defence - Centre Back,"Jun 20, 1983 (32)",21018,,,,,
Jiri Masek,,,37,,,,-,CSSR,USV Oed/Zeillern,19831,"Oct 5, 1978",,Main position:Centre Forward,Jiri Masek,right,"1,90 m","Jul 1, 2012",4/0,Jiří Mašek,22987.0,Czech Republic,,Mladá Boleslav,,,Striker - Centre Forward,"Oct 5, 1978 (37)",21078,,,,,
Michal Meduna,,,34,,,,-,CSSR,SV Eibenstein,38486,"Aug 31, 1981",,Main position:Centre Forward,Michal Meduna,both,"1,91 m","Jan 1, 2013",,,,Czech Republic,,Pardubice,,,Striker - Centre Forward,"Aug 31, 1981 (34)",21080,,,,,
Tomas Michalek,,,38,,,,-,,Union Saxen,31081,"Nov 27, 1977",,Main position:Right Midfield,Tomas Michalek,right,"1,78 m","Jan 1, 2016",,,,Czech Republic,,,,,Midfield - Right Midfield,"Nov 27, 1977 (38)",21083,,,,,
Zdenek Senkerik,,,35,,,,-,CSSR,End of career,123,"Dec 19, 1980",,Main position:Right Wing Side position: Secondary Striker,Zdenek Senkerik,right,"1,76 m","Sep 1, 2013",,Zdeněk Šenkeřík,,Czech Republic,,Zlín,,,Striker - Right Wing,"Dec 19, 1980 (35)",21117,,,,,
Filip Holosko,,,32,,,,30.06.2017,CSSR,Sydney FC,8054,"Jan 17, 1984",,Main position:Right Wing Side position: Centre Forward Left Wing,Filip Holosko,right,"1,85 m","Jul 19, 2015",65/8,Filip Hološko,3503.0,Slovakia,,Piestany,Football Service Agency,1684.0,Striker - Right Wing,"Jan 17, 1984 (32)",21245,https://instagram.com/holoskofilip,,,https://twitter.com/filiade,https://www.filipholosko.eu
Ufukhan Bayraktar,,,30,,,,30.06.2016,Turkey,Kocaeli Birlikspor,12511,"Jan 1, 1986",,Main position:Centre Back Side position: Right-Back,Ufukhan Bayraktar,right,"1,83 m","Jan 22, 2015",,,,Turkey,,Trabzon,Tribüne Sportagentur,1647.0,Defence - Centre Back,"Jan 1, 1986 (30)",22951,,,,,
Bora Riza Kalyon,,,29,,,,-,Switzerland,FC Wettswil-Bonstetten,29727,"Jun 7, 1986",,Main position:Defensive Midfield Side position: Centre Back Right-Back,Bora Riza Kalyon,right,"1,86 m","Jul 1, 2013",,Bora Rıza Kalyon,,Turkey   Switzerland,,Brugg,,,Midfield - Defensive Midfield,"Jun 7, 1986 (29)",24445,,,,,
Aleksandar Rodic,,,36,,,,-,Jugoslawien (SFR),Itala San Marco Gradisca,24384,"Dec 26, 1979",,Main position:Centre Forward,Aleksandar Rodic,right,"1,87 m","Dec 4, 2015",9/1,Aleksandar Rodič,3588.0,Slovenia,,Kozarska Dubica,Miljan Stevanovic,2613.0,Striker - Centre Forward,"Dec 26, 1979 (36)",24569,,,,,
Goce Sedloski,,,42,,,,-,Jugoslawien (SFR),End of career,123,"Apr 10, 1974",,Main position:Centre Back Side position: Sweeper,Goce Sedloski,right,"1,89 m","Jul 1, 2011",100/8,Гоце Седлоски,5148.0,Macedonia,,Golemo Konjari,Atheletes 1 Ltd,577.0,Defence - Centre Back,"Apr 10, 1974 (42)",24625,,,,,
Catatau,,,30,Eberti Marques de Toledo,,,-,Brazil,Unattached,515,"Mar 1, 1986",,Main position:Centre Forward,Catatau,left,"1,73 m","May 1, 2011",,,,Brazil,,Fernandopolis,,,Striker - Centre Forward,"Mar 1, 1986 (30)",27421,,,,,
Igor Jancevski,,,41,,,,-,Jugoslawien (SFR),End of career,123,"Sep 16, 1974",,Main position:Central Midfield,Igor Jancevski,right,"1,85 m","Jul 1, 2009",28/0,Игор Јанчевски,5148.0,Macedonia,,Zemun,,,Midfield - Central Midfield,"Sep 16, 1974 (41)",27866,,,,,
Ibrahim Aydemir,,,33,,,,-,Germany,FC Erding,26465,"May 19, 1983",,Main position:Right Wing,Ibrahim Aydemir,right,"1,78 m","Jul 1, 2015",1/0,,39417.0,Turkey   Germany,,Augsburg,,,Striker - Right Wing,"May 19, 1983 (33)",28131,,,,,
Milan Stepanov,,,33,,,,30.06.2017,Jugoslawien (SFR),FK Vojvodina,448,"Apr 2, 1983",,Main position:Centre Back,Milan Stepanov,right,"1,90 m","Jan 2, 2016",6/0,,3438.0,Serbia,,Novi Sad,BTR Profisport,2044.0,Defence - Centre Back,"Apr 2, 1983 (33)",28698,,,,,
Köksal Yedek,,,31,,,,30.06.2017,Turkey,Kardemir Karabükspor,1506,"Jan 17, 1985",,Main position:Right Wing Side position: Left Wing Attacking Midfield,Köksal Yedek,both,"1,80 m","Jul 21, 2015",,,,Turkey,,Nevsehir,ONUK Sportsmanagement GmbH,988.0,Midfield - Right Wing,"Jan 17, 1985 (31)",29412,,,,,
Adam Petrous,,,38,,,,-,CSSR,End of career,123,"Sep 19, 1977",,Main position:Centre Back,Adam Petrous,right,"1,87 m","Aug 1, 2009",4/0,Adam Petrouš,3445.0,Czech Republic,,Prag,,,Defence - Centre Back,"Sep 19, 1977 (38)",29469,,,,,
Zoltán Böőr,,,37,,,,-,Hungary,End of career,123,"Aug 14, 1978",,Main position:Central Midfield Side position: Attacking Midfield Right Midfield,Zoltán Böőr,right,"1,70 m","Jul 1, 2015",21/1,,3468.0,Hungary,,Debrecen,Vladan Filipovic,954.0,Midfield - Central Midfield,"Aug 14, 1978 (37)",29474,,,,,
Kenan Aslanoglu,,,33,,,,-,Turkey,Unknown,75,"Jul 7, 1982",,Main position:Attacking Midfield Side position: Central Midfield Right Wing,Kenan Aslanoglu,right,"1,85 m","Oct 7, 2015",,Kenan Aslanoğlu,,Turkey,,Izmir,SF Player Consulting,896.0,Midfield - Attacking Midfield,"Jul 7, 1982 (33)",29493,,,,,
Hakan Balta,,,33,,,,30.06.2018,Germany,Galatasaray SK,141,"Mar 23, 1983","Oct 9, 2015",Main position:Centre Back Side position: Left-Back,Hakan Balta,left,"1,84 m","Sep 3, 2007",44/2,Hakan Kadir Balta,3381.0,Turkey   Germany,,Berlin,Foot & Ball,458.0,Defence - Centre Back,"Mar 23, 1983 (33)",29494,,,,,
Yunus Ceylan,,,36,,,,-,Turkey,Unknown,75,"Dec 25, 1979",,Main position:Right-Back Side position: Centre Back,Yunus Ceylan,right,"1,81 m","Sep 4, 2014",,Yunus Murat Ceylan,,Turkey,,Istanbul,,,Defence - Right-Back,"Dec 25, 1979 (36)",29495,,,,,
Eray Er,,,39,,,,-,Turkey,End of career,123,"Apr 11, 1977",,Main position:Left-Back,Eray Er,left,"1,83 m","Jul 1, 2011",,,,Turkey,,Izmir,,,Defence - Left-Back,"Apr 11, 1977 (39)",29497,,,,,
Tufan Esin,,,35,,,,-,Turkey,Silifkespor,46627,"Aug 7, 1980",,Main position:Centre Back,Tufan Esin,right,"1,78 m","Sep 12, 2014",,,,Turkey,,Mersin,,,Defence - Centre Back,"Aug 7, 1980 (35)",29498,,,,,
Ali Ölmez,,,32,,,,-,Turkey,Unknown,75,"Aug 21, 1983",,Main position:Centre Forward,Ali Ölmez,both,"1,82 m","Sep 16, 2014",,,,Turkey,,Izmir,No agent,96.0,Striker - Centre Forward,"Aug 21, 1983 (32)",29628,,,,,
Ufuk Ceylan,,,29,,one further year,,30.06.2016,Turkey,Medipol Basaksehir,6890,"Jun 23, 1986",,Main position:Keeper,Ufuk Ceylan,left,"1,94 m","Jul 22, 2014",0/0,,3381.0,Turkey,,Izmir,Foot & Ball,458.0,Goalkeeper,"Jun 23, 1986 (29)",29631,,,,,
Murat Sözgelmez,,,30,,,,30.06.2017,Turkey,MKE Ankaragücü,868,"Aug 21, 1985",,Main position:Centre Back Side position: Right-Back Defensive Midfield,Murat Sözgelmez,right,"1,83 m","Aug 24, 2015",1/0,,39417.0,Turkey,,Izmir,No agent,96.0,Defence - Centre Back,"Aug 21, 1985 (30)",29641,,,,,
Murat Korkmaz,,,32,,,,-,Netherlands,Blauw Geel '38,18586,"Jun 14, 1983",,Main position:Central Midfield Side position: Attacking Midfield,Murat Korkmaz,left,,"Oct 13, 2011",,,,Netherlands   Turkey,,Veghel,,,Midfield - Central Midfield,"Jun 14, 1983 (32)",29919,,,,,
Ferdi Elmas,,,31,,,,30.06.2017,Netherlands,Manisa Büyüksehir Belediyespor,48913,"Feb 13, 1985",,Main position:Left Wing Side position: Left Midfield Attacking Midfield,Ferdi Elmas,left,"1,73 m","Jan 6, 2016",2/0,,9568.0,Turkey   Netherlands,,Amsterdam,Star-Gol,2522.0,Midfield - Left Wing,"Feb 13, 1985 (31)",29949,,,,,
Christian Järdler,,,33,,,,-,,End of career,123,"Jun 3, 1982",,Main position:Left-Back,Christian Järdler,left,"1,84 m","Sep 12, 2013",5/0,Christian André Järdler,8595.0,Sweden,,,Lars Petter Fosdahl,351.0,Defence - Left-Back,"Jun 3, 1982 (33)",31200,,,,,
Engin Cicem,,,30,,,,-,Germany,TuRU Düsseldorf II,9476,"Mar 29, 1986",,Main position:Centre Forward,Engin Cicem,right,"1,87 m","Mar 2, 2015",4/1,Engin Çiçem,22585.0,Germany   Turkey,,Ratingen,,,Striker - Centre Forward,"Mar 29, 1986 (30)",31214,,,,,
Aytek Asikoglu,,,33,,,,-,Turkey,Kirklarelispor,27603,"Aug 20, 1982",,Main position:Centre Back,Aytek Asikoglu,right,"1,85 m","Jul 9, 2015",,Aytek Aşıkoğlu,,Turkey,,Istanbul,Golden Goal Sports Management,2961.0,Defence - Centre Back,"Aug 20, 1982 (33)",31680,,,,https://twitter.com/aytkmrvaylz,
Volkan Cekic,,,33,,,,-,Turkey,Unattached,515,"Mar 12, 1983",,,Volkan Cekic,right,"1,81 m","Jan 1, 2011",,,,Turkey,,Erzurum,,,Striker,"Mar 12, 1983 (33)",31682,,,,,
Taylan Uzunoglu,,,34,,,,30.06.2017,Turkey,Sancaktepe Belediyespor,31788,"Mar 31, 1982",,Main position:Centre Forward Side position: Right Wing Left Wing,Taylan Uzunoglu,right,"1,78 m","Aug 14, 2015",,İbrahim Taylan Uzunoğlu,,Turkey,,Izmir,,,Striker - Centre Forward,"Mar 31, 1982 (34)",31688,,,,,
Ferhat Cökmüs,FC Wil 1900 U21 (#4),34200.0,31,,,,30.06.2016,Switzerland,FC Wil 1900,850,"Feb 14, 1985",,Main position:Right-Back Side position: Defensive Midfield Left-Back,Ferhat Cökmüs,right,"1,80 m","Jul 24, 2015",1/0,Ferhat Çökmüş,39417.0,Turkey   Switzerland,,Bern,,,Defence - Right-Back,"Feb 14, 1985 (31)",32441,,,,,https://www.ferhatc.net
Jefferson,,,33,Jefferson de Oliveira Galvão,,,31.12.2017,Brazil,Botafogo Rio de Janeiro,537,"Jan 2, 1983","Jan 9, 2015",Main position:Keeper,Jefferson,left,"1,89 m","Jul 1, 2009",22/0,,3439.0,Brazil,,São Vicente,MFD Sports,3441.0,Goalkeeper,"Jan 2, 1983 (33)",32561,,,,,
Fabiano Eller,,,38,,,,31.12.2016,Brazil,Clube Náutico Capibaribe,2646,"Nov 16, 1977","Mar 11, 2016",Main position:Centre Back,Fabiano Eller,left,"1,82 m","Apr 23, 2015",1/0,Fabiano Eller dos Santos,3439.0,Brazil,,Linhares,,,Defence - Centre Back,"Nov 16, 1977 (38)",32856,,,,,
Ertugrul Arslan,,,36,,,,30.06.2016,Turkey,Kocaeli Birlikspor,12511,"Jan 26, 1980",,Main position:Defensive Midfield Side position: Central Midfield,Ertugrul Arslan,right,"1,67 m","Jan 13, 2016",,Ertuğrul Arslan,,Turkey,,Sivas,No agent,96.0,Midfield - Defensive Midfield,"Jan 26, 1980 (36)",33550,,,,,
Ömer Ates,,,34,,,,-,Turkey,Unattached,515,"Aug 14, 1981",,Main position:Left-Back Side position: Left Midfield Centre Back,Ömer Ates,left,"1,81 m","Jul 1, 2015",6/0,Ömer Ateş,22586.0,Turkey,,Istanbul,,,Defence - Left-Back,"Aug 14, 1981 (34)",33551,,,,,
Gökhan Bozkaya,,,35,,,,-,,End of career,123,"May 12, 1981",,Main position:Centre Forward,Gökhan Bozkaya,right,"1,78 m","Jul 1, 2013",,,,Turkey   Germany,,,Atakee Sportmanagement,1834.0,Striker - Centre Forward,"May 12, 1981 (35)",33552,,,,,
Burhan Coskun,,,34,,,,30.06.2016,Turkey,24 Erzincanspor,37956,"Oct 3, 1981",,Main position:Centre Forward Side position: Secondary Striker,Burhan Coskun,right,"1,85 m","Aug 20, 2015",,Burhan Coşkun,,Turkey,,Yozgat,,,Striker - Centre Forward,"Oct 3, 1981 (34)",33554,,,,,
Anderson,,,33,Anderson Ricardo dos Santos,,,-,Brazil,Unknown,75,"Mar 22, 1983",,Main position:Centre Forward,Anderson,both,"1,93 m","Jan 21, 2013",,,,Brazil,,Marília,No agent,96.0,Striker - Centre Forward,"Mar 22, 1983 (33)",33557,,,,,
Mutlu Kiziltan,,,35,,,,-,Turkey,End of career,123,"Jan 31, 1981",,Main position:Attacking Midfield Side position: Central Midfield Right Wing,Mutlu Kiziltan,right,"1,76 m","Jul 1, 2013",,Mutlu Kızıltan,,Turkey,,Izmir,,,Midfield - Attacking Midfield,"Jan 31, 1981 (35)",33561,,,,,
Mohamed Ali,,,41,Mohamed Ali Kurtulus,,,-,,End of career,123,"Aug 29, 1974",,Main position:Attacking Midfield,Mohamed Ali,both,"1,77 m","Jul 1, 2011",,,,Turkey,,,,,Midfield - Attacking Midfield,"Aug 29, 1974 (41)",33562,,,,,
Kazim Seker,,,33,,,,30.06.2016,Turkey,Ankara Demirspor,12524,"Jun 6, 1982",,Main position:Attacking Midfield Side position: Defensive Midfield,Kazim Seker,right,"1,79 m","Aug 25, 2015",2/0,Kazım Şeker,39417.0,Turkey,,Ankara,,,Midfield - Attacking Midfield,"Jun 6, 1982 (33)",33564,,,,,
Fransergio,,,35,Fransergio Euripedes Ferreira Bastos,,,-,,End of career,123,"Jun 4, 1980",,,Fransergio,both,"1,84 m",-,,,,Brazil   Turkey,,,,,Midfield,"Jun 4, 1980 (35)",33565,,,,,
Akin Vardar,,,38,,,,-,Turkey,End of career,123,"Apr 2, 1978",,Main position:Keeper,Akin Vardar,,"1,88 m","Feb 13, 2013",,Akın Vardar,,Turkey,,Aydin,,,Goalkeeper,"Apr 2, 1978 (38)",33568,,,,,
Hayrettin Yerlikaya,,,34,,,,-,Turkey,End of career,123,"Aug 13, 1981",,Main position:Left-Back Side position: Centre Back Left Midfield,Hayrettin Yerlikaya,left,"1,79 m","Jul 1, 2013",0/0,,3381.0,Turkey,,Sivas,Mehmet Üstün,729.0,Defence - Left-Back,"Aug 13, 1981 (34)",33569,,,,,
Ferhat Odabasi,,,32,,,,30.06.2017,Turkey,MKE Ankaragücü,868,"Jul 15, 1983",,Main position:Keeper,Ferhat Odabasi,right,"1,84 m","Aug 24, 2015",1/0,Ferhat Odabaşı,22585.0,Turkey,,Sivas,No agent,96.0,Goalkeeper,"Jul 15, 1983 (32)",33788,,,,,
Isaac Promise,,,28,,,,30.06.2017,Nigeria,Kardemir Karabükspor,1506,"Dec 2, 1987",,Main position:Right Wing Side position: Left Wing Centre Forward,Isaac Promise,both,"1,83 m","Jan 27, 2016",3/1,,3444.0,Nigeria,,Zaria,BURAK SALLAK,3059.0,Striker - Right Wing,"Dec 2, 1987 (28)",33789,,,,,
Mehmet Cakir,,,32,,,,30.06.2016,Turkey,Samsunspor,152,"Jan 4, 1984",,Main position:Right Wing Side position: Centre Forward Attacking Midfield,Mehmet Cakir,right,"1,82 m","Jul 28, 2015",,Mehmet Çakır,,Turkey,,Ankara,Erhan Caglayan,1252.0,Striker - Right Wing,"Jan 4, 1984 (32)",33791,,,,,
Gökhan Gönül,,,31,,,,30.06.2016,Turkey,Fenerbahce SK,36,"Jan 4, 1985","Jun 1, 2014",Main position:Right-Back Side position: Right Midfield Right Wing,Gökhan Gönül,right,"1,75 m","Jul 18, 2007",55/1,,3381.0,Turkey,adidas,Samsun,Foot & Ball,458.0,Defence - Right-Back,"Jan 4, 1985 (31)",33793,,,,https://twitter.com/_gokhangonul,https://www.gokhangonul.com.tr
Cem Kargin,,,38,,,,-,Turkey,End of career,123,"Mar 20, 1978",,Main position:Centre Back,Cem Kargin,left,"1,84 m","Jan 1, 2012",,Cem Kargın,,Turkey,,Izmir,,,Defence - Centre Back,"Mar 20, 1978 (38)",33795,,,,,
Yusuf Soysal,,,34,,,,-,Germany,Unknown,75,"Apr 26, 1982",,Main position:Keeper,Yusuf Soysal,,"1,93 m","Jul 1, 2012",,,,Turkey,,Frankfurt am Main,,,Goalkeeper,"Apr 26, 1982 (34)",33798,,,,,
Ilkem Özkaynak,,,34,,,,30.06.2016,Turkey,Kirklarelispor,27603,"May 1, 1982",,Main position:Left-Back Side position: Left Midfield,Ilkem Özkaynak,left,"1,82 m","Aug 12, 2014",,İlkem Özkaynak,,Turkey,,Kirklareli,,,Defence - Left-Back,"May 1, 1982 (34)",33802,,,,,
Mehmet Akdemir,,,41,,,,-,Turkey,End of career,123,"Dec 9, 1974",,Main position:Right Wing,Mehmet Akdemir,right,"1,82 m","Jul 1, 2013",,,,Turkey,,Ankara,,,Striker - Right Wing,"Dec 9, 1974 (41)",33805,,,,,
Fabio Duarte,,,36,Fabio Duarte Vasconselos,,,-,Brazil,Rio Claro Futebol Clube (SP),1442,"Feb 14, 1980",,,Fabio Duarte,both,"1,85 m","Jan 1, 2011",,,,Brazil,,Rondonópolis,,,Defence,"Feb 14, 1980 (36)",33807,,,,,
Serkan Atak,,,32,,,,30.05.2016,Germany,Denizlispor,833,"Jan 3, 1984","Jun 27, 2015",Main position:Central Midfield Side position: Right Wing Right-Back,Serkan Atak,right,"1,75 m","Jan 30, 2015",5/0,,9568.0,Turkey   Germany,,Kösching,,,Midfield - Central Midfield,"Jan 3, 1984 (32)",33809,,,,,
Ozan Özkan,,,31,,,,-,Turkey,Muglaspor,2378,"Jun 11, 1984",,Main position:Right-Back Side position: Left-Back,Ozan Özkan,right,"1,81 m","Sep 16, 2015",,,,Turkey,,Mugla,,,Defence - Right-Back,"Jun 11, 1984 (31)",33903,,,,,
Salim Ayan,,,35,,,,-,Bulgaria,End of career,123,"Jun 30, 1980",,,Salim Ayan,right,"1,80 m","Jul 1, 2013",,,,Turkey,,Schumen,,,Striker,"Jun 30, 1980 (35)",33957,,,,,
Burhan Eser,,,31,,,,30.06.2017,Turkey,Medicana Sivasspor,2381,"Jan 1, 1985","Jun 3, 2015",Main position:Right Wing Side position: Attacking Midfield Left Wing,Burhan Eser,right,"1,80 m","Jul 9, 2013",1/0,Burhan Eşer,39417.0,Turkey,,Diyarbakir,Foot & Ball,458.0,Midfield - Right Wing,"Jan 1, 1985 (31)",33958,,,,,
Sinan Turan,,,30,,,,30.06.2017,Turkey,Darica Genclerbirligi,12380,"Jul 1, 1985",,Main position:Attacking Midfield Side position: Left-Back Left Wing,Sinan Turan,left,"1,77 m","Jul 30, 2015",,,,Turkey,,Trabzon,,,Midfield - Attacking Midfield,"Jul 1, 1985 (30)",33961,,,,,
Altan Günes,,,30,,,,-,Turkey,Talasgücü Belediyespor,44352,"Feb 9, 1986",,Main position:Defensive Midfield Side position: Left-Back Left Midfield,Altan Günes,left,"1,74 m","Aug 21, 2015",,Altan Güneş,,Turkey,,Kayseri,,,Midfield - Defensive Midfield,"Feb 9, 1986 (30)",33966,,,,,
Dejan Radjenovic,,,41,,,,-,Jugoslawien (SFR),End of career,123,"May 8, 1975",,Main position:Central Midfield Side position: Attacking Midfield Secondary Striker,Dejan Radjenovic,right,"1,93 m","Jul 1, 2012",,,,Serbia,,Belgrad,,,Midfield - Central Midfield,"May 8, 1975 (41)",33968,,,,,
Rashad Sadygov,,,33,,,,30.06.2016,UDSSR,Qarabag Agdam,10625,"Jun 16, 1982",,Main position:Centre Back Side position: Defensive Midfield,Rashad Sadygov,right,"1,81 m","Feb 1, 2011",102/4,Rəşad Fərhad oğlu Sadıqov,8605.0,Azerbaijan,,Baku,,,Defence - Centre Back,"Jun 16, 1982 (33)",33969,,,,,https://www.rashadsadigov.com
Pape Cire Dia,,,35,,,,-,Senegal,ASC Diaraf Dakar,3917,"Aug 19, 1980",,Main position:Centre Forward,Pape Cire Dia,right,"1,83 m","Dec 1, 2010",4/1,,3499.0,Senegal,,Dakar,,,Striker - Centre Forward,"Aug 19, 1980 (35)",34163,,,,,
Vedat Kapurtu,,,37,,,,30.06.2016,Turkey,Alima Yeni Malatyaspor,19789,"Jun 30, 1978","Jul 26, 2014",Main position:Keeper,Vedat Kapurtu,right,"1,81 m","Jul 1, 2012",,,,Turkey,,Istanbul,,,Goalkeeper,"Jun 30, 1978 (37)",34168,,,,,
Yusuf Peken,,,35,,,,-,Turkey,End of career,123,"Aug 4, 1980",,Main position:Defensive Midfield,Yusuf Peken,right,"1,82 m","Jul 1, 2008",,,,Turkey,,Trabzon,,,Midfield - Defensive Midfield,"Aug 4, 1980 (35)",34170,,,,,
Mbengue Thiemokho,,,33,,,,-,,ASC Jeanne d'Arc Dakar,1840,"Mar 10, 1983",,Main position:Centre Back,Mbengue Thiemokho,right,"1,81 m","Jan 1, 2006",,,,Senegal,,,,,Defence - Centre Back,"Mar 10, 1983 (33)",34172,,,,,
Douglas,,,34,Douglas dos Santos,,31.12.2017,31.12.2016,Brazil,GrÃªmio Foot-Ball Porto Alegrense,210,"Feb 18, 1982","Jan 21, 2016",Main position:Attacking Midfield Side position: Left Wing Right Wing,Douglas,left,"1,76 m","Jan 2, 2015",1/0,,3439.0,Brazil,,CriciÃºma,Think Ball & Sports Consulting,1017.0,Midfield - Attacking Midfield,"Feb 18, 1982 (34)",34332,,AtlÃ©tico Monte Azul (SP),25671.0,,https://www.douglas10.com.br
Ardijan Djokaj,,,36,,,,-,Jugoslawien (SFR),End of career,123,"May 23, 1979",,Main position:Left Wing Side position: Centre Forward,Ardijan Djokaj,left,"1,79 m",-,1/0,,23115.0,Montenegro,,Titograd,No agent,96.0,Striker - Left Wing,"May 23, 1979 (36)",34404,,,,,
Ahmed Belal,,,35,,,,-,Egypt,End of career,123,"Aug 20, 1980",,Main position:Centre Forward,Ahmed Belal,both,"1,78 m","Jan 28, 2013",27/19,أحمد بلال,3672.0,Egypt,,Sharkia,,,Striker - Centre Forward,"Aug 20, 1980 (35)",34414,,,,,
Ermin Rakovic,,,38,,,,-,Jugoslawien (SFR),SG Drautal,10263,"Sep 7, 1977",,Main position:Right Wing,Ermin Rakovic,both,"1,72 m","Jul 1, 2015",15/1,,3588.0,Slovenia,,Maribor,,,Striker - Right Wing,"Sep 7, 1977 (38)",34642,,,,,
Ibrahima Gueyé,,,38,,,,-,Senegal,End of career,123,"Feb 19, 1978",,Main position:Centre Back Side position: Defensive Midfield,Ibrahima Gueyé,both,"1,90 m","Jul 1, 2014",2/0,,3499.0,Senegal   Bulgaria,,Dakar,Latchezar Tanev,228.0,Defence - Centre Back,"Feb 19, 1978 (38)",34809,,,,,
Dejan Maksic,,,40,,,,-,,End of career,123,"Sep 20, 1975",,Main position:Keeper,Dejan Maksic,,"1,84 m",-,,,,Serbia,,,,,Goalkeeper,"Sep 20, 1975 (40)",34820,,,,,
Marciel,,,34,Marciel Rodger Back,,,-,Brazil,Brasília Futebol Clube (DF),27832,"Mar 20, 1982",,Main position:Central Midfield,Marciel,both,"1,80 m","Jan 1, 2013",,,,Brazil,,Itapiranga,,,Midfield - Central Midfield,"Mar 20, 1982 (34)",34861,,,,,
Rafael Marques,,,32,,,,31.12.2017,Brazil,Sociedade Esportiva Palmeiras,1023,"May 27, 1983",,Main position:Centre Forward Side position: Left Wing Right Wing,Rafael Marques,right,"1,90 m","Jan 13, 2016",,Rafael Marques Mariano,,Brazil   Turkey,,São Paulo,Eduardo Uram,780.0,Striker - Centre Forward,"May 27, 1983 (32)",34862,,,,,
Héverton,,,30,Héverton Durães Coutinho Alves,,,-,Brazil,Unattached,515,"Oct 28, 1985",,Main position:Attacking Midfield Side position: Left Wing Right Wing,Héverton,both,"1,73 m","Apr 25, 2016",,,,Brazil,,Brasília,Planet Soccer,2834.0,Midfield - Attacking Midfield,"Oct 28, 1985 (30)",34866,,,,,
Robson,,,27,Robson Silva de Assis,,,-,Brazil,Sociedade Esportiva River Plate (SE),27819,"Aug 30, 1988",,Main position:Attacking Midfield,Robson,right,"1,72 m","Jan 1, 2013",,,,Brazil,,Salvador,,,Midfield - Attacking Midfield,"Aug 30, 1988 (27)",34867,,,,,
Selcuk Inan,,,31,,,,30.06.2019,Turkey,Galatasaray SK,141,"Feb 10, 1985","May 28, 2014",Main position:Central Midfield Side position: Defensive Midfield Attacking Midfield,Selcuk Inan,right,"1,85 m","Jul 1, 2011",50/8,Selçuk İnan,3381.0,Turkey,,Hatay,Angora,1566.0,Midfield - Central Midfield,"Feb 10, 1985 (31)",35026,,,,https://twitter.com/8Selcukinan,
Cihan Can,,,29,,,,30.06.2017,Turkey,Giresunspor,11688,"Aug 1, 1986","Jul 6, 2015",Main position:Centre Back Side position: Defensive Midfield Right-Back,Cihan Can,right,"1,75 m","Aug 22, 2014",,,,Turkey,,Istanbul,Star-Gol,2522.0,Defence - Centre Back,"Aug 1, 1986 (29)",35250,,,,,
Özgür Can Özcan,,,28,,,,30.06.2016,Turkey,Boluspor,3207,"Apr 10, 1988",,Main position:Centre Forward Side position: Secondary Striker,Özgür Can Özcan,both,"1,84 m","Jan 15, 2016",6/1,,9568.0,Turkey,,Antalya,Not clarified,946.0,Striker - Centre Forward,"Apr 10, 1988 (28)",35252,,,,,
Ali Güzeldal,,,30,,,,-,Turkey,Unattached,515,"Apr 10, 1986",,Main position:Left Wing Side position: Centre Forward Right Wing,Ali Güzeldal,right,"1,76 m","Dec 11, 2014",1/0,,39417.0,Turkey,,Samsun,,,Striker - Left Wing,"Apr 10, 1986 (30)",35508,,,,,
Ergin Keles,,,29,,,,30.06.2016,Turkey,Adanaspor,6,"Jan 1, 1987",,Main position:Centre Forward Side position: Secondary Striker Right Wing,Ergin Keles,right,"1,84 m","Aug 27, 2015",6/3,Ergin Keleş,9568.0,Turkey,,Trabzon,Transfair UG,1165.0,Striker - Centre Forward,"Jan 1, 1987 (29)",35509,,,,,
Yavuz Odabasi,,,29,,,,30.06.2016,Turkey,Bergama Belediyespor,37947,"Jan 1, 1987",,Main position:Centre Forward Side position: Left Wing Right Wing,Yavuz Odabasi,right,"1,78 m","Jul 1, 2015",,Yavuz Odabaşı,,Turkey,,Trabzon,Onur Football Agency,2388.0,Striker - Centre Forward,"Jan 1, 1987 (29)",35510,,,,,
Evren Erdeniz,,,33,,,,-,Turkey,Unattached,515,"Apr 3, 1983",,Main position:Centre Forward Side position: Secondary Striker,Evren Erdeniz,right,"1,79 m","Jul 1, 2014",,,,Turkey,,Rize,,,Striker - Centre Forward,"Apr 3, 1983 (33)",35635,,,,,
Gökhan Kaba,,,32,,,,-,Turkey,Unattached,515,"Nov 24, 1983",,Main position:Centre Forward,Gökhan Kaba,right,"1,81 m","Apr 24, 2015",,,,Turkey,,Sakarya,PROGOL SPORT MANAGEMENT,1992.0,Striker - Centre Forward,"Nov 24, 1983 (32)",35636,,,,,
Emre Balak,,,27,,,,30.06.2016,Turkey,Kocaeli Birlikspor,12511,"Aug 11, 1988",,Main position:Centre Back Side position: Right-Back,Emre Balak,right,"1,77 m","Jul 1, 2014",,,,Turkey,,Amasya,,,Defence - Centre Back,"Aug 11, 1988 (27)",35815,,,,,
Gustave Bebbe,,,33,,,,-,Cameroon,Mudanyaspor,45504,"Jun 22, 1982",,Main position:Centre Forward,Gustave Bebbe,both,"1,79 m","Oct 9, 2015",3/1,Gustave Anicet Bebbe Mbangue,3434.0,Cameroon   Turkey,,Yaounde,CFA,2837.0,Striker - Centre Forward,"Jun 22, 1982 (33)",37085,,,,,
Alaattin Öztekin,,,29,,,,-,Turkey,Kurtalanspor,45245,"Jun 25, 1986",,Main position:Centre Forward Side position: Right Wing,Alaattin Öztekin,both,"1,80 m","Feb 20, 2015",,,,Turkey,,Kayseri,,,Striker - Centre Forward,"Jun 25, 1986 (29)",37090,,,,,
Ilhan Parlak,,,29,,,,30.06.2016,Turkey,Gaziantepspor,524,"Jan 18, 1987",,Main position:Centre Forward Side position: Left Wing Right Wing,Ilhan Parlak,right,"1,81 m","Jan 7, 2016",18/4,İlhan Parlak,9568.0,Turkey,,Kayseri,Angora,1566.0,Striker - Centre Forward,"Jan 18, 1987 (29)",37091,,,,,
Orhan Sahin,,,30,,,,-,Turkey,Sorgun Belediyespor,45237,"Jan 23, 1986",,Main position:Defensive Midfield Side position: Centre Back,Orhan Sahin,right,"1,74 m","Oct 10, 2014",,Orhan Şahin,,Turkey,,Kayseri,,,Midfield - Defensive Midfield,"Jan 23, 1986 (30)",37093,,,,,
Haluk Tanriseven,,,37,,,,-,Turkey,End of career,123,"Aug 15, 1978",,Main position:Keeper,Haluk Tanriseven,,"1,81 m","Mar 29, 2013",,Haluk Tanrıseven,,Turkey,,Erzurum,,,Goalkeeper,"Aug 15, 1978 (37)",37094,,,,,
Aydin Toscali,,,35,,,,-,Turkey,End of career,123,"Aug 14, 1980",,Main position:Centre Back,Aydin Toscali,right,"1,84 m","Jul 1, 2014",1/0,Aydın Toscalı,3381.0,Turkey,,Aydin,,,Defence - Centre Back,"Aug 14, 1980 (35)",37095,,,,,
Aydemir Yavuz,,,30,,,,-,Turkey,Unknown,75,"Oct 25, 1985",,Main position:Centre Back,Aydemir Yavuz,right,"1,79 m","Jul 1, 2010",,,,Turkey,,Kayseri,,,Defence - Centre Back,"Oct 25, 1985 (30)",37096,,,,,
Alex Alves,,,40,Alexandro Alves Ferreira,,,-,,End of career,123,"Jul 3, 1975",,,Alex Alves,both,"1,70 m","Oct 1, 2009",,,,Brazil,,,,,Striker,"Jul 3, 1975 (40)",37555,,,,,
Aydin Yilmaz,,,28,,,,30.06.2017,Turkey,Kasimpasa,10484,"Jan 29, 1988",,Main position:Right Wing Side position: Left Wing,Aydin Yilmaz,right,"1,76 m","Jul 10, 2015",1/0,Aydın Yılmaz,3381.0,Turkey,,Istanbul,Foot & Ball,458.0,Midfield - Right Wing,"Jan 29, 1988 (28)",37736,,,,,
Mehmet Güven,,,28,,,,30.06.2018,Turkey,Osmanlispor FK,2944,"Jul 30, 1987",,Main position:Central Midfield Side position: Defensive Midfield Attacking Midfield,Mehmet Güven,right,"1,82 m","Aug 10, 2015",3/0,,39417.0,Turkey,,Malatya,Friends Sports,2737.0,Midfield - Central Midfield,"Jul 30, 1987 (28)",37837,,,,,
Ferhat Öztorun,,,29,,one further year,,30.06.2017,Turkey,Medipol Basaksehir,6890,"May 8, 1987",,Main position:Left-Back,Ferhat Öztorun,left,"1,76 m","Jul 11, 2014",1/0,,39417.0,Turkey,,Istanbul,Stars & Friends,10.0,Defence - Left-Back,"May 8, 1987 (29)",37839,,,,,
David Abwo,,,30,,,,30.06.2016,Nigeria,Giresunspor,11688,"May 10, 1986","Jul 8, 2015",Main position:Right Wing Side position: Left Wing,David Abwo,right,"1,74 m","Jul 14, 2014",0/0,David Solomon Abwo,22981.0,Nigeria,,Jos,BURAK SALLAK,3059.0,Midfield - Right Wing,"May 10, 1986 (30)",37842,,,,,
Aykut Akgün,,,28,,,,30.06.2017,Germany,Adana Demirspor,3840,"Sep 18, 1987",,Main position:Defensive Midfield Side position: Central Midfield Centre Back,Aykut Akgün,right,"1,83 m","Jul 21, 2015",3/0,,39417.0,Turkey   Germany,,Karlsruhe,No agent,96.0,Midfield - Defensive Midfield,"Sep 18, 1987 (28)",37873,https://instagram.com/aykutakgunn#,,,,
Aydin Karabulut,,,28,,,,30.06.2017,Germany,Genclerbirligi Ankara,820,"Jan 25, 1988",,Main position:Left Wing Side position: Left-Back Right Wing,Aydin Karabulut,left,"1,78 m","Feb 1, 2016",0/0,Aydın Karabulut,3381.0,Turkey   Germany,,Berlin,Foot & Ball,458.0,Midfield - Left Wing,"Jan 25, 1988 (28)",37899,,,,,
Bobô,,,31,Deyvison Rogério da Silva,,,31.12.2016,Brazil,Grêmio Foot-Ball Porto Alegrense,210,"Jan 9, 1985",,Main position:Centre Forward,Bobô,right,"1,86 m","Jul 24, 2015",6/0,,7658.0,Brazil,,Gravatá,BURAK SALLAK,3059.0,Striker - Centre Forward,"Jan 9, 1985 (31)",37944,,,,,
Borislav Mikic,,,40,,,,30.06.2016,Jugoslawien (SFR),NK Podgrmec Sanski Most,25613,"Dec 20, 1975",,Main position:Left Midfield Side position: Central Midfield,Borislav Mikic,right,"1,79 m","Jan 28, 2015",,,,Bosnia-Herzegovina,,Prijedor,,,Midfield - Left Midfield,"Dec 20, 1975 (40)",37948,,,,,
Mehmet Sedef,,,28,,,,30.06.2017,Turkey,Adanaspor,6,"Aug 5, 1987",,Main position:Centre Back Side position: Left-Back Defensive Midfield,Mehmet Sedef,both,"1,80 m","Jan 12, 2016",1/0,Mehmet Seyfettin Sedef,22586.0,Turkey,,Kilis,GM FOOT,2580.0,Defence - Centre Back,"Aug 5, 1987 (28)",37949,,,,,
Yobanny Rivero,,,35,,,,-,,End of career,123,"Dec 13, 1980",,Main position:Right Midfield Side position: Right-Back Right Wing,Yobanny Rivero,right,"1,71 m","Jul 1, 2012",13/2,Yobanny de Jesús Rivero Gámez,3504.0,Venezuela,,,No agent,96.0,Midfield - Right Midfield,"Dec 13, 1980 (35)",37956,,,,,
Emre Aktas,,,29,,,,30.06.2017,Turkey,Diyarbekirspor,39807,"Sep 23, 1986",,Main position:Centre Forward,Emre Aktas,right,"1,86 m","Jan 12, 2016",16/0,Emre Aktaş,22585.0,Turkey,,Bursa,,,Striker - Centre Forward,"Sep 23, 1986 (29)",37968,,,,,
Iskender Aydemir,,,30,,,,-,,Unknown,75,"Mar 15, 1986",,Main position:Keeper,Iskender Aydemir,,"1,84 m","Dec 1, 2007",,,,Turkey   Netherlands,,,GRSY Sport Management,1307.0,Goalkeeper,"Mar 15, 1986 (30)",37969,,,,,
Shingayi Kaondera,,,34,,,,-,Zimbabwe,Unknown,75,"Jan 1, 1982",,,Shingayi Kaondera,both,"1,74 m","Jul 1, 2012",18/5,,3583.0,Zimbabwe,,Seke,No agent,96.0,Midfield,"Jan 1, 1982 (34)",37996,,,,,
Édson Araújo,,,35,,,,-,Brazil,Unattached,515,"Jul 26, 1980",,Main position:Attacking Midfield Side position: Central Midfield Secondary Striker,Édson Araújo,right,"1,82 m",-,,Édson Araújo da Silva,,Brazil,,São Paulo,,,Midfield - Attacking Midfield,"Jul 26, 1980 (35)",38009,,,,,https://www.edsonaraujo.com.br/
Sofiene Melliti,,,37,,,,-,Tunisia,End of career,123,"Aug 18, 1978",,Main position:Central Midfield,Sofiene Melliti,both,"1,88 m","Jul 1, 2007",14/1,,3670.0,Tunisia,,Siliana,Moez Chebbi,1801.0,Defence - Central Midfield,"Aug 18, 1978 (37)",38067,,,,,
Kenan Özer,,,28,,,,30.06.2017,Cyprus,Adana Demirspor,3840,"Aug 16, 1987",,Main position:Right Wing Side position: Attacking Midfield Left Wing,Kenan Özer,right,"1,70 m","Jan 18, 2016",15/5,,9568.0,Turkey   Cyprus,,Nikosia,,,Midfield - Right Wing,"Aug 16, 1987 (28)",38195,,,,,
Riza Sen,,,30,,,,30.06.2016,Turkey,Tekirdagspor,22343,"Mar 8, 1986",,Main position:Right Midfield Side position: Defensive Midfield Attacking Midfield,Riza Sen,both,"1,75 m","Jul 15, 2015",1/0,Rıza Şen,22586.0,Turkey,,Trabzon,,,Midfield - Right Midfield,"Mar 8, 1986 (30)",38196,,,,,
Caner Erkin,,,27,,,,30.06.2016,Turkey,Fenerbahce SK,36,"Oct 4, 1988","Jul 14, 2014",Main position:Left-Back Side position: Left Midfield Central Midfield,Caner Erkin,left,"1,79 m","Jul 5, 2010",44/2,,3381.0,Turkey,adidas,Balikesir,Angora,1566.0,Defence - Left-Back,"Oct 4, 1988 (27)",39333,,,,,
Kemal Okyay,,,31,,,,-,Turkey,Unattached,515,"Feb 25, 1985",,Main position:Left-Back Side position: Left Midfield Left Wing,Kemal Okyay,left,"1,76 m","Jul 1, 2015",0/0,,39417.0,Turkey,,Kayseri,,,Defence - Left-Back,"Feb 25, 1985 (31)",44936,,,,,
Firat Akkoyun,,,34,,,,-,Turkey,End of career,123,"Jan 1, 1982",,Main position:Centre Back,Firat Akkoyun,right,"1,80 m","Sep 1, 2010",,Fırat Akkoyun,,Turkey,,Kayseri,,,Defence - Centre Back,"Jan 1, 1982 (34)",44969,,,,,
Hüseyin Bak,,,31,,,,30.06.2017,Turkey,Kastamonuspor 1966,41553,"Oct 8, 1984",,Main position:Defensive Midfield Side position: Central Midfield,Hüseyin Bak,right,,"Aug 18, 2015",,,,Turkey,,Izmir,,,Midfield - Defensive Midfield,"Oct 8, 1984 (31)",44971,,,,,
Gökhan Cakir,,,28,,,,30.06.2017,Turkey,Diyarbekirspor,39807,"Jul 14, 1987",,Main position:Defensive Midfield Side position: Right Midfield Left Midfield,Gökhan Cakir,right,"1,82 m","Jul 24, 2015",,Gökhan Çakır,,Turkey,,Istanbul,,,Midfield - Defensive Midfield,"Jul 14, 1987 (28)",44973,,,,,
Egemen Gencalp,,,28,,,,-,Turkey,Kocaeli Birlikspor,12511,"Dec 21, 1987",,Main position:Keeper,Egemen Gencalp,right,"1,91 m","Aug 27, 2015",,Egemen Gençalp,,Turkey,,Izmir,,,Goalkeeper,"Dec 21, 1987 (28)",44981,,,,https://twitter.com/EgemenGencalp,
Aydin Kuzu,,,30,,,,-,Turkey,Kütahyaspor,12497,"May 3, 1986",,Main position:Right Wing Side position: Attacking Midfield Centre Forward,Aydin Kuzu,both,"1,76 m","Jul 1, 2015",,Aydın Kuzu,,Turkey,,Eskisehir,No agent,96.0,Midfield - Right Wing,"May 3, 1986 (30)",44984,,,,,
Tuncay Süren,,,29,,,,-,Turkey,Izmirspor,3842,"Jan 1, 1987",,Main position:Right Wing Side position: Left Wing Secondary Striker,Tuncay Süren,right,"1,75 m","Sep 18, 2015",,,,Turkey,,Izmir,,,Striker - Right Wing,"Jan 1, 1987 (29)",44988,,,,,
Orhan Tasdelen,,,29,,,,30.06.2017,Turkey,Akhisar Belediye Genclik ve Spor,19771,"Feb 6, 1987",,Main position:Left-Back Side position: Centre Back,Orhan Tasdelen,left,"1,85 m","Jan 19, 2015",,Orhan Taşdelen,,Turkey,,Gaziantep,Sezer Bravo,2523.0,Defence - Left-Back,"Feb 6, 1987 (29)",44989,,,,,
Murat Akyüz,,,34,,,,30.06.2017,Turkey,Adana Demirspor,3840,"Aug 13, 1981",,Main position:Right-Back Side position: Right Midfield Right Wing,Murat Akyüz,right,"1,79 m","Jan 11, 2016",,,,Turkey,,Istanbul,PROGOL SPORT MANAGEMENT,1992.0,Defence - Right-Back,"Aug 13, 1981 (34)",44995,,,,,
Murat Duruer,,,28,,,,30.06.2018,Turkey,Caykur Rizespor,126,"Jan 15, 1988",,Main position:Left Wing Side position: Central Midfield Left-Back,Murat Duruer,left,"1,78 m","Jul 1, 2014",1/0,,3381.0,Turkey,,Bolu,Erhan Caglayan,1252.0,Midfield - Left Wing,"Jan 15, 1988 (28)",45001,,,,,
Mert Erdogan,,,27,,,,30.06.2017,Turkey,Cine Madranspor,44007,"Mar 1, 1989",,Main position:Central Midfield Side position: Attacking Midfield Right Wing,Mert Erdogan,right,"1,80 m","Aug 19, 2015",1/0,Mert Erdoğan,9568.0,Turkey,,Zonguldak,,,Midfield - Central Midfield,"Mar 1, 1989 (27)",45002,,,,,
Ergin Pektas,,,29,,,,-,Turkey,Unknown,75,"Mar 3, 1987",,,Ergin Pektas,,"1,77 m","Feb 2, 2012",,Ergin Pektaş,,Turkey,,Corum,,,Midfield,"Mar 3, 1987 (29)",45008,,,,,
Eray Birnican,,,27,,,,30.06.2018,Turkey,Kasimpasa,10484,"Jul 20, 1988",,Main position:Keeper,Eray Birnican,right,"1,88 m","Jul 9, 2015",3/0,Eray Birniçan,9568.0,Turkey,,Istanbul,F-F SPORT,2650.0,Goalkeeper,"Jul 20, 1988 (27)",45212,,,,,
Cenk Gönen,,,28,,,,30.06.2018,Turkey,Galatasaray SK,141,"Feb 21, 1988",,Main position:Keeper,Cenk Gönen,right,"1,90 m","Aug 28, 2015",2/0,,3381.0,Turkey,,Izmir,Foot & Ball,458.0,Goalkeeper,"Feb 21, 1988 (28)",45214,https://instagram.com/cenkgonen,,,https://twitter.com/GonenCenk,https://www.cenkgonen.com
Enver Isik,,,31,,,,-,Turkey,Konya Ereglispor,50835,"Jan 9, 1985",,Main position:Right Wing Side position: Attacking Midfield Centre Forward,Enver Isik,right,"1,76 m","Sep 11, 2015",,Enver Işık,,Turkey,,Izmir,,,Striker - Right Wing,"Jan 9, 1985 (31)",45216,,,,,
Sezer Sezgin,,,30,,,,30.06.2017,Turkey,Kirklarelispor,27603,"Mar 3, 1986",,Main position:Left-Back Side position: Left Midfield Left Wing,Sezer Sezgin,left,"1,70 m","Feb 1, 2016",,,,Turkey,,Istanbul,Tribüne Sportagentur,1647.0,Defence - Left-Back,"Mar 3, 1986 (30)",45221,,,,,
Ali Ückulak,,,30,,,,-,Turkey,Unattached,515,"Jan 30, 1986",,Main position:Keeper,Ali Ückulak,,"1,91 m","Dec 10, 2015",0/0,Ali Üçkulak,39417.0,Turkey,,Kayseri,,,Goalkeeper,"Jan 30, 1986 (30)",45223,,,,,
Emre Özkan,,,27,,,,30.06.2016,Turkey,Kayseri Erciyesspor,6894,"Dec 24, 1988",,Main position:Left-Back,Emre Özkan,left,"1,82 m","Jan 22, 2016",0/0,,39417.0,Turkey,,Istanbul,Foot & Ball,458.0,Defence - Left-Back,"Dec 24, 1988 (27)",47310,,,,https://twitter.com/EmreOzkan24,
Mehmet Fatih Karaca,,,27,,,,-,Turkey,Unattached,515,"Jul 4, 1988",,,Mehmet Fatih Karaca,right,"1,76 m","Aug 23, 2011",,,,Turkey,,Kayseri,,,Defence,"Jul 4, 1988 (27)",47696,,,,,
Eyüp Kadri Ataoglu,,,29,,,,-,Turkey,Unattached,515,"Jan 10, 1987",,Main position:Left-Back,Eyüp Kadri Ataoglu,left,"1,82 m","Jul 1, 2015",4/0,Eyüp Kadri Ataoğlu,9568.0,Turkey,,Trabzon,,,Defence - Left-Back,"Jan 10, 1987 (29)",52482,,,,,
Volkan Kocaloglu,,,37,,,,30.06.2017,Turkey,Kirklarelispor,27603,"Feb 18, 1979",,Main position:Centre Back,Volkan Kocaloglu,left,"1,77 m","Aug 31, 2015",,Volkan Koçaloğlu,,Turkey,,Samsun,,,Defence - Centre Back,"Feb 18, 1979 (37)",54159,,,,,
Giray Kacar,,,31,,,,30.06.2017,Turkey,Göztepe,1467,"Mar 15, 1985",,Main position:Centre Back,Giray Kacar,right,"1,89 m","Jul 14, 2015",1/0,Remzi Giray Kaçar,3381.0,Turkey,,Karaman,No agent,96.0,Defence - Centre Back,"Mar 15, 1985 (31)",55839,,,,https://twitter.com/giraykacar,
Mehmet Kengel,,,29,,,,-,Turkey,Utas Usakspor,37978,"Jan 27, 1987",,Main position:Centre Forward,Mehmet Kengel,right,"1,82 m","Jul 3, 2015",,Mehmet Akif Kengel,,Turkey,,Manisa,,,Striker - Centre Forward,"Jan 27, 1987 (29)",56584,,,,,
Yigit Gökoglan,,,26,,,,30.06.2017,Turkey,Balikesirspor,20698,"Jun 5, 1989",,Main position:Right Wing Side position: Left Wing,Yigit Gökoglan,right,"1,82 m","Jul 15, 2015",2/0,Yiğit İsmail Gökoğlan,39417.0,Turkey,,Izmir,,,Midfield - Right Wing,"Jun 5, 1989 (26)",56587,,,,,
Onur Aydin,,,28,,,,30.06.2017,Turkey,Derincespor,37952,"Jan 13, 1988",,Main position:Centre Forward Side position: Left Wing,Onur Aydin,right,"1,93 m","Feb 1, 2016",,Onur Aydın,,Turkey,,Istanbul,,,Striker - Centre Forward,"Jan 13, 1988 (28)",58377,,,,,
Sefa Aksoy,,,27,,,,30.06.2017,Germany,Kirklarelispor,27603,"Feb 26, 1989",,Main position:Central Midfield Side position: Defensive Midfield Attacking Midfield,Sefa Aksoy,right,"1,81 m","Aug 11, 2015",,,,Turkey   Germany,,Hamburg,Sezer Bravo,2523.0,Midfield - Central Midfield,"Feb 26, 1989 (27)",58509,,,,,
Ercüment Kafkasyali,,,30,,,,30.06.2016,Turkey,Kardemir Karabükspor,1506,"Sep 13, 1985",,Main position:Keeper,Ercüment Kafkasyali,right,"1,87 m","Jul 16, 2015",,Ercüment Kafkasyalı,,Turkey,,Ankara,,,Goalkeeper,"Sep 13, 1985 (30)",58567,,,,,
Samet Kilic,,,27,,,,-,Turkey,Unattached,515,"Nov 11, 1988",,Main position:Right Wing Side position: Left Wing,Samet Kilic,right,"1,78 m","Jul 1, 2014",,Samet KÄ±lÄ±Ã§,,Turkey,,Samsun,,,Midfield - Right Wing,"Nov 11, 1988 (27)",58571,,,,,
Baris Atas,,,29,,,,30.06.2017,Turkey,Diyarbekirspor,39807,"Feb 1, 1987",,Main position:Defensive Midfield Side position: Central Midfield Right-Back,Baris Atas,right,"1,72 m","Aug 17, 2015",4/0,Barış Ataş,9568.0,Turkey,,Diyarbakir,,,Midfield - Defensive Midfield,"Feb 1, 1987 (29)",58668,,,,,
Ali Sakal,,,32,,,,30.06.2016,Turkey,Alima Yeni Malatyaspor,19789,"Aug 8, 1983",,Main position:Central Midfield Side position: Defensive Midfield Attacking Midfield,Ali Sakal,right,"1,73 m","Jul 12, 2014",,,,Turkey,,Giresun,,,Midfield - Central Midfield,"Aug 8, 1983 (32)",58732,,,,,
Erman Sari,,,30,,,,-,Turkey,Afjet Afyonspor,49078,"Feb 10, 1986",,Main position:Keeper,Erman Sari,,"1,86 m","Jul 1, 2015",,Erman Sarı,,Turkey,,Agri,,,Goalkeeper,"Feb 10, 1986 (30)",58907,,,,,
Ahmet Burak Solakel,,,34,,,,30.06.2016,Turkey,Adana Demirspor,3840,"Mar 1, 1982",,Main position:Left-Back Side position: Right-Back Left Wing,Ahmet Burak Solakel,left,"1,74 m","Aug 6, 2015",7/1,,22462.0,Turkey,,Izmir,,,Defence - Left-Back,"Mar 1, 1982 (34)",58909,,,,,
Ismail Konuk,,,28,,,,30.06.2016,Turkey,Akhisar Belediye Genclik ve Spor,19771,"Jan 16, 1988","Jul 14, 2014",Main position:Centre Back Side position: Right-Back,Ismail Konuk,right,"1,87 m","Sep 6, 2013",,İsmail Konuk,,Turkey,,Denizli,Sezer Bravo,2523.0,Defence - Centre Back,"Jan 16, 1988 (28)",60795,,,,,
Ferhat Kaya,,,30,,,,30.06.2017,Belgium,Fortuna Sittard,385,"Mar 11, 1986","Jun 19, 2015",Main position:Keeper,Ferhat Kaya,right,"1,86 m","Jul 1, 2012",,,,Belgium   Turkey,,Beringen,No agent,96.0,Goalkeeper,"Mar 11, 1986 (30)",61831,,,,,
Eren Üntürk,,,30,,,,30.06.2017,Turkey,Ayvalikgücü Belediyespor,39798,"Mar 8, 1986",,Main position:Centre Forward,Eren Üntürk,,"1,80 m","Jan 8, 2016",,,,Turkey,,Samsun,,,Striker - Centre Forward,"Mar 8, 1986 (30)",68292,,,,,
Alysson,,,38,Alysson Ramos da Silva,,,-,Brazil,Botafogo Sport Club (BA),39074,"Mar 6, 1978",,Main position:Left-Back,Alysson,left,"1,72 m","Jan 1, 2014",,,,Brazil,,Serrinha,,,Defence - Left-Back,"Mar 6, 1978 (38)",77044,,,,,
Fatih Gültekin,,,28,,,,30.06.2017,Turkey,Ofspor,12555,"Jun 23, 1987",,Main position:Centre Back,Fatih Gültekin,,"1,86 m","Aug 1, 2015",,,,Turkey,,Rize,,,Defence - Centre Back,"Jun 23, 1987 (28)",103376,,,,,
Ali Gherieni,,,32,,,,-,Tunisia,Unattached,515,"Jun 11, 1983",,Main position:Centre Forward,Ali Gherieni,both,"1,80 m","Sep 1, 2015",5/0,Mohamed Ali Gherieni,3670.0,Tunisia,,Zarzis,,,Striker - Centre Forward,"Jun 11, 1983 (32)",107069,,,,,
Junivan,,,38,Junivan Soares de Melo,,,-,,End of career,123,"Nov 20, 1977",,,Junivan,,,"Jul 1, 2012",,,,Brazil,,,,,Striker,"Nov 20, 1977 (38)",126031,,,,,
Eray Acikgöz,,,31,,,,-,,Unknown,75,"Sep 9, 1984",,,Eray Acikgöz,,,-,,,,Turkey,,,,,Midfield,"Sep 9, 1984 (31)",126263,,,,,
Yüksel Babayigit,,,32,,,,-,Turkey,Usak Belediyespor,50895,"Jan 10, 1984",,,Yüksel Babayigit,,,"Jan 22, 2016",,Yüksel Babayiğit,,Turkey,,Mus,,,Midfield,"Jan 10, 1984 (32)",126264,,,,,
Serkan Gasi,,,29,,,,-,Turkey,Utas Usakspor,37978,"Feb 4, 1987",,,Serkan Gasi,right,"1,86 m","Jan 21, 2016",,Serkan Gaşi,,Turkey,,Manisa,,,Defence,"Feb 4, 1987 (29)",126268,,,,,
Emre Isciler,,,26,,,,30.06.2017,Turkey,Menemen Belediyespor,20664,"Sep 28, 1989",,Main position:Right Midfield Side position: Right Wing Central Midfield,Emre Isciler,right,,"Jan 14, 2016",,Emre İşciler,,Turkey,,Manisa,,,Midfield - Right Midfield,"Sep 28, 1989 (26)",126269,,,,,
Anil Abanoz,,,29,,,,30.06.2016,Turkey,Büyükcekmece Tepecikspor,25253,"Mar 16, 1987",,Main position:Right-Back Side position: Right Midfield Centre Back,Anil Abanoz,right,"1,80 m","Jan 20, 2015",,Anıl Abanoz,,Turkey,,Sakarya,,,Defence - Right-Back,"Mar 16, 1987 (29)",126354,,,,,
Gökhan Bedir,,,29,,,,-,,Unknown,75,"Feb 9, 1987",,,Gökhan Bedir,,,-,,,,Turkey,,,,,,"Feb 9, 1987 (29)",126355,,,,,
Dany Fernandes,,,22,,,,-,Luxembourg,FC Wiltz 71,3905,"May 9, 1994",,Main position:Left Midfield Side position: Left-Back,Dany Fernandes,,,"Jul 1, 2015",2/0,Dany Fernandes Ventura Goncalves,21648.0,Luxembourg   Portugal,,Ettelbruck,,,Midfield - Left Midfield,"May 9, 1994 (22)",126357,,,,,
Osman Simsek,,,26,,,,-,Turkey,Unattached,515,"Dec 27, 1989",,Main position:Right-Back Side position: Right Midfield Right Wing,Osman Simsek,right,,"Jul 1, 2015",,Osman Şimşek,,Turkey,,Sanliurfa,,,Defence - Right-Back,"Dec 27, 1989 (26)",126471,,,,,
Baris Bakir,,,31,,,,30.06.2016,Turkey,Sariyer,518,"Jun 30, 1984",,Main position:Left Wing Side position: Central Midfield Right Wing,Baris Bakir,left,"1,72 m","Jul 22, 2015",,Barış Bakır,,Turkey,,Istanbul,HIGHMO!,2220.0,Midfield - Left Wing,"Jun 30, 1984 (31)",138340,,,,,
Volkan Al,,,32,,,,30.06.2016,,FC Elazig Spor,37720,"Jul 5, 1983",,Main position:Centre Back,Volkan Al,,"1,85 m","Jul 1, 2014",,,,Turkey,,,,,Defence - Centre Back,"Jul 5, 1983 (32)",144406,,,,,
Sezgin Yilmaz,,,31,,,,-,Turkey,Unattached,515,"Jul 9, 1984",,,Sezgin Yilmaz,,,"Jul 1, 2012",,Sezgin Yılmaz,,Turkey,,Trabzon,,,Defence,"Jul 9, 1984 (31)",169820,,,,,
