name,Complete name,Contract option,Country of birth,Date of last contract extension,Foot,Height,Intl caps/goals,National team id,Outfitter,Place of birth,Player's agent,Player's agent id,website,Age,Contract there until,Contract until,Current club,Current club id,Date of birth,Detailed position,Display name,In the team since,Name in home country,Nationality,Position,birthDate,id,on loan from,on loan from club id
Lubomir Meszaros,,,CSSR,,right,"1,83 m",8/1,3503.0,,Bratislava,No agent,96.0,,37.0,,-,SV Gols,18767.0,"Mar 23, 1979",Main position:Centre Forward,Lubomir Meszaros,"Jul 1, 2012",,Slovakia,Striker - Centre Forward,"Mar 23, 1979 (37)",7039.0,,
Niklas Hoheneder,,,Austria,,right,"1,90 m",18/1,9316.0,,Linz,Stars & Friends,10.0,,29.0,,30.06.2016,SC Paderborn 07,127.0,"Aug 17, 1986",Main position:Centre Back Side position: Defensive Midfield,Niklas Hoheneder,"Jul 1, 2015",,Austria,Defence - Centre Back,"Aug 17, 1986 (29)",19477.0,,
Martin Husár,,,CSSR,,left,"1,83 m",,,,Trnava,No agent,96.0,,31.0,,-,ASK Kottingbrunn,4378.0,"Feb 1, 1985",Main position:Left-Back,Martin Husár,"Jan 1, 2016",,Slovakia,Defence - Left-Back,"Feb 1, 1985 (31)",19941.0,,
Tomas Abraham,,,CSSR,,right,"1,79 m",,,,Třebíč,,,,37.0,,-,ASK Bad Vöslau,18566.0,"Apr 18, 1979",Main position:Defensive Midfield Side position: Centre Back,Tomas Abraham,"Jul 1, 2014",Tomáš Abrahám,Czech Republic,Midfield - Defensive Midfield,"Apr 18, 1979 (37)",21001.0,,
Lukas Adam,,,,,right,"1,84 m",,,,,,,,35.0,,-,SV Weitra,19601.0,"Sep 5, 1980",Main position:Defensive Midfield,Lukas Adam,"Jul 1, 2015",,Czech Republic,Midfield - Defensive Midfield,"Sep 5, 1980 (35)",21003.0,,
Denis Kovba,,,UDSSR,,right,"1,89 m",37/2,3450.0,,Vitebsk,prosm,1330.0,,36.0,,-,End of career,123.0,"Sep 6, 1979",Main position:Defensive Midfield,Denis Kovba,"Jan 1, 2013",Ковба Денис Юрьевич,Belarus   Russia,Midfield - Defensive Midfield,"Sep 6, 1979 (36)",25004.0,,
Hocine Ragued,,,France,,right,"1,82 m",52/0,3670.0,,Paris,World Soccer Star GMBH,2393.0,,33.0,,30.06.2016,Esperance Tunis,3342.0,"Feb 11, 1983",Main position:Defensive Midfield,Hocine Ragued,"Jul 25, 2012",حسين الراڨد,Tunisia   France,Midfield - Defensive Midfield,"Feb 11, 1983 (33)",25705.0,,
Vit Valenta,,,CSSR,,left,"1,79 m",,,,Uherske Hradiste,,,,33.0,,-,Sportunion St. Veit/Gölsen,34111.0,"Jan 4, 1983",Main position:Attacking Midfield Side position: Left Wing Central Midfield,Vit Valenta,"Jan 1, 2015",Vít Valenta,Czech Republic,Midfield - Attacking Midfield,"Jan 4, 1983 (33)",31565.0,,
Milos Bosancic,,,Jugoslawien (SFR),,right,"1,82 m",4/0,9566.0,,Ruma,Go 4 Sports AG,1546.0,,28.0,,-,BEC Tero Sasana,6726.0,"May 22, 1988",Main position:Attacking Midfield Side position: Central Midfield Left Wing,Milos Bosancic,"Feb 27, 2016",Милош Босанчић,Serbia,Midfield - Attacking Midfield,"May 22, 1988 (28)",37276.0,,
Matej Siva,,,,,right,"1,84 m",,,,,,,,31.0,,-,TJ Iskra Borcice,46971.0,"Oct 10, 1984",Main position:Right-Back Side position: Centre Back,Matej Siva,"Feb 1, 2015",,Slovakia,Defence - Right-Back,"Oct 10, 1984 (31)",41378.0,,
Dusan Vasiljevic,,,Jugoslawien (SFR),,right,"1,85 m",,,,Belgrad,Sport and Success Sportmarketing Kft.,1979.0,,34.0,,30.06.2017,Budapest Honvéd FC,709.0,"May 7, 1982",Main position:Attacking Midfield Side position: Central Midfield Defensive Midfield,Dusan Vasiljevic,"Aug 27, 2015",Душан Васиљевић,Serbia,Midfield - Attacking Midfield,"May 7, 1982 (34)",42248.0,,
Franck Madou,,,Cote d'Ivoire,,both,"1,86 m",,,,Marcory,Marco Kirdemir,2297.0,,28.0,,-,Sainte-Geneviève Sports,21674.0,"Sep 15, 1987",Main position:Centre Forward,Franck Madou,"Jul 1, 2015",,France   Cote d'Ivoire,Striker - Centre Forward,"Sep 15, 1987 (28)",45449.0,,
Marko Djalovic,,,Jugoslawien (SFR),,left,"1,89 m",,,,Kragujevac,AM-ICE,3063.0,,30.0,,31.12.2016,Zhetysu Taldykorgan,15299.0,"May 19, 1986",Main position:Left-Back Side position: Left Midfield Defensive Midfield,Marko Djalovic,"Feb 10, 2016",Mapкo Ђaлoвић,Serbia,Defence - Left-Back,"May 19, 1986 (30)",46160.0,,
Matijas Pejic,,,Jugoslawien (SFR),,left,"1,82 m",1/0,3446.0,,Orašje,SISC,2670.0,,28.0,,-,NK Zvijezda Gradacac,14621.0,"Mar 18, 1988",Main position:Left-Back Side position: Centre Back,Matijas Pejic,"Jul 1, 2015",Matijas Pejić,Bosnia-Herzegovina   Croatia,Defence - Left-Back,"Mar 18, 1988 (28)",46325.0,,
Dario Puric,,,Jugoslawien (SFR),,right,"1,82 m",2/0,3446.0,,Slavonski Brod,No agent,96.0,,30.0,,-,Unattached,515.0,"May 18, 1986",Main position:Right Wing Side position: Attacking Midfield Right-Back,Dario Puric,"Jun 1, 2016",Dario Purić,Bosnia-Herzegovina,Midfield - Right Wing,"May 18, 1986 (30)",46326.0,,
Hidetoshi Wakui,,one further year,Japan,"Jan 22, 2016",both,"1,73 m",,,,"Kanuma, Tochigi",L & F,2443.0,http://www.hidetoshi-wakui.net,33.0,,31.12.2016,Nomme Kalju FC,22783.0,"Feb 12, 1983",Main position:Attacking Midfield Side position: Secondary Striker Central Midfield,Hidetoshi Wakui,"Feb 1, 2011",和久井秀俊,Japan,Midfield - Attacking Midfield,"Feb 12, 1983 (33)",48400.0,,
Aleksandr Prudnikov,,,UDSSR,,both,"1,85 m",0/0,3448.0,,Smolensk,iFootball,3003.0,,27.0,,30.06.2016,Amkar Perm,4128.0,"Feb 26, 1989",Main position:Centre Forward Side position: Right Wing Left Wing,Aleksandr Prudnikov,"Feb 11, 2015",Прудников Александр Александрович,Russia,Striker - Centre Forward,"Feb 26, 1989 (27)",48486.0,,
Josip Coric,,,Jugoslawien (SFR),,right,"1,84 m",5/2,11941.0,,Zagreb,,,,27.0,,18.01.2018,NK Lokomotiva Zagreb,11194.0,"Nov 9, 1988",Main position:Central Midfield Side position: Attacking Midfield Defensive Midfield,Josip Coric,"Jul 1, 2015",Josip Ćorić,Bosnia-Herzegovina   Croatia,Midfield - Central Midfield,"Nov 9, 1988 (27)",48983.0,,
Dawid Pietrzkiewicz,,,,,right,"1,90 m",8/0,16298.0,,,,,,28.0,,30.06.2016,FK Gabala,22010.0,"Feb 9, 1988",Main position:Keeper,Dawid Pietrzkiewicz,"Jul 28, 2015",,Poland,Goalkeeper,"Feb 9, 1988 (28)",53442.0,,
Ilija Nestorovski,,,Jugoslawien (SFR),,left,"1,82 m",2/0,5148.0,,Prilep,EUROPE SPORTS GROUP,1635.0,,26.0,,31.12.2016,NK Inter Zapresic,918.0,"Mar 12, 1990",Main position:Centre Forward Side position: Secondary Striker Left Wing,Ilija Nestorovski,"Jul 6, 2015",Илија Несторовски,Macedonia,Striker - Centre Forward,"Mar 12, 1990 (26)",54581.0,,
Benjamin Vomacka,,,CSSR,,right,"1,87 m",,,,Liberec,,,,37.0,,-,End of career,123.0,"Jun 27, 1978",Main position:Centre Back Side position: Right-Back,Benjamin Vomacka,"Jan 1, 2016",Benjamin Vomáčka,Czech Republic,Defence - Centre Back,"Jun 27, 1978 (37)",57474.0,,
Peter Cernak,,,,,,"1,85 m",,,,,,,,40.0,,-,FC Baník Horná Nitra,40834.0,"Jan 21, 1976",Main position:Central Midfield,Peter Cernak,"Jul 1, 2011",Peter Černák,Slovakia,Midfield - Central Midfield,"Jan 21, 1976 (40)",58328.0,,
Stefan Senecky,,,CSSR,,both,"1,86 m",12/0,3503.0,,Nitra,,,http://www.stefansenecky.com,36.0,,-,Unattached,515.0,"Jan 6, 1980",Main position:Keeper,Stefan Senecky,"Jan 1, 2016",Štefan Senecký,Slovakia,Goalkeeper,"Jan 6, 1980 (36)",58633.0,,
Jimmy Modeste,,,France,,left,"1,80 m",8/1,4311.0,,Paris,,,,34.0,,-,FCM Aubervilliers,26594.0,"Jul 8, 1981",Main position:Left-Back,Jimmy Modeste,"Jul 1, 2015",,Cape Verde,Defence - Left-Back,"Jul 8, 1981 (34)",61552.0,,
Jiri Havranek,,,,,,,,,,,,,,29.0,,-,FK Slavoj Vysehrad,18858.0,"Jan 9, 1987",Main position:Keeper,Jiri Havranek,"Jan 1, 2016",Jiří Havránek,Czech Republic,Goalkeeper,"Jan 9, 1987 (29)",62993.0,,
Jiri Kabele,,,CSSR,,both,"1,80 m",,,,Prag,,,,29.0,,-,Unknown,75.0,"Feb 17, 1987",Main position:Attacking Midfield Side position: Right Midfield,Jiri Kabele,"Jan 1, 2016",,Czech Republic,Midfield - Attacking Midfield,"Feb 17, 1987 (29)",63001.0,,
Aziz Ibragimov,,,,,right,"1,82 m",17/3,3563.0,,,Kick Unit Austria,2203.0,,29.0,,-,FC Bukhara,20151.0,"Jul 21, 1986",Main position:Attacking Midfield Side position: Centre Forward Right Midfield,Aziz Ibragimov,"Jan 1, 2016",,Uzbekistan,Midfield - Attacking Midfield,"Jul 21, 1986 (29)",63610.0,,
Daniel Kocourek,,,,,left,"1,81 m",,,,,No agent,96.0,,29.0,,-,FK Caslav,11116.0,"Dec 12, 1986",Main position:Left Wing,Daniel Kocourek,"Apr 10, 2014",Daniel Kocourek,Czech Republic,Striker - Left Wing,"Dec 12, 1986 (29)",63910.0,,
Peter Mraz,,,CSSR,,right,"1,88 m",,,,Nové Zámky,Goran Gakovic,2381.0,,31.0,,-,FC MAS Taborsko,28596.0,"May 4, 1985",Main position:Centre Back Side position: Right-Back,Peter Mraz,"Jul 1, 2012",Peter Mráz,Slovakia,Defence - Centre Back,"May 4, 1985 (31)",63940.0,,
Rostislav Samanek,,,,,,"1,73 m",,,,,,,,26.0,,-,1.SC Znojmo,13716.0,"Aug 9, 1989",,Rostislav Samanek,"Jul 1, 2015",Rostislav Šamánek,Czech Republic,Striker,"Aug 9, 1989 (26)",63970.0,,
Miloslav Strnad,,,CSSR,,,"1,88 m",,,,Benesov,,,,34.0,,-,FK Slavoj Vysehrad,18858.0,"Dec 3, 1981",,Miloslav Strnad,"Jan 1, 2016",,Czech Republic,Striker,"Dec 3, 1981 (34)",63990.0,,
Ales Chmelicek,,,,,right,"1,86 m",,,,,,,,36.0,,-,FC Zdar nad Sazavou,15096.0,"Feb 24, 1980",Main position:Centre Forward,Ales Chmelicek,"Oct 1, 2014",Aleš Chmelíček,Czech Republic,Striker - Centre Forward,"Feb 24, 1980 (36)",64297.0,,
Pavel Sultes,,,CSSR,,right,"1,80 m",,,,Valtice,Not clarified,946.0,,30.0,,-,Unknown,75.0,"Sep 15, 1985",Main position:Secondary Striker Side position: Right Wing Centre Forward,Pavel Sultes,"Jul 1, 2015",Pavel Šultes,Czech Republic,Striker - Secondary Striker,"Sep 15, 1985 (30)",64336.0,,
Mirko Ivanovski,,,Jugoslawien (SFR),,right,"1,82 m",27/1,5148.0,,Bitola,Efros Sports,1905.0,,26.0,,30.06.2017,Boluspor,3207.0,"Oct 31, 1989",Main position:Centre Forward Side position: Secondary Striker Right Wing,Mirko Ivanovski,"Jan 28, 2016",Мирко Ивановски,Macedonia,Striker - Centre Forward,"Oct 31, 1989 (26)",66241.0,,
Michal Gonda,,,,,right,"1,72 m",,,,,SOCCON s.r.o.,677.0,,33.0,,-,Union Neuhofen/Ybbs,20362.0,"Aug 29, 1982",Main position:Central Midfield,Michal Gonda,"Jul 1, 2014",Michal Gonda,Slovakia,Midfield - Central Midfield,"Aug 29, 1982 (33)",70620.0,,
Ludek Frydrych,,,,,right,"1,83 m",,,,,,,,29.0,,-,FK Pardubice,1496.0,"Jan 3, 1987",Main position:Keeper,Ludek Frydrych,"Jul 1, 2012",Luděk Frydrych,Czech Republic,Goalkeeper,"Jan 3, 1987 (29)",70691.0,,
Juraj Krizko,,,CSSR,,right,"1,91 m",,,,Trenčín,Goran Gakovic,2381.0,,30.0,,-,Unknown,75.0,"Sep 20, 1985",Main position:Centre Back Side position: Defensive Midfield,Juraj Krizko,"Jul 1, 2015",Juraj Križko,Slovakia,Defence - Centre Back,"Sep 20, 1985 (30)",74713.0,,
Cleber,Cléber Nascimento do Silva,,,,left,"1,76 m",,,,,HMP Champions Football Agency,2150.0,,30.0,,30.06.2016,Spartak Trnava,365.0,"Jun 3, 1986",Main position:Left Midfield Side position: Left Wing Secondary Striker,Cleber,"Aug 1, 2014",,Brazil,Midfield - Left Midfield,"Jun 3, 1986 (30)",74718.0,,
Martin Cseh,,,,,right,"1,85 m",5/0,24965.0,,,,,,27.0,,30.06.2016,Sandecja Nowy Sacz,8984.0,"Aug 22, 1988",Main position:Centre Back Side position: Right Midfield,Martin Cseh,"Feb 27, 2016",Martin Cseh,Slovakia,Defence - Centre Back,"Aug 22, 1988 (27)",74870.0,,
Ivan Janek,,,,,left,"1,80 m",,,,,No agent,96.0,,29.0,,-,SV Prellenkirchen,27007.0,"Jul 1, 1986",Main position:Centre Back,Ivan Janek,"Jan 1, 2014",,Slovakia,Defence - Centre Back,"Jul 1, 1986 (29)",74879.0,,
Marian Jarabica,,,CSSR,,right,"1,94 m",5/0,24965.0,,Čadca,SOCCON s.r.o.,677.0,,27.0,,-,MFK Frydek-Mistek,19083.0,"Apr 27, 1989",Main position:Centre Back,Marian Jarabica,"Jul 1, 2015",Marián Jarabica,Slovakia,Defence - Centre Back,"Apr 27, 1989 (27)",74881.0,,
Dominik Rodinger,,,,,,"1,87 m",,,,,Sport Media Group Ltd.,2336.0,,29.0,,-,Unattached,515.0,"Aug 7, 1986",Main position:Keeper,Dominik Rodinger,"Jan 1, 2014",,Czech Republic,Goalkeeper,"Aug 7, 1986 (29)",74896.0,,
Peter Struhar,,,CSSR,,right,"1,91 m",,,,Bratislava,No agent,96.0,,32.0,,-,Unknown,75.0,"Jan 17, 1984",Main position:Centre Back,Peter Struhar,"Jan 1, 2015",,Slovakia,Defence - Centre Back,"Jan 17, 1984 (32)",74897.0,,
Marek Bakos,,,CSSR,,,"1,87 m",13/0,3503.0,,Nová Baňa,MLM Sport Management s.r.o.,2893.0,,33.0,,30.06.2016,FC Slovan Liberec,697.0,"Apr 15, 1983",Main position:Centre Forward,Marek Bakos,"Jan 30, 2015",Marek Bakoš,Slovakia,Striker - Centre Forward,"Apr 15, 1983 (33)",74935.0,,
Milos Lacny,,,CSSR,,right,"1,82 m",12/1,24965.0,,Levoča,SSM Jakub Schlage,2889.0,,28.0,,-,MFK Ruzomberok,7087.0,"Mar 8, 1988",Main position:Centre Forward Side position: Right Wing,Milos Lacny,"Sep 18, 2015",Miloš Lačný,Slovakia,Striker - Centre Forward,"Mar 8, 1988 (28)",74945.0,,
Roman Brunclik,,,,,right,"1,89 m",,,,,,,,27.0,,-,Unknown,75.0,"Mar 20, 1989",Main position:Centre Back,Roman Brunclik,"Jul 1, 2013",,Czech Republic,Defence - Centre Back,"Mar 20, 1989 (27)",81174.0,,
Stanislav Tecl,,,CSSR,,right,"1,82 m",2/0,3445.0,,Jindřichův Hradec,"International Sport Management, s.r.o.",71.0,,25.0,,30.06.2018,FK Jablonec,1322.0,"Sep 1, 1990",Main position:Centre Forward,Stanislav Tecl,"Jul 1, 2015",Stanislav Tecl,Czech Republic,Striker - Centre Forward,"Sep 1, 1990 (25)",81390.0,,
Fikru Teferra Lemessa,,,Ethiopia,,right,"1,83 m",29/8,13941.0,,Addis Abeba,Treble Sports Management,3662.0,,30.0,,-,Sheikh Russell KC,15733.0,"Jan 24, 1986",Main position:Centre Forward,Fikru Teferra Lemessa,"Apr 1, 2016",ፍቅሩ ተፈራ ለሜሳ,Ethiopia,Striker - Centre Forward,"Jan 24, 1986 (30)",81662.0,,
Jaroslav Divis,,one further year,CSSR,,right,"1,82 m",,,,Hustopeče,Nehoda Sport,396.0,,29.0,,30.06.2016,1.FC Slovácko,5544.0,"Jul 9, 1986",Main position:Right Wing,Jaroslav Divis,"Jan 23, 2014",Jaroslav Diviš,Czech Republic,Striker - Right Wing,"Jul 9, 1986 (29)",81956.0,,
Jakub Podany,,,CSSR,,left,"1,84 m",,,,Přerov,GLOBAL SPORTS a.s.,3611.0,,28.0,,30.06.2017,Slovan Bratislava,540.0,"Jun 15, 1987",Main position:Left-Back Side position: Left Midfield,Jakub Podany,"Jul 1, 2015",Jakub Podaný,Czech Republic,Defence - Left-Back,"Jun 15, 1987 (28)",81978.0,,
Martin Sus,,,CSSR,,,"1,84 m",8/1,21102.0,,Benešov,Orhan Sportmanagement s.r.o,3285.0,,26.0,,-,1.FK Pribram,2598.0,"Mar 15, 1990",Main position:Right-Back Side position: Right Midfield Left-Back,Martin Sus,"Jul 29, 2015",Martin Sus,Czech Republic,Defence - Right-Back,"Mar 15, 1990 (26)",81981.0,,
Vladimir Svec,,,CSSR,,right,,,,,Ceské Budejovice,,,,27.0,,-,AC Sparta Praha II,6483.0,"Sep 4, 1988",Main position:Centre Back,Vladimir Svec,"Jul 24, 2014",Vladimír Švec,Czech Republic,Defence - Centre Back,"Sep 4, 1988 (27)",81983.0,,
Lukas Tresnak,,,,,right,"1,78 m",,,,,Sports Genius Agency,2233.0,,28.0,,-,Unattached,515.0,"May 3, 1988",Main position:Centre Forward,Lukas Tresnak,"Jul 1, 2015",Lukáš Třešňák,Czech Republic,Striker - Centre Forward,"May 3, 1988 (28)",81984.0,,
Jiri Perutka,,,,,right,"1,83 m",,,,,,,,28.0,,-,SK Hanácká Slavia Kromeriz,3795.0,"Feb 22, 1988",Main position:Right Midfield Side position: Right-Back Right Wing,Jiri Perutka,"Mar 1, 2013",,Czech Republic,Midfield - Right Midfield,"Feb 22, 1988 (28)",82142.0,,
Milan Kerbr,,,CSSR,,left,"1,92 m",,,,Uherské Hradiště,GRASS IS GREEN,1107.0,,26.0,,-,1.FC Slovácko,5544.0,"Sep 10, 1989",Main position:Centre Forward,Milan Kerbr,"Jul 1, 2011",Milan Kerbr,Czech Republic,Striker - Centre Forward,"Sep 10, 1989 (26)",82143.0,,
Martin Samek,,,,,,"1,80 m",,,,,,,,28.0,,-,SK Kladno,6380.0,"Jun 23, 1987",,Martin Samek,"Jan 1, 2010",,Czech Republic,Defence,"Jun 23, 1987 (28)",88660.0,,
Andrej Hodek,,,CSSR,,right,"1,88 m",,,,Bratislava,Players´Agent Tomas Takac,2709.0,,35.0,,-,ASK Mannersdorf,19562.0,"May 24, 1981",Main position:Centre Forward Side position: Attacking Midfield,Andrej Hodek,"Jul 1, 2014",,Slovakia,Striker - Centre Forward,"May 24, 1981 (35)",90326.0,,
Martin Polacek,,,CSSR,,right,"1,99 m",,,,Presov,Weber Group,2615.0,,26.0,,30.06.2018,Zaglebie Lubin,168.0,"Apr 2, 1990",Main position:Keeper,Martin Polacek,"Jul 10, 2015",,Slovakia,Goalkeeper,"Apr 2, 1990 (26)",90954.0,,
Zdenek Folprecht,,,CSSR,,right,"1,81 m",1/0,8771.0,,Kladno,MLM Sport Management s.r.o.,2893.0,,24.0,,-,FC Slovan Liberec,697.0,"Jul 1, 1991",Main position:Attacking Midfield Side position: Central Midfield,Zdenek Folprecht,"Jul 1, 2015",Zdeněk Folprecht,Czech Republic,Midfield - Attacking Midfield,"Jul 1, 1991 (24)",90969.0,,
Richard Veverka,,,CSSR,,right,"1,81 m",,,,Ústí nad Labem,,,,28.0,,-,FK Ustí nad Labem,6377.0,"Dec 16, 1987",Main position:Centre Forward,Richard Veverka,"Aug 24, 2012",Richard Veverka,Czech Republic,Striker - Centre Forward,"Dec 16, 1987 (28)",91029.0,,
Tomas Kosút,,,CSSR,,right,"1,89 m",11/0,24965.0,,Piešťany,Stars & Friends,10.0,,26.0,,30.06.2017,1.FC Slovácko,5544.0,"Jan 13, 1990",Main position:Centre Back Side position: Left-Back,Tomas Kosút,"Feb 1, 2010",Tomáš Košút,Slovakia   Czech Republic,Defence - Centre Back,"Jan 13, 1990 (26)",92178.0,,
Jan Navrátil,,,,,,"1,70 m",5/0,8771.0,,,"International Sport Management, s.r.o.",71.0,,26.0,,30.06.2017,SK Sigma Olomouc,2311.0,"Apr 13, 1990",Main position:Attacking Midfield Side position: Central Midfield Defensive Midfield,Jan Navrátil,"Jul 1, 2009",Jan Navrátil,Czech Republic,Midfield - Attacking Midfield,"Apr 13, 1990 (26)",95802.0,,
Lukas Hejda,,,CSSR,,right,"1,91 m",1/0,3445.0,,Bílovec,CHOVANECSPORT,1141.0,,26.0,,30.06.2017,FC Viktoria Plzen,941.0,"Mar 9, 1990",Main position:Centre Back,Lukas Hejda,"Jul 12, 2012",Lukáš Hejda,Czech Republic,Defence - Centre Back,"Mar 9, 1990 (26)",96047.0,,
Vit Precechtel,,,,,,"1,79 m",,,,,,,,26.0,,-,Unknown,75.0,"Nov 4, 1989",,Vit Precechtel,"Jul 1, 2011",,Czech Republic,Striker,"Nov 4, 1989 (26)",100215.0,,
Matej Vydra,,,CSSR,,right,"1,80 m",17/5,3445.0,,Chotěboř,CHOVANECSPORT,1141.0,,24.0,,30.06.2020,Watford FC,1010.0,"May 1, 1992",Main position:Centre Forward Side position: Left Wing Right Wing,Matej Vydra,"Jul 1, 2015",Matěj Vydra,Czech Republic,Striker - Centre Forward,"May 1, 1992 (24)",101500.0,,
Sinisa Rozman,,,Jugoslawien (SFR),,left,"1,80 m",,,,Zagreb,W&K Fairplay,1208.0,,25.0,,-,NK Sesvete,25029.0,"Oct 16, 1990",Main position:Left-Back,Sinisa Rozman,"Aug 8, 2014",Siniša Rožman,Croatia,Defence - Left-Back,"Oct 16, 1990 (25)",104970.0,,
Caihame,Caihame Esis Steines Jorge,,,,,"1,86 m",,,,,,,,29.0,,-,TOT Sport Club,17363.0,"Feb 11, 1987",,Caihame,"Jul 31, 2015",,Brazil,Striker,"Feb 11, 1987 (29)",107619.0,,
Vaclav Vasicek,,,CSSR,,left,"1,87 m",1/0,21102.0,,Sumperk,"International Sport Management, s.r.o.",71.0,,25.0,,-,Dukla Prag,450.0,"Feb 10, 1991",Main position:Centre Forward,Vaclav Vasicek,"Jan 1, 2016",Václav Vašíček,Czech Republic,Striker - Centre Forward,"Feb 10, 1991 (25)",108123.0,,
Martin Jilek,,,CSSR,,right,"1,89 m",,,,Hustopece,,,,29.0,,-,Unknown,75.0,"Jul 7, 1986",Main position:Centre Back,Martin Jilek,"Jul 1, 2011",,Czech Republic,Defence - Centre Back,"Jul 7, 1986 (29)",108295.0,,
Mahir Hadziresic,,,Jugoslawien (SFR),,both,"1,87 m",,,,Janja,No agent,96.0,http://www.mahirhadziresic.net,24.0,,-,SV Fortuna Regensburg,8980.0,"Sep 12, 1991",Main position:Defensive Midfield Side position: Central Midfield Attacking Midfield,Mahir Hadziresic,"Aug 5, 2015",Mahir Hadžirešić,Canada   Bosnia-Herzegovina,Midfield - Defensive Midfield,"Sep 12, 1991 (24)",110687.0,,
Jan Gregus,,,CSSR,,,"1,89 m",7/0,3503.0,,Nitra,No agent,96.0,,25.0,,30.06.2018,FK Jablonec,1322.0,"Jan 29, 1991",Main position:Central Midfield Side position: Defensive Midfield,Jan Gregus,"Jan 1, 2015",Ján Greguš,Slovakia,Midfield - Central Midfield,"Jan 29, 1991 (25)",112317.0,,
Jakub Cervinek,,,,,right,"1,87 m",,,,,,,,29.0,,-,Unknown,75.0,"Jun 4, 1987",Main position:Right-Back,Jakub Cervinek,"Jan 1, 2011",,Czech Republic,Defence - Right-Back,"Jun 4, 1987 (29)",112454.0,,
Libor Tafat,,,,,,"1,95 m",,,,,,,,29.0,,30.06.2016,1.FC Bad Kötzting,2997.0,"Dec 12, 1986",Main position:Centre Forward,Libor Tafat,"Jan 12, 2015",,Czech Republic,Striker - Centre Forward,"Dec 12, 1986 (29)",112474.0,,
Tomas Wagner,,,CSSR,,right,"1,88 m",11/6,8771.0,,Prag,GLOBAL SPORTS a.s.,3611.0,,26.0,,30.06.2018,FK Jablonec,1322.0,"Mar 6, 1990",Main position:Centre Forward,Tomas Wagner,"Jul 1, 2015",Tomáš Wágner,Czech Republic,Striker - Centre Forward,"Mar 6, 1990 (26)",112951.0,,
David Jablonsky,,,,,,"1,90 m",,,,,Soccertalents,3381.0,,24.0,,-,FK Baník Sokolov,11117.0,"Oct 8, 1991",Main position:Centre Back,David Jablonsky,"Jan 1, 2016",David Jablonský,Czech Republic,Defence - Centre Back,"Oct 8, 1991 (24)",113575.0,,
Kevin Lafrance,,,France,,both,"1,86 m",25/2,14161.0,,Bondy,Saso Stefanov,1615.0,,26.0,,30.06.2016,Chrobry Glogow,8377.0,"Jan 13, 1990",Main position:Centre Back Side position: Defensive Midfield Left-Back,Kevin Lafrance,"Feb 19, 2016",Kevin Pierre Lafrance,Haiti   France,Defence - Centre Back,"Jan 13, 1990 (26)",113952.0,,
Martin Nespor,,buying option,CSSR,,,"1,83 m",2/0,8771.0,,Brandys nad Labem,"SPORT INVEST International, a. s.",11.0,,26.0,30.06.2017,30.06.2016,Piast Gliwice,6112.0,"Jun 5, 1990",Main position:Centre Forward,Martin Nespor,"Jul 3, 2015",Martin Nešpor,Czech Republic,Striker - Centre Forward,"Jun 5, 1990 (26)",116183.0,AC Sparta Praha,197.0
Hyung-Sang Lee,,,"Korea, South",,both,"1,70 m",,,,Pohang,,,,31.0,,-,Unattached,515.0,"May 5, 1985",Main position:Left Wing,Hyung-Sang Lee,"Jan 1, 2012",이형상,"Korea, South",Midfield - Left Wing,"May 5, 1985 (31)",116638.0,,
Dalmo,Dalmo Inacio Da Silva,,,"Feb 3, 2016",,"1,90 m",,,,,No agent,96.0,,32.0,,16.05.2016,Araxá Esporte Clube (MG),19976.0,"Feb 18, 1984",Main position:Centre Forward,Dalmo,"Jan 10, 2015",,Brazil,Striker - Centre Forward,"Feb 18, 1984 (32)",117543.0,,
Léo Costa,Leonardo Fabrício Soares da Costa,,Brazil,,right,"1,81 m",,,,São José dos Campos,Planet Soccer,2834.0,,30.0,,30.04.2016,Rio Claro Futebol Clube (SP),1442.0,"Mar 3, 1986",Main position:Right Midfield Side position: Attacking Midfield,Léo Costa,"Feb 2, 2016",,Brazil,Midfield - Right Midfield,"Mar 3, 1986 (30)",117544.0,,
Milan Heca,,,,,,,,,,,No agent,96.0,,25.0,,-,1.FC Slovácko,5544.0,"Mar 23, 1991",Main position:Keeper,Milan Heca,"Jan 1, 2010",Milan Heča,Czech Republic,Goalkeeper,"Mar 23, 1991 (25)",119472.0,,
Tomas Masansky,,,,,,,,,,,,,,27.0,,-,Unknown,75.0,"Nov 18, 1988",Main position:Centre Forward,Tomas Masansky,"Jul 1, 2010",,Czech Republic,Striker - Centre Forward,"Nov 18, 1988 (27)",119602.0,,
Martin Wágner,,,,,,"1,75 m",,,,,,,,26.0,,-,Unknown,75.0,"Mar 6, 1990",Main position:Centre Forward,Martin Wágner,-,,Czech Republic,Striker - Centre Forward,"Mar 6, 1990 (26)",119607.0,,
Lukas Michna,,,Czech Republic,,both,"1,79 m",,,,Hodonin,,,,26.0,,-,Unknown,75.0,"Apr 28, 1990",Main position:Right Midfield Side position: Left Midfield,Lukas Michna,"Jul 1, 2015",Lukáš Michna,Czech Republic,Midfield - Right Midfield,"Apr 28, 1990 (26)",119609.0,,
Milan Machalicky,,,,,,"1,77 m",1/0,22987.0,,,,,,25.0,,-,SV Furth bei Göttweig,20585.0,"Jun 1, 1991",,Milan Machalicky,"Jan 1, 2014",Milan Machalický,Czech Republic,Defence,"Jun 1, 1991 (25)",119831.0,,
Pavel Dreksa,,,CSSR,,,"1,85 m",2/0,8771.0,,Prostějov,Tekin Birinci,1607.0,,26.0,,-,MFK Karvina,13726.0,"Sep 17, 1989",Main position:Centre Back Side position: Central Midfield,Pavel Dreksa,"Jul 1, 2015",,Czech Republic,Defence - Centre Back,"Sep 17, 1989 (26)",119832.0,,
Ondrej Murín,,,,,right,"1,86 m",1/1,21102.0,,,,,,25.0,,-,Unknown,75.0,"Feb 15, 1991",Main position:Right-Back,Ondrej Murín,"Jul 1, 2013",Ondřej Murin,Czech Republic,Defence - Right-Back,"Feb 15, 1991 (25)",119837.0,,
Michal Frydrych,,,,,right,"1,87 m",4/0,8771.0,,,ESAM,2904.0,,26.0,-,30.06.2016,SK Slavia Prag,62.0,"Feb 27, 1990",Main position:Centre Back Side position: Right-Back Left-Back,Michal Frydrych,"Sep 15, 2015",Michal Frydrych,Czech Republic,Defence - Centre Back,"Feb 27, 1990 (26)",119862.0,FC Banik Ostrava,377.0
Fernando Neves,,,Cape Verde,,left,"1,86 m",38/0,4311.0,,Praia,,,,38.0,,-,Unknown,75.0,"Jun 9, 1978",Main position:Left-Back Side position: Centre Back,Fernando Neves,"Jul 1, 2015",Fernando Maria Neves,Cape Verde,Defence - Left-Back,"Jun 9, 1978 (38)",119863.0,,
Patrik Bohac,,,,,right,"1,83 m",5/1,21102.0,,,,,,24.0,,-,Unattached,515.0,"Apr 30, 1992",Main position:Centre Forward,Patrik Bohac,-,Patrik Boháč,Czech Republic,Striker - Centre Forward,"Apr 30, 1992 (24)",119864.0,,
Jan Hanus,,,CSSR,,right,"1,88 m",6/0,8771.0,,Chlumec nad Cidlinou,"International Sport Management, s.r.o.",71.0,,28.0,,30.06.2018,FC Vysocina Jihlava,7975.0,"Apr 28, 1988",Main position:Keeper,Jan Hanus,"Jan 1, 2013",Jan Hanuš,Czech Republic,Goalkeeper,"Apr 28, 1988 (28)",120030.0,,
Claude Videgla,,,Benin,,both,"1,80 m",1/0,3815.0,,Doko,No agent,96.0,,26.0,,30.06.2016,TV Dinklage,21094.0,"May 14, 1990",Main position:Defensive Midfield Side position: Central Midfield,Claude Videgla,"Mar 1, 2016",Claude-Roland Videgla,Togo   France,Midfield - Defensive Midfield,"May 14, 1990 (26)",123188.0,,
Lukas Krecek,,,CSSR,,,"1,90 m",,,,Kladno,,,,29.0,,-,Roudnice nad Labem,6379.0,"Sep 18, 1986",,Lukas Krecek,"Jan 1, 2014",Lukáš Křeček,Czech Republic,Midfield,"Sep 18, 1986 (29)",124126.0,,
Ladislav Martan,,,CSSR,,,"1,76 m",,,,Varnsdorf,,,,26.0,,-,FK Varnsdorf,8541.0,"Oct 2, 1989",,Ladislav Martan,"Jul 1, 2011",Ladislav Martan,Czech Republic,Midfield,"Oct 2, 1989 (26)",125127.0,,
Everson Lima,,,Brazil,,right,"1,86 m",,,,Sorocaba,,,,29.0,,15.05.2016,Grêmio Esportivo Osasco (SP),28025.0,"Jul 1, 1986",Main position:Centre Back,Everson Lima,"Feb 12, 2016",Everson Alan de Lima,Brazil,Defence - Centre Back,"Jul 1, 1986 (29)",125291.0,,
Jakub Andrejko,,,,,,"1,98 m",3/0,21102.0,,,No agent,96.0,,25.0,,-,Unknown,75.0,"May 14, 1991",Main position:Keeper,Jakub Andrejko,"Jan 1, 2016",,Czech Republic,Goalkeeper,"May 14, 1991 (25)",126219.0,,
Jakub Picha,,,,,,,,,,,,,,24.0,,-,FK Ustí nad Labem,6377.0,"Jul 21, 1991",,Jakub Picha,"Jan 1, 2014",,Czech Republic,Defence,"Jul 21, 1991 (24)",127529.0,,
Jan Boril,,,Czech Republic,,right,"1,75 m",0/0,21102.0,,Nymburk,,,,25.0,,30.06.2019,SK Slavia Prag,62.0,"Jan 11, 1991",Main position:Right-Back Side position: Left-Back,Jan Boril,"Jan 7, 2016",Jan Bořil,Czech Republic,Defence - Right-Back,"Jan 11, 1991 (25)",129655.0,,
Vladimir Gerasimov,,,,,,"1,75 m",,,,,,,,27.0,,-,Nika Moskau,12427.0,"Apr 12, 1989",,Vladimir Gerasimov,"Aug 1, 2010",Герасимов Владимир Дмитриевич,Russia,Midfield,"Apr 12, 1989 (27)",129658.0,,
Jan Peterka,,,CSSR,,,,,,,Usti nad Labem,,,,26.0,,-,FK Ustí nad Labem,6377.0,"Apr 22, 1990",,Jan Peterka,"Jul 1, 2011",Jan Peterka,Czech Republic,Midfield,"Apr 22, 1990 (26)",129661.0,,
,,,,,,,,,,,,,,,-,-,1. FC Karlovy Vary,1736,,,Ivan Sollar,"Aug 1, 2012",,Czech Republic,Striker,,129662.0,FK Teplice U21,12864
David Cupak,,,,,,"1,81 m",,,,,,,,27.0,,-,Unknown,75.0,"May 27, 1989",,David Cupak,"Jan 1, 2011",,Czech Republic,Midfield,"May 27, 1989 (27)",129999.0,,
,,,,,,,,,,,,,,29,,-,SC Hartl Haus Echsenbach,35225,"Mar 18, 1987",,Ales Pacak,"Jan 23, 2015",,Czech Republic,Striker,"Mar 18, 1987 (29)",130015.0,,
Milan Jurdik,,,CSSR,,both,"1,86 m",,,,Považská Bystrica,,,,24.0,,-,SK Dynamo Ceske Budejovice,1321.0,"Nov 8, 1991",Main position:Centre Forward,Milan Jurdik,"Jul 8, 2015",Milan Jurdík,Slovakia,Striker - Centre Forward,"Nov 8, 1991 (24)",131974.0,,
Ondrej Vanek,,,CSSR,,right,"1,79 m",8/0,3445.0,,Brno,"International Sport Management, s.r.o.",71.0,,25.0,,30.06.2017,FC Viktoria Plzen,941.0,"Jul 25, 1990",Main position:Central Midfield Side position: Defensive Midfield Right Wing,Ondrej Vanek,"Jul 1, 2014",,Czech Republic,Midfield - Central Midfield,"Jul 25, 1990 (25)",134578.0,,
Stepan Kores,,,CSSR,,left,"1,75 m",,,,Pisek,GLOBAL SPORTS a.s.,3611.0,,27.0,-,30.06.2016,FC FASTAV Zlin,5545.0,"Feb 14, 1989",Main position:Left Midfield Side position: Central Midfield Defensive Midfield,Stepan Kores,"Jul 18, 2015",Štěpán Koreš,Czech Republic,Midfield - Left Midfield,"Feb 14, 1989 (27)",134873.0,SK Slavia Prague U21,6541.0
Petr Mares,,,CSSR,,left,"1,83 m",1/0,21102.0,,Planá u Mariánských Lázní,,,,25.0,,-,FC Hradec Králové,1897.0,"Jan 17, 1991",Main position:Left-Back,Petr Mares,"Jul 1, 2014",Petr Mareš,Czech Republic,Defence - Left-Back,"Jan 17, 1991 (25)",134874.0,,
Martin Hurka,,,Czech Republic,,left,"1,74 m",1/0,22987.0,,Prag,"International Sport Management, s.r.o.",71.0,,23.0,,30.06.2016,FK Viktoria Zizkov,892.0,"Apr 20, 1993",Main position:Left Wing Side position: Left Midfield Secondary Striker,Martin Hurka,-,Martin Hurka,Czech Republic,Striker - Left Wing,"Apr 20, 1993 (23)",137620.0,,
Pavel Pilik,,,Czech Republic,,right,"1,76 m",3/0,21102.0,,Pribram,CHOVANECSPORT,1141.0,,24.0,,-,FC MAS Taborsko,28596.0,"Feb 13, 1992",Main position:Attacking Midfield,Pavel Pilik,"Jan 1, 2016",Pavel Pilík,Czech Republic,Midfield - Attacking Midfield,"Feb 13, 1992 (24)",138576.0,,
Ladislav Krejcí,,,Czech Republic,,left,"1,80 m",21/4,3445.0,,Prag,"SPORT INVEST International, a. s.",11.0,,23.0,,30.06.2017,AC Sparta Praha,197.0,"Jul 5, 1992",Main position:Left Wing Side position: Left Midfield,Ladislav Krejcí,"Jan 1, 2010",Ladislav Krejčí,Czech Republic,Midfield - Left Wing,"Jul 5, 1992 (23)",140206.0,,
Zdenek Rada,,,,,,,,,,,,,,26.0,,-,SK Kladno,6380.0,"Jan 1, 1990",,Zdenek Rada,"Jul 1, 2009",,Czech Republic,Defence,"Jan 1, 1990 (26)",140381.0,,
Michal Rendla,,,,,,,,,,,,,,25.0,,-,FK Caslav,11116.0,"Jan 21, 1991",,Michal Rendla,"Aug 1, 2012",Michal Rendla,Czech Republic,Defence,"Jan 21, 1991 (25)",140384.0,,
Filip Duranski,,,,,right,"1,74 m",2/0,16844.0,,,I.S.P.M.,905.0,,24.0,,-,Sileks Kratovo,535.0,"Jul 17, 1991",Main position:Attacking Midfield Side position: Central Midfield Right Midfield,Filip Duranski,"Jan 15, 2014",Филип Дурански,Macedonia,Midfield - Attacking Midfield,"Jul 17, 1991 (24)",140962.0,,
Rastislav Vdovjak,,,,,,,,,,,,,,26.0,,-,Unknown,75.0,"Apr 12, 1990",,Rastislav Vdovjak,"Jul 1, 2012",,Czech Republic,Midfield,"Apr 12, 1990 (26)",141084.0,,
Alexandr Janovic,,,,,,"1,87 m",,,,,,,,29.0,,-,Unknown,75.0,"Sep 29, 1986",,Alexandr Janovic,"Jul 1, 2010",,Czech Republic,Defence,"Sep 29, 1986 (29)",141086.0,,
Jiri Krcek,,,Czech Republic,,right,"1,92 m",1/0,25565.0,,Uherské Hradiště,BENETT SPORTMANAGEMENT,2289.0,,23.0,,-,1.FK Pribram U21,8532.0,"Jun 14, 1993 Happy Birthday",Main position:Keeper,Jiri Krcek,"Jul 1, 2012",Jiří Krček,Czech Republic,Goalkeeper,"Jun 14, 1993 (23)",141087.0,,
Marian Stancik,,,,,,,,,,,,,,25.0,,-,Unknown,75.0,"Mar 17, 1991",,Marian Stancik,"Jul 1, 2010",,Czech Republic,Midfield,"Mar 17, 1991 (25)",141088.0,,
Vlastimil Danicek,,,,,left,"1,87 m",6/0,8771.0,,,Nehoda Sport,396.0,,24.0,,30.06.2017,1.FC Slovácko,5544.0,"Jul 15, 1991",Main position:Defensive Midfield Side position: Central Midfield Left-Back,Vlastimil Danicek,"Jan 1, 2010",Vlastimil Daníček,Czech Republic,Midfield - Defensive Midfield,"Jul 15, 1991 (24)",141099.0,,
Tomas Jelecek,,,,,,"1,83 m",1/0,8771.0,,,,,,24.0,,-,Unknown,75.0,"Feb 25, 1992",,Tomas Jelecek,"Jul 1, 2015",Tomáš Jeleček,Czech Republic,Defence,"Feb 25, 1992 (24)",141100.0,,
Filip Hlupik,,,,,,,0/0,8771.0,,,CHOVANECSPORT,1141.0,,25.0,,-,1.FC Slovácko,5544.0,"Apr 30, 1991",Main position:Centre Forward,Filip Hlupik,"Jan 1, 2010",Filip Hlúpik,Czech Republic,Striker - Centre Forward,"Apr 30, 1991 (25)",141113.0,,
Vladimir Dirada,,,,,,"1,71 m",,,,,,,,25.0,,-,Unknown,75.0,"Aug 8, 1990",,Vladimir Dirada,"Jan 1, 2011",,Czech Republic,Midfield,"Aug 8, 1990 (25)",141227.0,,
David Vanecek II.,,,,,right,"1,91 m",1/0,21102.0,,,Cosmosports Switzerland AG,2032.0,,25.0,,-,FK Teplice,814.0,"Mar 9, 1991",Main position:Centre Forward,David Vanecek II.,"Jan 1, 2016",David Vaněček,Czech Republic,Striker - Centre Forward,"Mar 9, 1991 (25)",141229.0,,
Tomas Dostalek,,,,,,,,,,,,,,28.0,,-,Unknown,75.0,"Apr 23, 1988",,Tomas Dostalek,"Jan 1, 2016",Tomáš Dostálek,Czech Republic,Midfield,"Apr 23, 1988 (28)",141230.0,,
Jakub Svizela,,,,,,,2/0,21102.0,,,,,,24.0,,-,SV Bad Pirawarth,40517.0,"Jan 9, 1992",,Jakub Svizela,"Jul 1, 2014",Jakub Svízela,Czech Republic,Midfield,"Jan 9, 1992 (24)",143144.0,,
Ondrej Zahustel,,,CSSR,,,"1,86 m",2/1,3445.0,,Mladá Boleslav,"SPORT INVEST International, a. s.",11.0,,24.0,,30.06.2019,AC Sparta Praha,197.0,"Jun 18, 1991",Main position:Right-Back Side position: Right Midfield Right Wing,Ondrej Zahustel,"Jan 1, 2016",Ondřej Zahustel,Czech Republic,Defence - Right-Back,"Jun 18, 1991 (24)",143148.0,,
Ugljesa Radinovic,,,Yugoslavia (Republic),,right,"1,84 m",10/0,21136.0,,Novi Sad,,,,22.0,,01.06.2016,FK Borac Banja Luka,3900.0,"Aug 25, 1993",Main position:Defensive Midfield Side position: Central Midfield,Ugljesa Radinovic,"Jul 21, 2014",Uglješa Radinović,Serbia,Midfield - Defensive Midfield,"Aug 25, 1993 (22)",143566.0,,
Jaroslav Stary,,,CSSR,,left,"1,81 m",9/0,25565.0,,Chrudim,,,,28.0,,-,Unknown,75.0,"Feb 9, 1988",Main position:Left-Back,Jaroslav Stary,"Jul 1, 2015",Jaroslav Starý,Czech Republic,Defence - Left-Back,"Feb 9, 1988 (28)",144774.0,,
Patrik Svoboda,,,,,,"1,78 m",1/0,21102.0,,,,,,22.0,,-,SK Benesov,24409.0,"Apr 13, 1994",,Patrik Svoboda,"Jul 1, 2014",Patrik Svoboda,Czech Republic,Striker,"Apr 13, 1994 (22)",145818.0,,
Vaclav Jezdik,,,,,right,"1,74 m",,,,,NEUSCHL PLAYERS AGENCY,3671.0,,28.0,-,-,ZP Sport Podbrezova,20063.0,"Jul 3, 1987",Main position:Defensive Midfield Side position: Right-Back Left-Back,Vaclav Jezdik,"Jan 1, 2016",,Czech Republic,Midfield - Defensive Midfield,"Jul 3, 1987 (28)",145849.0,FK Bohemians Prag,12861.0
Michal Zeman,,,CSSR,,,"1,77 m",,,,Liberec,,,,31.0,,-,FK Ustí nad Labem,6377.0,"Aug 18, 1984",,Michal Zeman,"Jul 1, 2011",Michal Zeman,Czech Republic,Defence,"Aug 18, 1984 (31)",145885.0,,
Ludek Pernica,,,CSSR,,right,"1,86 m",,,,Boskovice,Nehoda Sport,396.0,,25.0,,30.06.2017,FK Jablonec,1322.0,"Jun 16, 1990",Main position:Centre Back,Ludek Pernica,"Jul 1, 2014",,Czech Republic,Defence - Centre Back,"Jun 16, 1990 (25)",147099.0,,
Jakub Vojta,,,CSSR,,,"1,81 m",,,,Kutna Hora,,,,25.0,,30.06.2017,ZFC Meuselwitz,2643.0,"Apr 19, 1991",Main position:Centre Forward,Jakub Vojta,"Jul 8, 2015",,Czech Republic,Striker - Centre Forward,"Apr 19, 1991 (25)",147101.0,,
Marek Hovorka,,,Czech Republic,,both,"1,82 m",2/0,21102.0,,Mlada Boleslav,,,,24.0,,-,FC MAS Taborsko,28596.0,"Oct 24, 1991",,Marek Hovorka,"Mar 1, 2015",Marek Hovorka,Czech Republic,Midfield,"Oct 24, 1991 (24)",147636.0,,
Petr Kulhanek,,,,,,"1,75 m",,,,,,,,28.0,,-,Unknown,75.0,"Sep 22, 1987",,Petr Kulhanek,"Jul 1, 2012",Petr Kulhánek,Czech Republic,Midfield,"Sep 22, 1987 (28)",147637.0,,
Lukas Suk,,,,,,,,,,,,,,26.0,,-,Unknown,75.0,"Mar 31, 1990",,Lukas Suk,"Jan 1, 2014",Lukáš Suk,Czech Republic,Midfield,"Mar 31, 1990 (26)",147638.0,,
Jan Zakostelsky,,,CSSR,,right,"1,91 m",,,,Benesov,,,,24.0,,-,SK Slavia Prague U21,6541.0,"Nov 25, 1991",Main position:Centre Back Side position: Right-Back Left-Back,Jan Zakostelsky,"Jan 1, 2013",Jan Zákostelský,Czech Republic,Defence - Centre Back,"Nov 25, 1991 (24)",147667.0,,
,,,,,,,,,,,,,,28,,-,Unknown,75,"Jul 15, 1987",Main position:Keeper,Jan Hlavacek,-,Jan Hlaváček,Czech Republic,Goalkeeper,"Jul 15, 1987 (28)",148645.0,,
Tomás Kalas,,,Czech Republic,,right,"1,84 m",3/0,3445.0,Nike,Olomouc,"SPORT INVEST International, a. s.",11.0,,23.0,,30.06.2018,Chelsea FC,631.0,"May 15, 1993",Main position:Centre Back Side position: Right-Back,Tomás Kalas,"Jul 1, 2010",Tomáš Kalas,Czech Republic,Defence - Centre Back,"May 15, 1993 (23)",148657.0,,
Vaclav Stranik,,,,,,,,,,,,,,23.0,,-,1.FC Slovacko U21,8943.0,"Nov 13, 1992",,Vaclav Stranik,"Jul 1, 2012",,Czech Republic,Striker,"Nov 13, 1992 (23)",148662.0,,
Martin Slapak,,,CSSR,,left,"1,79 m",,,,Horovice,Playersfriends-sportmanagement,3369.0,,29.0,,-,Union Gurten,19644.0,"Mar 25, 1987",Main position:Centre Forward Side position: Right Wing Left Wing,Martin Slapak,"Jul 1, 2015",Martin Šlapák,Czech Republic,Striker - Centre Forward,"Mar 25, 1987 (29)",148668.0,,
Pavel Novak,,,CSSR,,right,"1,86 m",,,,Jindrichuv Hradec,,,,26.0,,-,SK Dynamo Ceske Budejovice,1321.0,"Nov 30, 1989",Main position:Centre Back Side position: Right-Back,Pavel Novak,-,Pavel Novák,Czech Republic,Defence - Centre Back,"Nov 30, 1989 (26)",148705.0,,
Vaclav Koutny,,,,,right,"1,78 m",1/0,8771.0,,,No agent,96.0,,24.0,,30.06.2016,SC Teutonia Watzenborn-Steinberg,11653.0,"Oct 4, 1991",Main position:Centre Back Side position: Left-Back Right-Back,Vaclav Koutny,"Jul 1, 2015",Václav Koutný,Czech Republic,Defence - Centre Back,"Oct 4, 1991 (24)",150841.0,,
Tomás Prikryl,,,CSSR,,right,"1,77 m",7/1,8771.0,,Olmütz,"SPORT INVEST International, a. s.",11.0,,23.0,,30.06.2019,FK Mladá Boleslav,5546.0,"Jul 4, 1992",Main position:Right Wing Side position: Secondary Striker Left Wing,Tomás Prikryl,"Jan 1, 2016",Tomáš Přikryl,Czech Republic,Midfield - Right Wing,"Jul 4, 1992 (23)",152693.0,,
