name,2nd club,2nd club id,Age,Complete name,Contract option,Contract there until,Contract until,Country of birth,Current club,Current club id,Date of birth,Date of last contract extension,Detailed position,Display name,Foot,Height,In the team since,Intl caps/goals,Name in home country,National team id,Nationality,Outfitter,Place of birth,Player's agent,Player's agent id,Position,birthDate,id,on loan from,on loan from club id
Ivan Tomecak,,,26,,,,30.06.2017,Jugoslawien (SFR),Dnipro Dnipropetrovsk,339,"Dec 7, 1989",,Main position:Right-Back Side position: Left-Back Right Midfield,Ivan Tomecak,right,"1,75 m","Sep 1, 2015",1/0,Ivan Tomečak,3556.0,Croatia,,Zagreb,Promotionplay,2497.0,Defence - Right-Back,"Dec 7, 1989 (26)",49985,,
Guyon Fernandez,,,30,,,,30.06.2016,Netherlands,Stal Dniprodzerzhynsk,16247,"Apr 18, 1986",,Main position:Centre Forward Side position: Right Wing Left Wing,Guyon Fernandez,right,"1,84 m","Apr 4, 2016",0/0,,32364.0,Curacao   Netherlands,,Den Haag,EUROPE SPORTS GROUP,1635.0,Striker - Centre Forward,"Apr 18, 1986 (30)",56370,,
Radosav Petrovic,,,27,,,,30.06.2020,Jugoslawien (SFR),Dynamo Kyiv,338,"Mar 8, 1989",,Main position:Defensive Midfield Side position: Central Midfield Attacking Midfield,Radosav Petrovic,right,"1,93 m","Jul 1, 2015",44/2,Радосав Петровић,3438.0,Serbia,,Ub,More than Sport GmbH,2675.0,Midfield - Defensive Midfield,"Mar 8, 1989 (27)",75296,,
Vitali Ponomar,,,26,,,,-,,FK Oleksandria,18303,"May 31, 1990",,Main position:Centre Forward Side position: Left Wing,Vitali Ponomar,,"1,78 m","Jul 21, 2014",,Пономар Віталій Вадимович,,Ukraine,,,ProStar,3703.0,Striker - Centre Forward,"May 31, 1990 (26)",90769,,
Yuri Kolomoets,,,26,,,,31.12.2016,,Vorskla Poltava,2740,"Mar 22, 1990",,Main position:Centre Forward Side position: Secondary Striker,Yuri Kolomoets,,"1,86 m","Jan 1, 2016",,Коломоєць Юрій Миколайович,,Ukraine,,,,,Striker - Centre Forward,"Mar 22, 1990 (26)",91425,,
Dmytro Leonov,,,27,,,,-,,FK Oleksandria,18303,"Nov 6, 1988",,Main position:Central Midfield Side position: Attacking Midfield Right Midfield,Dmytro Leonov,right,"1,66 m","Jul 21, 2014",,Леонов Дмитро Валерійович,,Ukraine,,,,,Midfield - Central Midfield,"Nov 6, 1988 (27)",91571,,
Dmytro Bashlay,,,26,,,,-,,Olimpik Donetsk,23611,"Apr 25, 1990",,Main position:Defensive Midfield Side position: Centre Back Central Midfield,Dmytro Bashlay,right,"1,83 m","Jan 24, 2016",,Башлай Дмитро Олександрович,,Ukraine,,,,,Midfield - Defensive Midfield,"Apr 25, 1990 (26)",92030,,
Sergiy Borzenko,,,29,,,,30.06.2017,UDSSR,Olimpik Donetsk,23611,"Jun 22, 1986",,Main position:Centre Back Side position: Right-Back Left-Back,Sergiy Borzenko,,"1,82 m","Jul 11, 2015",,Борзенко Сергій Олександрович,,Ukraine,,"Komsomolske, Kharkiv Region",,,Defence - Centre Back,"Jun 22, 1986 (29)",100163,,
Evgeni Starikov,,,27,,both parties 1 year,,30.06.2016,UDSSR,Chornomorets Odessa,6992,"Nov 17, 1988",,Main position:Centre Forward Side position: Right Wing Left Wing,Evgeni Starikov,right,"1,75 m","Sep 8, 2015",0/0,Стариков Евгений Валерьевич,3505.0,United States   Ukraine,,"Odessa, Ukraine",,,Striker - Centre Forward,"Nov 17, 1988 (27)",104203,,
Rafael Forster,,,25,,,,31.12.2017,Brazil,Zorya Lugansk,10690,"Jul 23, 1990",,Main position:Centre Back Side position: Left-Back Left Midfield,Rafael Forster,left,"1,81 m","Jan 20, 2016",,,,Brazil,,São José,,,Defence - Centre Back,"Jul 23, 1990 (25)",104590,,
Sergiy Chebotaev,,,28,,,,-,UDSSR,FK Oleksandria,18303,"Mar 7, 1988",,Main position:Left-Back Side position: Right-Back,Sergiy Chebotaev,left,"1,78 m","Jul 8, 2015",,Чеботаєв Сергій Євгенович,,Ukraine,,Zaporizhzhya,,,Defence - Left-Back,"Mar 7, 1988 (28)",107274,,
Edgar Malakyan,,,25,,,,31.12.2018,UDSSR,Stal Dniprodzerzhynsk,16247,"Sep 22, 1990",,Main position:Left Wing Side position: Right Wing Centre Forward,Edgar Malakyan,right,"1,71 m","Feb 23, 2016",10/0,Էդգար Մալաքյան,6219.0,Armenia,,Yerevan,No agent,96.0,Midfield - Left Wing,"Sep 22, 1990 (25)",116302,,
Sergiy Basov,,,29,,,,-,UDSSR,FK Oleksandria,18303,"Jan 19, 1987",,Main position:Centre Back,Sergiy Basov,,"1,84 m","Jul 1, 2012",,Басов Сергій Германович,,Ukraine,,"Artsyz, Odessa Region",AZ Football,3687.0,Defence - Centre Back,"Jan 19, 1987 (29)",119717,,
Maksym Kalenchuk,,,26,,,,30.06.2016,UDSSR,Stal Dniprodzerzhynsk,16247,"Dec 5, 1989",,Main position:Central Midfield Side position: Attacking Midfield Defensive Midfield,Maksym Kalenchuk,right,"1,83 m","Jul 1, 2011",,Каленчук Максим Миколайович,,Ukraine,,Donetsk,,,Midfield - Central Midfield,"Dec 5, 1989 (26)",121009,,
Aderinsola Habib Eseola,,,24,,,,30.06.2016,UDSSR,FK Oleksandria,18303,"Jun 28, 1991",,Main position:Centre Forward,Aderinsola Habib Eseola,,"1,88 m","Feb 29, 2016",4/0,Есеола Адерінсола Хабіб,23313.0,Ukraine,,Zhytomyr,,,Striker - Centre Forward,"Jun 28, 1991 (24)",122361,,
Akeem Latifu,,,26,,,,-,Nigeria,Stal Dniprodzerzhynsk,16247,"Nov 16, 1989",,Main position:Right-Back,Akeem Latifu,right,"1,82 m","Mar 1, 2016",,,,Nigeria,,Port Harcourt,GBS Group (International),2315.0,Defence - Right-Back,"Nov 16, 1989 (26)",141329,,
Davit Khocholava,,,22,,,,30.06.2017,Georgia,Chornomorets Odessa,6992,"Aug 2, 1993","May 31, 2016",Main position:Centre Back Side position: Defensive Midfield Centre Forward,Davit Khocholava,right,"1,92 m","Jul 11, 2015",3/0,დავით ხოჭოლავა,12148.0,Georgia,,Tiflis,,,Defence - Centre Back,"Aug 2, 1993 (22)",165825,,
Oleksiy Khoblenko,,,22,,,-,30.06.2016,Russia,Chornomorets Odessa,6992,"Apr 4, 1994",,Main position:Centre Forward Side position: Right Wing Left Wing,Oleksiy Khoblenko,right,"1,84 m","Feb 4, 2016",10/1,Хобленко Олексій Сергійович,16274.0,Ukraine,,Ekaterinburg,prosm,1330.0,Striker - Centre Forward,"Apr 4, 1994 (22)",176412,Dynamo 2 Kyiv,6249.0
Vitali Gemega,,,22,,,-,30.06.2016,Ukraine,Goverla Uzhgorod,6996,"Jan 10, 1994",,Main position:Right Midfield Side position: Left Midfield Attacking Midfield,Vitali Gemega,left,"1,75 m","Jul 17, 2015",2/0,Гемега Віталій Анатолійович,16274.0,Ukraine,,"Stepanky, Vinnytsa Region",,,Midfield - Right Midfield,"Jan 10, 1994 (22)",177280,Dynamo 2 Kyiv,6249.0
Gustavo Blanco Leschuk,,,24,,one further year,,31.12.2017,Argentina,Karpaty Lviv,2477,"Nov 5, 1991","Feb 10, 2016",Main position:Centre Forward,Gustavo Blanco Leschuk,right,"1,90 m","Feb 10, 2016",,Gustavo Ezequiel Blanco Leschuk,,Argentina   Ukraine,,Mendoza,ABP Sport Management U.G.,2031.0,Striker - Centre Forward,"Nov 5, 1991 (24)",181006,,
Derlis González,,,22,,,,30.06.2020,Paraguay,Dynamo Kyiv,338,"Mar 20, 1994",,Main position:Left Wing Side position: Secondary Striker Right Wing,Derlis González,right,"1,72 m","Jul 30, 2015",22/3,Derlis Alberto González Galeano,3581.0,Paraguay,,Mariano Roque Alonso,Univers Management,3304.0,Striker - Left Wing,"Mar 20, 1994 (22)",182577,,
John Jairo Ruiz,,,22,,,30.06.2016,30.06.2016,Costa Rica,Dnipro Dnipropetrovsk,339,"Jan 10, 1994",,Main position:Right Wing Side position: Left Wing Centre Forward,John Jairo Ruiz,right,"1,75 m","Aug 20, 2015",0/0,John Jairo Ruiz Barrantes,36209.0,Costa Rica,,Puntarenas,firsteleven ISM development,2303.0,Striker - Right Wing,"Jan 10, 1994 (22)",192347,LOSC Lille,1082.0
Miha Goropevšek,,,25,,,,30.06.2017,Jugoslawien (SFR),Volyn Lutsk,4482,"Mar 12, 1991",,Main position:Centre Back Side position: Defensive Midfield,Miha Goropevšek,,"1,93 m","Aug 7, 2015",,,,Slovenia,,Celje,TS Sportmanagement,2705.0,Defence - Centre Back,"Mar 12, 1991 (25)",204560,,
Gor Malakyan,,,22,,,,31.12.2018,Armenia,Stal Dniprodzerzhynsk,16247,"Jun 12, 1994 Happy Birthday",,Main position:Central Midfield Side position: Attacking Midfield Left Midfield,Gor Malakyan,right,"1,74 m","Feb 23, 2016",3/0,Գոռ Մալաքյան,6219.0,Armenia,,Erewan,Football International,3079.0,Midfield - Central Midfield,"Jun 12, 1994 (22)",206053,,
Vladis Emmerson Illoy Ayyet,,,20,,,,-,Ukraine,Olimpik Donetsk,23611,"Oct 7, 1995",,Main position:Centre Back Side position: Defensive Midfield,Vladis Emmerson Illoy Ayyet,,"1,87 m","Aug 2, 2015",0/0,Іллой-Айєт Владіс-Еммерсон,16274.0,Ukraine,,Odessa,Anton Astafiev,3275.0,Defence - Centre Back,"Oct 7, 1995 (20)",213429,,
Dmytro Bezruk,,,20,,,,-,Ukraine,Chornomorets Odessa,6992,"Mar 30, 1996",,Main position:Keeper,Dmytro Bezruk,left,"1,90 m","Jul 1, 2015",4/0,Безрук Дмитро Андрійович,16274.0,Ukraine,,Odessa,,,Goalkeeper,"Mar 30, 1996 (20)",213973,,
Vyacheslav Tankovsky,,,20,,,-,30.06.2016,Ukraine,Zorya Lugansk,10690,"Aug 16, 1995",,Main position:Central Midfield Side position: Attacking Midfield,Vyacheslav Tankovsky,,"1,68 m","Jul 24, 2015",4/0,Танковський Вячеслав Сергійович,28381.0,Ukraine,,"Novomoskovsk, Dnipropetrovsk Region",ProStar,3703.0,Midfield - Central Midfield,"Aug 16, 1995 (20)",213980,Shakhtar Donetsk II,8963.0
Sergiy Shestakov,,,26,,,,-,UDSSR,Olimpik Donetsk,23611,"Apr 12, 1990",,Main position:Right Midfield Side position: Left Midfield Centre Forward,Sergiy Shestakov,right,"1,72 m","Jul 14, 2015",,Шестаков Сергій Сергійович,,Ukraine,,"Ladyzhyn, Vinnytsa Region",,,Midfield - Right Midfield,"Apr 12, 1990 (26)",221955,,
Evgen Banada,,,24,,,,30.06.2017,,FK Oleksandria,18303,"Feb 29, 1992","Dec 28, 2015",Main position:Central Midfield Side position: Defensive Midfield,Evgen Banada,,"1,82 m",-,2/0,Банада Євген Володимирович,16274.0,Ukraine,,,AZ Football,3687.0,Midfield - Central Midfield,"Feb 29, 1992 (24)",242272,,
Nikita Korzun,,,21,,,,31.12.2020,Belarus,Dynamo Kyiv,338,"Mar 6, 1995",,Main position:Defensive Midfield Side position: Central Midfield,Nikita Korzun,right,"1,74 m","Feb 1, 2016",2/0,Корзун Никита Иванович,3450.0,Belarus,,Minsk,ProStar,3703.0,Midfield - Defensive Midfield,"Mar 6, 1995 (21)",244165,,
Vladyslav Levanidov,,,23,,,,30.06.2017,,FK Oleksandria,18303,"Feb 23, 1993","Dec 28, 2015",Main position:Keeper,Vladyslav Levanidov,,"1,85 m","Jul 1, 2012",,Леванідов Владислав Олександрович,,Ukraine,,,,,Goalkeeper,"Feb 23, 1993 (23)",244620,,
Danylo Kanevtsev,Metalist Kharkiv (#1),6414.0,19,,,,-,,Metalist Kharkiv II,12517,"Jul 26, 1996",,Main position:Keeper,Danylo Kanevtsev,,"1,74 m","Jul 1, 2014",0/0,Каневцев Данило Дмитрович,28381.0,Ukraine,,,,,Goalkeeper,"Jul 26, 1996 (19)",248930,,
Paulinho,,,23,Paulo Victor de Menezes Melo,,,31.12.2017,Brazil,Zorya Lugansk,10690,"May 29, 1993",,Main position:Centre Forward Side position: Left Wing Right Wing,Paulinho,right,"1,78 m","Jan 12, 2016",,,,Brazil,,São Paulo,EUROPE SPORTS GROUP,1635.0,Striker - Centre Forward,"May 29, 1993 (23)",259461,,
Roman Debelko,,,22,,,,-,Ukraine,Stal Dniprodzerzhynsk,16247,"Aug 8, 1993",,Main position:Centre Forward Side position: Attacking Midfield Central Midfield,Roman Debelko,right,"1,84 m","Apr 27, 2015",,Дебелко Роман Миколайович,,Ukraine,,Donetsk,ProStar,3703.0,Striker - Centre Forward,"Aug 8, 1993 (22)",262182,,
Denys Bezborodko,,,22,,,-,30.06.2016,Ukraine,Zorya Lugansk,10690,"May 31, 1994",,Main position:Centre Forward Side position: Secondary Striker,Denys Bezborodko,,"1,81 m","Mar 1, 2016",20/5,Безбородько Денис Олегович,16274.0,Ukraine,,Chernigiv,ProStar,3703.0,Striker - Centre Forward,"May 31, 1994 (22)",269371,Shakhtar Donetsk II,8963.0
Valeri Kucherov,,,22,,,,-,Ukraine,Stal Dniprodzerzhynsk,16247,"Aug 11, 1993",,Main position:Defensive Midfield Side position: Right Midfield,Valeri Kucherov,right,"1,75 m","Sep 10, 2013",,Кучеров Валерій Володимирович,,Ukraine,,"Stakhanov, Lugansk Region",,,Midfield - Defensive Midfield,"Aug 11, 1993 (22)",273341,,
Volodymyr Adamyuk,,,24,,,,30.06.2016,UDSSR,Dnipro Dnipropetrovsk,339,"Jul 17, 1991",,Main position:Right-Back Side position: Centre Back,Volodymyr Adamyuk,right,"1,75 m","Feb 18, 2016",,Адамюк Володимир Михайлович,,Ukraine,,"Sivka-Kalushska, Ivano-Frankivsk Region",,,Defence - Right-Back,"Jul 17, 1991 (24)",273663,,
Oleksiy Savchenko,,,22,,,-,30.06.2016,Ukraine,Goverla Uzhgorod,6996,"Sep 27, 1993",,Main position:Defensive Midfield Side position: Right Midfield,Oleksiy Savchenko,,"1,76 m","Jul 17, 2015",,Савченко Олексій Віталійович,,Ukraine,,"Staroverovka, Kharkiv Region",,,Midfield - Defensive Midfield,"Sep 27, 1993 (22)",280234,Dynamo 2 Kyiv,6249.0
Sekou Konde,,,23,,,,30.06.2016,,Olimpik Donetsk,23611,"Jun 9, 1993",,Main position:Centre Back,Sekou Konde,,"1,90 m","Jul 14, 2015",4/0,,3856.0,Guine,,,ProStar,3703.0,Defence - Centre Back,"Jun 9, 1993 (23)",288854,,
Giorgi Arabidze,Shakhtar Donetsk II (#10),8963.0,18,,,,31.12.2018,Georgia,Shakhtar Donetsk,660,"Mar 4, 1998",,Main position:Right Wing Side position: Secondary Striker Left Wing,Giorgi Arabidze,right,"1,70 m","Feb 3, 2016",2/0,გიორგი არაბიძე,25740.0,Georgia,,Vani,FDF,3734.0,Striker - Right Wing,"Mar 4, 1998 (18)",292717,,
Roman Stefurak,,,20,,,,-,Ukraine,Chornomorets Odessa,6992,"Apr 17, 1996",,Main position:Attacking Midfield Side position: Right Midfield Left Midfield,Roman Stefurak,left,"1,75 m","Jan 2, 2016",4/0,Стефурак Роман Романович,26508.0,Ukraine,,"Tomakovka, Dnipropetrovsk Region",,,Midfield - Attacking Midfield,"Apr 17, 1996 (20)",294201,,
Dmytro Rudyk,,,23,,,,-,,FK Oleksandria,18303,"Aug 26, 1992",,Main position:Keeper,Dmytro Rudyk,,"1,85 m","Jul 1, 2012",,Рудик Дмитро Петрович,,Ukraine,,,,,Goalkeeper,"Aug 26, 1992 (23)",296659,,
Stanislav Kulish,,,27,,,,30.06.2017,UDSSR,FK Oleksandria,18303,"Feb 8, 1989",,Main position:Centre Forward,Stanislav Kulish,,"1,82 m","Jan 14, 2016",,Куліш Станіслав Костянтинович,,Ukraine,,Dnipropetrovsk,,,Striker - Centre Forward,"Feb 8, 1989 (27)",296781,,
Yaroslav Kvasov,,,24,,,,-,,Zorya Lugansk,10690,"Mar 5, 1992",,Main position:Centre Forward,Yaroslav Kvasov,both,"1,84 m","Jan 1, 2016",,Квасов Ярослав Ігорович,,Ukraine,,,,,Striker - Centre Forward,"Mar 5, 1992 (24)",313753,,
Artur Danielyan,Stal Dniprodzerzhynsk (#51),16247.0,18,,,,-,,Stal Dniprodzerzhynsk II,49854,"Feb 9, 1998",,Main position:Centre Back,Artur Danielyan,right,"1,78 m","Jul 1, 2015",2/0,Danielyan Artur Gegamovych,25724.0,Armenia   Ukraine,,,,,Defence - Centre Back,"Feb 9, 1998 (18)",328733,,
Oleksandr Guskov,,,22,,,,-,,FK Oleksandria,18303,"Jan 22, 1994",,Main position:Right Midfield Side position: Left Midfield,Oleksandr Guskov,,"1,75 m",-,,Гуськов Олександр Володимирович,,Ukraine,,,,,Midfield - Right Midfield,"Jan 22, 1994 (22)",332137,,
Orest Kuzyk,,,21,,,30.06.2020,30.06.2016,,Goverla Uzhgorod,6996,"May 17, 1995",,Main position:Left Wing Side position: Right Wing Centre Forward,Orest Kuzyk,,"1,74 m","Jul 17, 2015",2/0,Кузик Орест Тарасович,28381.0,Ukraine,,,Anton Astafiev,3275.0,Striker - Left Wing,"May 17, 1995 (21)",353252,Dynamo Kyiv II,21218.0
Mykhaylo Ryashko,,,20,,,,-,Ukraine,Goverla Uzhgorod,6996,"May 11, 1996",,Main position:Centre Back Side position: Right-Back,Mykhaylo Ryashko,right,"1,92 m","Jul 17, 2015",,Ряшко Михайло Вікторович,,Ukraine,,"Mukacheve, Zakarpattia Region",,,Defence - Centre Back,"May 11, 1996 (20)",355130,,
Gabriel Okechukwu,,,20,,,,-,,Karpaty Lviv,2477,"Aug 26, 1995",,Main position:Right Wing Side position: Centre Forward Left Wing,Gabriel Okechukwu,,,"Feb 1, 2016",2/0,,22981.0,Nigeria,,,,,Striker - Right Wing,"Aug 26, 1995 (20)",371319,,
Viktor Gei,,,20,,,,-,,Goverla Uzhgorod,6996,"Feb 2, 1996",,,Viktor Gei,,"1,68 m","Jul 1, 2015",,Гей Віктор Вікторович,,Ukraine,,,,,Midfield,"Feb 2, 1996 (20)",382527,,
Yaroslav Deda,Volyn Lutsk (#59),4482.0,17,,,,-,,Volyn Lutsk II,19742,"May 28, 1999",,Main position:Centre Forward Side position: Left Wing Right Wing,Yaroslav Deda,,"1,70 m",-,7/2,Деда Ярослав Мирославович,23313.0,Ukraine,,,,,Striker - Centre Forward,"May 28, 1999 (17)",383211,,
Ilya Kornev,,,19,,,,-,,Metalist Kharkiv,6414,"Nov 1, 1996",,Main position:Centre Forward,Ilya Kornev,,"1,83 m","Jan 31, 2016",,Корнєв Ілля Віталійович,,Ukraine,,,No agent,96.0,Striker - Centre Forward,"Nov 1, 1996 (19)",383623,,
Mykola Kvasny,,,21,,,,-,,Vorskla Poltava,2740,"Jan 4, 1995",,Main position:Centre Back,Mykola Kvasny,right,"1,80 m","Jul 1, 2015",,,,Ukraine,,,,,Defence - Centre Back,"Jan 4, 1995 (21)",398675,,
Kyrylo Demidov,,,19,,,,-,,Metalist Kharkiv,6414,"Aug 18, 1996",,Main position:Centre Forward,Kyrylo Demidov,,"1,81 m","Feb 17, 2016",,Демідов Кирило Олександрович,,Ukraine,,,,,Striker - Centre Forward,"Aug 18, 1996 (19)",410184,,
Oleksandr Chepelyuk,,,18,,,,-,Ukraine,Volyn Lutsk,4482,"Sep 5, 1997",,Main position:Central Midfield Side position: Right Midfield Left Midfield,Oleksandr Chepelyuk,,"1,83 m","Jan 1, 2016",,Чепелюк Олександр Ігорович,,Ukraine,,Lutsk,,,Midfield - Central Midfield,"Sep 5, 1997 (18)",410213,,
Mateus,,,24,Mateus Mendes Ferreira Pires,,,-,Brazil,Chornomorets Odessa,6992,"Jan 22, 1992",,Main position:Left-Back Side position: Right-Back,Mateus,left,"1,83 m","Feb 13, 2016",,,,Brazil,,Rio Claro,,,Defence - Left-Back,"Jan 22, 1992 (24)",415859,,
Sílvio,,,22,Sílvio Rodrigues Pereira Júnior,,,-,Brazil,Chornomorets Odessa,6992,"May 4, 1994",,Main position:Right Wing Side position: Centre Forward,Sílvio,right,"1,79 m","Feb 13, 2016",,,,Brazil,,Ribeirão Preto,,,Striker - Right Wing,"May 4, 1994 (22)",415860,,
Arkadiy Tumanyan,,,18,,,,30.06.2017,Ukraine,Chornomorets Odessa,6992,"Jan 23, 1998",,Main position:Right Wing Side position: Left Wing,Arkadiy Tumanyan,left,"1,70 m","Jan 28, 2016",,Туманян Аркадій Давидович,,Ukraine   Armenia,Nike,Kharkiv,Relatives,1207.0,Midfield - Right Wing,"Jan 23, 1998 (18)",419545,,
Artem Dudik,Volyn Lutsk II (#69),19742.0,19,,,,-,,Volyn Lutsk,4482,"Jan 2, 1997",,Main position:Right Wing Side position: Secondary Striker Left Wing,Artem Dudik,,"1,73 m","Mar 1, 2016",,Дудік Артем Ростиславович,,Ukraine,,,,,Striker - Right Wing,"Jan 2, 1997 (19)",425707,,
Yuri Romanyuk,,,19,,,,-,,Volyn Lutsk,4482,"May 6, 1997",,Main position:Defensive Midfield,Yuri Romanyuk,,"1,76 m","Jan 1, 2016",,Романюк Юрій Іванович,,Ukraine,,,,,Midfield - Defensive Midfield,"May 6, 1997 (19)",428380,,
Andriy Cherepko,,,19,,,,-,,Goverla Uzhgorod,6996,"Jan 17, 1997",,Main position:Keeper,Andriy Cherepko,,"1,85 m",-,,Черепко Андрій Васильович,,Ukraine,,,,,Goalkeeper,"Jan 17, 1997 (19)",430152,,
Oleksiy Khomenko,,,21,,,,-,,Goverla Uzhgorod,6996,"Aug 28, 1994",,,Oleksiy Khomenko,,"1,76 m",-,,Хоменко Олексій Володимирович,,Ukraine,,,,,Midfield,"Aug 28, 1994 (21)",430153,,
Evgen Dobrovolsky,,,21,,,,-,,Goverla Uzhgorod,6996,"Feb 10, 1995",,,Evgen Dobrovolsky,,"1,81 m",-,,Добровольський Євген Станіславович,,Ukraine,,,,,Midfield,"Feb 10, 1995 (21)",430154,,
